{
"type": "FeatureCollection",
"name": "sa1_2021",
"crs": { "type": "name", "properties": { "name": "urn:ogc:def:crs:EPSG::7844" } },
"features": [
{ "type": "Feature", "properties": { "sa1_2021": "30103101702", "sa2_2021": "301031017", "sa2_2021_name": "Murarrie", "sa1_2021_short": 3101702 }, "geometry": { "type": "MultiPolygon", "coordinates": [ [ [ [ 153.095735067942485, -27.459475431979211 ], [ 153.095684047947344, -27.459480221974118 ], [ 153.095352037978955, -27.459511431940939 ], [ 153.093680048134019, -27.459702441774162 ], [ 153.09358484814274, -27.459714341764663 ], [ 153.093484038152155, -27.459725461754608 ], [ 153.092675018226061, -27.459826451673983 ], [ 153.091856028303994, -27.459904441592172 ], [ 153.091337038349508, -27.459984461540568 ], [ 153.091095008377351, -27.459969451516098 ], [ 153.090433008461332, -27.459866461448662 ], [ 153.090597178556408, -27.458975481458133 ], [ 153.090819978660534, -27.457963421472549 ], [ 153.09254905853831, -27.457464481642624 ], [ 153.093899078424329, -27.457221461776587 ], [ 153.094508188371833, -27.457120491837088 ], [ 153.09522891830585, -27.457031491908939 ], [ 153.095593048268086, -27.457021461945498 ], [ 153.096339868190483, -27.457002402020521 ], [ 153.097739898042079, -27.456989452161356 ], [ 153.098558197968146, -27.456880452242864 ], [ 153.09816903775976, -27.458857452219323 ], [ 153.097983977661073, -27.45979448220811 ], [ 153.097883017598633, -27.460373452202532 ], [ 153.097827537564172, -27.460692732199469 ], [ 153.097670077467484, -27.461590422190721 ], [ 153.097244197515181, -27.461574422147716 ], [ 153.096804987558215, -27.461606442103758 ], [ 153.096733017603356, -27.461310442094181 ], [ 153.096655957634908, -27.461126482084968 ], [ 153.096531017671055, -27.460946472070969 ], [ 153.096424117698433, -27.460820492059209 ], [ 153.096358957714159, -27.460751452052094 ], [ 153.096209897748764, -27.460604482035929 ], [ 153.095996077789152, -27.460466422013322 ], [ 153.095710937834355, -27.460350401983703 ], [ 153.095502857863238, -27.460298471962346 ], [ 153.095735067942485, -27.459475431979211 ] ] ] ] } },
{ "type": "Feature", "properties": { "sa1_2021": "30103101703", "sa2_2021": "301031017", "sa2_2021_name": "Murarrie", "sa1_2021_short": 3101703 }, "geometry": { "type": "MultiPolygon", "coordinates": [ [ [ [ 153.092675018226061, -27.459826451673983 ], [ 153.093484038152155, -27.459725461754608 ], [ 153.09358484814274, -27.459714341764663 ], [ 153.093680048134019, -27.459702441774162 ], [ 153.095352037978955, -27.459511431940939 ], [ 153.095684047947344, -27.459480221974118 ], [ 153.095735067942485, -27.459475431979211 ], [ 153.095502857863238, -27.460298471962346 ], [ 153.095710937834355, -27.460350401983703 ], [ 153.095996077789152, -27.460466422013322 ], [ 153.096209897748764, -27.460604482035929 ], [ 153.096358957714159, -27.460751452052094 ], [ 153.096424117698433, -27.460820492059209 ], [ 153.096531017671055, -27.460946472070969 ], [ 153.096655957634908, -27.461126482084968 ], [ 153.096733017603356, -27.461310442094181 ], [ 153.096804987558215, -27.461606442103758 ], [ 153.095972537636328, -27.461694342020657 ], [ 153.095980057625269, -27.461775462022064 ], [ 153.095857017632454, -27.461822752010047 ], [ 153.095268847689482, -27.461870331951229 ], [ 153.094998497720582, -27.461853681923873 ], [ 153.09432747778564, -27.461907961856763 ], [ 153.094225867795103, -27.461919331846634 ], [ 153.094236007804227, -27.461838471847017 ], [ 153.093560027870865, -27.461884441779333 ], [ 153.093465457880313, -27.461890251769866 ], [ 153.092284027995419, -27.461981461651682 ], [ 153.091970928023784, -27.462022431620493 ], [ 153.09174013803235, -27.462150421598274 ], [ 153.091559098029023, -27.462330401581475 ], [ 153.091479128013304, -27.462522471574946 ], [ 153.091450007988726, -27.462741441573744 ], [ 153.091336048000926, -27.46274146156227 ], [ 153.090566708084054, -27.462736291484813 ], [ 153.089905978155343, -27.462732431418289 ], [ 153.090269048365599, -27.460762451439244 ], [ 153.090433008461332, -27.459866461448662 ], [ 153.091095008377351, -27.459969451516098 ], [ 153.091337038349508, -27.459984461540568 ], [ 153.091856028303994, -27.459904441592172 ], [ 153.092675018226061, -27.459826451673983 ] ] ] ] } },
{ "type": "Feature", "properties": { "sa1_2021": "30103101704", "sa2_2021": "301031017", "sa2_2021_name": "Murarrie", "sa1_2021_short": 3101704 }, "geometry": { "type": "MultiPolygon", "coordinates": [ [ [ [ 153.093465457880313, -27.461890251769866 ], [ 153.093560027870865, -27.461884441779333 ], [ 153.094236007804227, -27.461838471847017 ], [ 153.094225867795103, -27.461919331846634 ], [ 153.09432747778564, -27.461907961856763 ], [ 153.094998497720582, -27.461853681923873 ], [ 153.095268847689482, -27.461870331951229 ], [ 153.095857017632454, -27.461822752010047 ], [ 153.095980057625269, -27.461775462022064 ], [ 153.095972537636328, -27.461694342020657 ], [ 153.096804987558215, -27.461606442103758 ], [ 153.097244197515181, -27.461574422147716 ], [ 153.097670077467484, -27.461590422190721 ], [ 153.097514187371871, -27.462478462182045 ], [ 153.09742997732053, -27.462955462177344 ], [ 153.097339317276862, -27.463377762171572 ], [ 153.097149147185178, -27.464263432159417 ], [ 153.096786007234499, -27.464181462122216 ], [ 153.096252057301598, -27.464103442067856 ], [ 153.096156637313413, -27.46409066205814 ], [ 153.096054037327008, -27.464070462047658 ], [ 153.095135007447311, -27.463898451953785 ], [ 153.095039197445175, -27.463996501944912 ], [ 153.094977987444878, -27.464050501939177 ], [ 153.094836147454913, -27.46409144192523 ], [ 153.094700067468381, -27.464100451911598 ], [ 153.094467167496219, -27.464077491887977 ], [ 153.093063887672741, -27.463871471745112 ], [ 153.092995117721358, -27.463545411735613 ], [ 153.092298297810174, -27.463433931664607 ], [ 153.092099047835546, -27.463402051644291 ], [ 153.092014037846411, -27.463388461635624 ], [ 153.091826027876266, -27.463311461616097 ], [ 153.091660057908626, -27.463196441598484 ], [ 153.091515007947692, -27.463010451582416 ], [ 153.091450007988726, -27.462741441573744 ], [ 153.091479128013304, -27.462522471574946 ], [ 153.091559098029023, -27.462330401581475 ], [ 153.09174013803235, -27.462150421598274 ], [ 153.091970928023784, -27.462022431620493 ], [ 153.092284027995419, -27.461981461651682 ], [ 153.093465457880313, -27.461890251769866 ] ] ] ] } },
{ "type": "Feature", "properties": { "sa1_2021": "30103101705", "sa2_2021": "301031017", "sa2_2021_name": "Murarrie", "sa1_2021_short": 3101705 }, "geometry": { "type": "MultiPolygon", "coordinates": [ [ [ [ 153.090566708084054, -27.462736291484813 ], [ 153.091336048000926, -27.46274146156227 ], [ 153.091450007988726, -27.462741441573744 ], [ 153.091515007947692, -27.463010451582416 ], [ 153.091660057908626, -27.463196441598484 ], [ 153.091826027876266, -27.463311461616097 ], [ 153.092014037846411, -27.463388461635624 ], [ 153.092099047835546, -27.463402051644291 ], [ 153.092298297810174, -27.463433931664607 ], [ 153.092995117721358, -27.463545411735613 ], [ 153.093063887672741, -27.463871471745112 ], [ 153.094467167496219, -27.464077491887977 ], [ 153.094700067468381, -27.464100451911598 ], [ 153.094836147454913, -27.46409144192523 ], [ 153.094977987444878, -27.464050501939177 ], [ 153.095039197445175, -27.463996501944912 ], [ 153.095135007447311, -27.463898451953785 ], [ 153.096054037327008, -27.464070462047658 ], [ 153.096156637313413, -27.46409066205814 ], [ 153.096252057301598, -27.464103442067856 ], [ 153.096786007234499, -27.464181462122216 ], [ 153.097149147185178, -27.464263432159417 ], [ 153.096973077091462, -27.465153322148726 ], [ 153.096794916996714, -27.466053442137916 ], [ 153.096689866930802, -27.466663252132165 ], [ 153.096392066968775, -27.466615482101815 ], [ 153.096278036984558, -27.466587462090107 ], [ 153.094580027220502, -27.466161461915817 ], [ 153.094307767258329, -27.466093161887876 ], [ 153.093978727304062, -27.46601074185411 ], [ 153.092835977462812, -27.465724491736825 ], [ 153.091937057587785, -27.465498421644568 ], [ 153.09149102764988, -27.465385461598792 ], [ 153.09101276771122, -27.465306001550026 ], [ 153.091044267732286, -27.465112581551672 ], [ 153.090826727860417, -27.464283761523216 ], [ 153.090097748008617, -27.463730221445473 ], [ 153.089862108038147, -27.463696521421497 ], [ 153.089743958060183, -27.463622441409015 ], [ 153.089905978155343, -27.462732431418289 ], [ 153.090566708084054, -27.462736291484813 ] ] ] ] } },
{ "type": "Feature", "properties": { "sa1_2021": "30301104701", "sa2_2021": "303011047", "sa2_2021_name": "Camp Hill", "sa1_2021_short": 3104701 }, "geometry": { "type": "MultiPolygon", "coordinates": [ [ [ [ 153.074151995827009, -27.494507470084582 ], [ 153.074553016018683, -27.492651400110244 ], [ 153.074810855982292, -27.492720260136718 ], [ 153.075519975882088, -27.492910420209544 ], [ 153.07652186575595, -27.493057500311487 ], [ 153.077201895671408, -27.493148480380594 ], [ 153.077178865636057, -27.493447460380644 ], [ 153.076850185482755, -27.49493849035937 ], [ 153.076768095424683, -27.495467420355304 ], [ 153.076507115303059, -27.496650470338398 ], [ 153.076165115133989, -27.498277490316852 ], [ 153.075469975227378, -27.498129440245766 ], [ 153.07446808535596, -27.497963480143689 ], [ 153.073458965485372, -27.49779744004088 ], [ 153.073790935649782, -27.496215410061762 ], [ 153.074151995827009, -27.494507470084582 ] ] ] ] } },
{ "type": "Feature", "properties": { "sa1_2021": "30301104702", "sa2_2021": "303011047", "sa2_2021_name": "Camp Hill", "sa1_2021_short": 3104702 }, "geometry": { "type": "MultiPolygon", "coordinates": [ [ [ [ 153.068241876053264, -27.497737499515775 ], [ 153.067828956121474, -27.497548479472758 ], [ 153.068307026149682, -27.496919479515856 ], [ 153.068766016098976, -27.496930449562097 ], [ 153.069685085980581, -27.497086429655742 ], [ 153.070607075863222, -27.49723140974961 ], [ 153.07150815574002, -27.497440499841879 ], [ 153.07246215561301, -27.49763442993935 ], [ 153.072917195554908, -27.497707439985685 ], [ 153.073458965485372, -27.49779744004088 ], [ 153.07446808535596, -27.497963480143689 ], [ 153.075469975227378, -27.498129440245766 ], [ 153.076165115133989, -27.498277490316852 ], [ 153.076160075117087, -27.498415470317433 ], [ 153.076026155051522, -27.499047450308961 ], [ 153.075810844956521, -27.499981460294684 ], [ 153.072585995375732, -27.499405459965796 ], [ 153.072320825409633, -27.499362519938789 ], [ 153.068155115943426, -27.498679429514503 ], [ 153.068241876053264, -27.497737499515775 ] ] ] ] } },
{ "type": "Feature", "properties": { "sa1_2021": "30301104703", "sa2_2021": "303011047", "sa2_2021_name": "Camp Hill", "sa1_2021_short": 3104703 }, "geometry": { "type": "MultiPolygon", "coordinates": [ [ [ [ 153.068308086827955, -27.49155447947356 ], [ 153.068357076824554, -27.491539459478364 ], [ 153.068524096814713, -27.491475469494649 ], [ 153.069023086780732, -27.491320499543605 ], [ 153.069245886766453, -27.491244439565403 ], [ 153.069432036751493, -27.491204479583814 ], [ 153.069703116721371, -27.491212489611133 ], [ 153.070265076644461, -27.491343439668679 ], [ 153.070639126592823, -27.491434439707003 ], [ 153.071075076531088, -27.491552409751787 ], [ 153.071478986468748, -27.491702449793582 ], [ 153.071599956450598, -27.491743499806066 ], [ 153.071129066191844, -27.494189419778049 ], [ 153.071208236182571, -27.494195339786067 ], [ 153.071186446171964, -27.494297829784681 ], [ 153.071090926129216, -27.494716999778387 ], [ 153.071054936122067, -27.494804029775459 ], [ 153.070848996096316, -27.495182759757739 ], [ 153.070791696094204, -27.495248029752496 ], [ 153.070167876214128, -27.494829409686457 ], [ 153.069338046372394, -27.494282479598684 ], [ 153.068906066459022, -27.493964419552729 ], [ 153.068401016512723, -27.493968469501983 ], [ 153.068035946551163, -27.493974409465327 ], [ 153.067575896600175, -27.493977469419082 ], [ 153.067167246640508, -27.494005769378219 ], [ 153.066886126934037, -27.491922859333503 ], [ 153.066874226943128, -27.491860789331803 ], [ 153.067575136879185, -27.491771489401575 ], [ 153.067731026867904, -27.491728459416908 ], [ 153.068308086827955, -27.49155447947356 ] ] ] ] } },
{ "type": "Feature", "properties": { "sa1_2021": "30301104704", "sa2_2021": "303011047", "sa2_2021_name": "Camp Hill", "sa1_2021_short": 3104704 }, "geometry": { "type": "MultiPolygon", "coordinates": [ [ [ [ 153.071208236182571, -27.494195339786067 ], [ 153.071129066191844, -27.494189419778049 ], [ 153.071599956450598, -27.491743499806066 ], [ 153.071937976396725, -27.491882449841171 ], [ 153.072341886321624, -27.492133459883767 ], [ 153.072530916284876, -27.492263419903814 ], [ 153.072804126233279, -27.492439469932673 ], [ 153.072934136210591, -27.492508489946296 ], [ 153.073074846188035, -27.492567429960921 ], [ 153.073232196169073, -27.492583449976866 ], [ 153.073506856137868, -27.492597400004598 ], [ 153.074006026081861, -27.492616460054961 ], [ 153.074145866066175, -27.492621430069054 ], [ 153.074553016018683, -27.492651400110244 ], [ 153.074151995827009, -27.494507470084582 ], [ 153.073790935649782, -27.496215410061762 ], [ 153.072791165777261, -27.496056479959968 ], [ 153.071833955899393, -27.495903459862497 ], [ 153.071882165945453, -27.495498459864134 ], [ 153.070968136060287, -27.495366449771176 ], [ 153.070791696094204, -27.495248029752496 ], [ 153.070848996096316, -27.495182759757739 ], [ 153.071054936122067, -27.494804029775459 ], [ 153.071090926129216, -27.494716999778387 ], [ 153.071186446171964, -27.494297829784681 ], [ 153.071208236182571, -27.494195339786067 ] ] ] ] } },
{ "type": "Feature", "properties": { "sa1_2021": "30301104705", "sa2_2021": "303011047", "sa2_2021_name": "Camp Hill", "sa1_2021_short": 3104705 }, "geometry": { "type": "MultiPolygon", "coordinates": [ [ [ [ 153.06550503668376, -27.49507545921956 ], [ 153.065889996671984, -27.494841469256411 ], [ 153.06525314696276, -27.493082419178482 ], [ 153.065600186932443, -27.493027439212931 ], [ 153.06512499710422, -27.492072449157604 ], [ 153.065484997070854, -27.492030409193468 ], [ 153.066382126988088, -27.491923479282825 ], [ 153.066874226943128, -27.491860789331803 ], [ 153.066886126934037, -27.491922859333503 ], [ 153.067167246640508, -27.494005769378219 ], [ 153.067575896600175, -27.493977469419082 ], [ 153.068035946551163, -27.493974409465327 ], [ 153.068401016512723, -27.493968469501983 ], [ 153.068906066459022, -27.493964419552729 ], [ 153.069338046372394, -27.494282479598684 ], [ 153.069171026297653, -27.49501544958768 ], [ 153.068766016098976, -27.496930449562097 ], [ 153.068307026149682, -27.496919479515856 ], [ 153.067828956121474, -27.497548479472758 ], [ 153.067542426165659, -27.497442589443114 ], [ 153.066990146250788, -27.497238439385971 ], [ 153.066712896313504, -27.496977719356032 ], [ 153.06646761636901, -27.496747049329549 ], [ 153.066185216432956, -27.496481459299051 ], [ 153.065796016524331, -27.496089439256821 ], [ 153.065400026617141, -27.495691429213856 ], [ 153.064839426704395, -27.495477539155807 ], [ 153.064916766701998, -27.495430699163222 ], [ 153.06550503668376, -27.49507545921956 ] ] ] ] } },
{ "type": "Feature", "properties": { "sa1_2021": "30301104706", "sa2_2021": "303011047", "sa2_2021_name": "Camp Hill", "sa1_2021_short": 3104706 }, "geometry": { "type": "MultiPolygon", "coordinates": [ [ [ [ 153.075286043867749, -27.509034060313436 ], [ 153.075267174005916, -27.507957600303044 ], [ 153.075221044358017, -27.505213460276714 ], [ 153.075213124519422, -27.503944210265896 ], [ 153.075410544497885, -27.503946950285769 ], [ 153.078829654065203, -27.504463710633775 ], [ 153.08062994383684, -27.504740030817054 ], [ 153.080709323826852, -27.504751770825131 ], [ 153.084686913325442, -27.505337461229939 ], [ 153.086756423064571, -27.505642181440589 ], [ 153.086855193050724, -27.505667581450719 ], [ 153.086771063002061, -27.50612342144586 ], [ 153.086556952880073, -27.507268961433358 ], [ 153.086514032864528, -27.507428451430314 ], [ 153.085638872864763, -27.508169481348101 ], [ 153.085565062852368, -27.508330011341943 ], [ 153.085170022783018, -27.509213461309184 ], [ 153.084570042809617, -27.509512451251176 ], [ 153.082331163001584, -27.509896491028947 ], [ 153.081053193054004, -27.510567430905681 ], [ 153.08030114304762, -27.511256480835474 ], [ 153.079544023040711, -27.511954450764822 ], [ 153.079445042953495, -27.512727460760974 ], [ 153.079047002938069, -27.513187460724563 ], [ 153.077406043125421, -27.513100490558816 ], [ 153.075813033228656, -27.513637450402829 ], [ 153.075693023236369, -27.513678450391083 ], [ 153.075099893287842, -27.513775500332187 ], [ 153.074625033346564, -27.513714450283953 ], [ 153.074839943351378, -27.51349443030383 ], [ 153.075026023368281, -27.513202440320239 ], [ 153.075226953399465, -27.512785490337155 ], [ 153.075290023427385, -27.512511450341325 ], [ 153.075337113494243, -27.511942460341562 ], [ 153.075286043867749, -27.509034060313436 ] ] ] ] } },
{ "type": "Feature", "properties": { "sa1_2021": "30301104707", "sa2_2021": "303011047", "sa2_2021_name": "Camp Hill", "sa1_2021_short": 3104707 }, "geometry": { "type": "MultiPolygon", "coordinates": [ [ [ [ 153.078732996188876, -27.487757490491994 ], [ 153.078580026292713, -27.487066460471148 ], [ 153.078572036308458, -27.486948450469406 ], [ 153.07849501631955, -27.486926450461485 ], [ 153.078532136334701, -27.486775290464021 ], [ 153.078710046307719, -27.486837450482422 ], [ 153.079398976223672, -27.486917420552352 ], [ 153.080761966052535, -27.487113450691012 ], [ 153.08117813600083, -27.487169430733317 ], [ 153.081787935924723, -27.487253470795334 ], [ 153.083169975751957, -27.487446450935906 ], [ 153.083028135664847, -27.488255450928026 ], [ 153.082993975657132, -27.488345460925299 ], [ 153.082843115557466, -27.489261460917362 ], [ 153.080850145807318, -27.488977430714616 ], [ 153.07897094604283, -27.488710500523467 ], [ 153.078732996188876, -27.487757490491994 ] ] ] ] } },
{ "type": "Feature", "properties": { "sa1_2021": "30301104708", "sa2_2021": "303011047", "sa2_2021_name": "Camp Hill", "sa1_2021_short": 3104708 }, "geometry": { "type": "MultiPolygon", "coordinates": [ [ [ [ 153.070607075863222, -27.49723140974961 ], [ 153.069685085980581, -27.497086429655742 ], [ 153.068766016098976, -27.496930449562097 ], [ 153.069171026297653, -27.49501544958768 ], [ 153.069338046372394, -27.494282479598684 ], [ 153.070167876214128, -27.494829409686457 ], [ 153.070791696094204, -27.495248029752496 ], [ 153.070968136060287, -27.495366449771176 ], [ 153.071882165945453, -27.495498459864134 ], [ 153.071833955899393, -27.495903459862497 ], [ 153.072791165777261, -27.496056479959968 ], [ 153.073790935649782, -27.496215410061762 ], [ 153.073458965485372, -27.49779744004088 ], [ 153.072917195554908, -27.497707439985685 ], [ 153.07246215561301, -27.49763442993935 ], [ 153.07150815574002, -27.497440499841879 ], [ 153.070607075863222, -27.49723140974961 ] ] ] ] } },
{ "type": "Feature", "properties": { "sa1_2021": "30301104709", "sa2_2021": "303011047", "sa2_2021_name": "Camp Hill", "sa1_2021_short": 3104709 }, "geometry": { "type": "MultiPolygon", "coordinates": [ [ [ [ 153.08735787581449, -27.483399411325284 ], [ 153.08722107571856, -27.484273491318437 ], [ 153.087141175664641, -27.484767411314291 ], [ 153.08707489562093, -27.485169451310799 ], [ 153.086679965669504, -27.48512048127068 ], [ 153.086532025572012, -27.486016431262868 ], [ 153.082083156123616, -27.485430450810629 ], [ 153.081476926197297, -27.485362500749108 ], [ 153.081762026391687, -27.483583460763708 ], [ 153.081470066510178, -27.482894410728889 ], [ 153.081511126542466, -27.482604440730732 ], [ 153.082234006509537, -27.482251460800676 ], [ 153.082433916493329, -27.482209860820451 ], [ 153.083267176425863, -27.482036460902911 ], [ 153.083338646408691, -27.482111490910693 ], [ 153.083414996407726, -27.482054460917929 ], [ 153.084358996286682, -27.482210451014137 ], [ 153.084403016315974, -27.48194146101644 ], [ 153.084489046375069, -27.481401441020829 ], [ 153.084533036404366, -27.481132451023122 ], [ 153.084544316418743, -27.481009451023294 ], [ 153.085727096271825, -27.481167421143542 ], [ 153.087668166024173, -27.481478461341325 ], [ 153.08735787581449, -27.483399411325284 ] ] ] ] } },
{ "type": "Feature", "properties": { "sa1_2021": "30301104710", "sa2_2021": "303011047", "sa2_2021_name": "Camp Hill", "sa1_2021_short": 3104710 }, "geometry": { "type": "MultiPolygon", "coordinates": [ [ [ [ 153.082083156123616, -27.485430450810629 ], [ 153.086532025572012, -27.486016431262868 ], [ 153.086381205473828, -27.486920471254845 ], [ 153.086805995421628, -27.486972401297997 ], [ 153.086750555362926, -27.487483891296463 ], [ 153.086701025310106, -27.487943451295113 ], [ 153.085118015508215, -27.487720451134066 ], [ 153.084366995602124, -27.487615461057672 ], [ 153.083169975751957, -27.487446450935906 ], [ 153.081787935924723, -27.487253470795334 ], [ 153.08117813600083, -27.487169430733317 ], [ 153.080761966052535, -27.487113450691012 ], [ 153.079398976223672, -27.486917420552352 ], [ 153.079491876242997, -27.486685490559868 ], [ 153.079566036254533, -27.486531420566102 ], [ 153.079650976258193, -27.486430430573847 ], [ 153.079766166257826, -27.48633549058469 ], [ 153.079910196254872, -27.486236470598392 ], [ 153.080058866247811, -27.486166470612797 ], [ 153.080241036232934, -27.486129470630829 ], [ 153.080394046217123, -27.48612444064619 ], [ 153.080907016155265, -27.486178440698215 ], [ 153.081155066227183, -27.485399480717014 ], [ 153.081476926197297, -27.485362500749108 ], [ 153.082083156123616, -27.485430450810629 ] ] ] ] } },
{ "type": "Feature", "properties": { "sa1_2021": "30301104711", "sa2_2021": "303011047", "sa2_2021_name": "Camp Hill", "sa1_2021_short": 3104711 }, "geometry": { "type": "MultiPolygon", "coordinates": [ [ [ [ 153.07897094604283, -27.488710500523467 ], [ 153.080850145807318, -27.488977430714616 ], [ 153.082843115557466, -27.489261460917362 ], [ 153.082680035460839, -27.490163450908085 ], [ 153.082169185157284, -27.492996470879088 ], [ 153.082164875139966, -27.493137420879769 ], [ 153.081133825249935, -27.493142760776081 ], [ 153.080621185304665, -27.493145430724528 ], [ 153.080088025361306, -27.493150460670929 ], [ 153.079568925417021, -27.493150460618711 ], [ 153.078236895559513, -27.49315442048476 ], [ 153.077201895671408, -27.493148480380594 ], [ 153.077232155682339, -27.493036430382762 ], [ 153.077393045795588, -27.492004500390788 ], [ 153.077574165888365, -27.491117460401991 ], [ 153.077755925981592, -27.490225460413221 ], [ 153.077939166075168, -27.489330410424568 ], [ 153.07812206616822, -27.488439420435938 ], [ 153.078343106275668, -27.487402440449969 ], [ 153.07849501631955, -27.486926450461485 ], [ 153.078572036308458, -27.486948450469406 ], [ 153.078580026292713, -27.487066460471148 ], [ 153.078732996188876, -27.487757490491994 ], [ 153.07897094604283, -27.488710500523467 ] ] ] ] } },
{ "type": "Feature", "properties": { "sa1_2021": "30301104712", "sa2_2021": "303011047", "sa2_2021_name": "Camp Hill", "sa1_2021_short": 3104712 }, "geometry": { "type": "MultiPolygon", "coordinates": [ [ [ [ 153.083028135664847, -27.488255450928026 ], [ 153.083169975751957, -27.487446450935906 ], [ 153.084366995602124, -27.487615461057672 ], [ 153.085118015508215, -27.487720451134066 ], [ 153.086701025310106, -27.487943451295113 ], [ 153.086525205182085, -27.489104421286598 ], [ 153.086190025015071, -27.490708501265551 ], [ 153.086150054964747, -27.49114049126494 ], [ 153.085994924866384, -27.492049491256523 ], [ 153.085927954837388, -27.492335421252047 ], [ 153.085797974762386, -27.493038411244523 ], [ 153.085584124636142, -27.49421741123232 ], [ 153.085499914626013, -27.494369431225056 ], [ 153.085372094625285, -27.494483461213093 ], [ 153.085286064648955, -27.494369431203538 ], [ 153.08488901475485, -27.49386946115964 ], [ 153.08464888480836, -27.493650401133738 ], [ 153.084400094859461, -27.493457451107179 ], [ 153.084172924900571, -27.49332541108328 ], [ 153.08364914497983, -27.493143451029141 ], [ 153.083420215006925, -27.493123471005955 ], [ 153.082164875139966, -27.493137420879769 ], [ 153.082169185157284, -27.492996470879088 ], [ 153.082680035460839, -27.490163450908085 ], [ 153.082843115557466, -27.489261460917362 ], [ 153.082993975657132, -27.488345460925299 ], [ 153.083028135664847, -27.488255450928026 ] ] ] ] } },
{ "type": "Feature", "properties": { "sa1_2021": "30301104713", "sa2_2021": "303011047", "sa2_2021_name": "Camp Hill", "sa1_2021_short": 3104713 }, "geometry": { "type": "MultiPolygon", "coordinates": [ [ [ [ 153.072735026391257, -27.491248489916309 ], [ 153.072846976449227, -27.490695439923204 ], [ 153.072915006483896, -27.490363439927417 ], [ 153.073093966576721, -27.489477469938418 ], [ 153.075401206282237, -27.489847450173389 ], [ 153.077755925981592, -27.490225460413221 ], [ 153.077574165888365, -27.491117460401991 ], [ 153.077393045795588, -27.492004500390788 ], [ 153.077232155682339, -27.493036430382762 ], [ 153.077201895671408, -27.493148480380594 ], [ 153.07652186575595, -27.493057500311487 ], [ 153.075519975882088, -27.492910420209544 ], [ 153.074810855982292, -27.492720260136718 ], [ 153.074553016018683, -27.492651400110244 ], [ 153.074145866066175, -27.492621430069054 ], [ 153.074006026081861, -27.492616460054961 ], [ 153.073506856137868, -27.492597400004598 ], [ 153.073232196169073, -27.492583449976866 ], [ 153.073074846188035, -27.492567429960921 ], [ 153.072934136210591, -27.492508489946296 ], [ 153.072804126233279, -27.492439469932673 ], [ 153.072530916284876, -27.492263419903814 ], [ 153.072553946293141, -27.492178449905452 ], [ 153.072647026343731, -27.491699449911025 ], [ 153.072735026391257, -27.491248489916309 ] ] ] ] } },
{ "type": "Feature", "properties": { "sa1_2021": "30301104714", "sa2_2021": "303011047", "sa2_2021_name": "Camp Hill", "sa1_2021_short": 3104714 }, "geometry": { "type": "MultiPolygon", "coordinates": [ [ [ [ 153.073399946772241, -27.487671439954916 ], [ 153.07322215680216, -27.487585719936352 ], [ 153.073238396813196, -27.487484839937185 ], [ 153.073321726856875, -27.487068809942283 ], [ 153.073092146892463, -27.486982129918502 ], [ 153.073174306935499, -27.486571899923518 ], [ 153.073190506940108, -27.486521929924763 ], [ 153.073637196880469, -27.48661447997042 ], [ 153.075585896630344, -27.486938230168963 ], [ 153.076083316566468, -27.487021020219657 ], [ 153.078343106275668, -27.487402440449969 ], [ 153.07812206616822, -27.488439420435938 ], [ 153.077939166075168, -27.489330410424568 ], [ 153.077755925981592, -27.490225460413221 ], [ 153.075401206282237, -27.489847450173389 ], [ 153.073093966576721, -27.489477469938418 ], [ 153.073250916677353, -27.488548489946854 ], [ 153.073399946772241, -27.487671439954916 ] ] ] ] } },
{ "type": "Feature", "properties": { "sa1_2021": "30301104715", "sa2_2021": "303011047", "sa2_2021_name": "Camp Hill", "sa1_2021_short": 3104715 }, "geometry": { "type": "MultiPolygon", "coordinates": [ [ [ [ 153.070784286887744, -27.4889787697022 ], [ 153.071283136888866, -27.48854641974895 ], [ 153.071413106936603, -27.488058449758153 ], [ 153.071598167029009, -27.487170409769739 ], [ 153.071697877077384, -27.48670348977609 ], [ 153.071797967126031, -27.486233419782437 ], [ 153.073190506940108, -27.486521929924763 ], [ 153.073174306935499, -27.486571899923518 ], [ 153.073092146892463, -27.486982129918502 ], [ 153.073321726856875, -27.487068809942283 ], [ 153.073238396813196, -27.487484839937185 ], [ 153.07322215680216, -27.487585719936352 ], [ 153.073399946772241, -27.487671439954916 ], [ 153.073250916677353, -27.488548489946854 ], [ 153.073093966576721, -27.489477469938418 ], [ 153.072915006483896, -27.490363439927417 ], [ 153.072846976449227, -27.490695439923204 ], [ 153.072735026391257, -27.491248489916309 ], [ 153.072647026343731, -27.491699449911025 ], [ 153.072553946293141, -27.492178449905452 ], [ 153.072530916284876, -27.492263419903814 ], [ 153.072341886321624, -27.492133459883767 ], [ 153.071937976396725, -27.491882449841171 ], [ 153.071599956450598, -27.491743499806066 ], [ 153.071478986468748, -27.491702449793582 ], [ 153.071075076531088, -27.491552409751787 ], [ 153.070639126592823, -27.491434439707003 ], [ 153.070265076644461, -27.491343439668679 ], [ 153.069703116721371, -27.491212489611133 ], [ 153.069432036751493, -27.491204479583814 ], [ 153.069245886766453, -27.491244439565403 ], [ 153.069023086780732, -27.491320499543605 ], [ 153.068524096814713, -27.491475469494649 ], [ 153.068490986831193, -27.491373409490517 ], [ 153.068653016920479, -27.490529469500135 ], [ 153.069339146832675, -27.490641429570029 ], [ 153.069733016797557, -27.490584469609175 ], [ 153.070404026711003, -27.490699489677553 ], [ 153.070482866751462, -27.490312489682427 ], [ 153.070675116843631, -27.489420419694707 ], [ 153.070746036887613, -27.489012439698612 ], [ 153.070784286887744, -27.4889787697022 ] ] ] ] } },
{ "type": "Feature", "properties": { "sa1_2021": "30301104716", "sa2_2021": "303011047", "sa2_2021_name": "Camp Hill", "sa1_2021_short": 3104716 }, "geometry": { "type": "MultiPolygon", "coordinates": [ [ [ [ 153.070746036887613, -27.489012439698612 ], [ 153.070675116843631, -27.489420419694707 ], [ 153.070482866751462, -27.490312489682427 ], [ 153.070404026711003, -27.490699489677553 ], [ 153.069733016797557, -27.490584469609175 ], [ 153.069339146832675, -27.490641429570029 ], [ 153.068653016920479, -27.490529469500135 ], [ 153.067859907022324, -27.490397459419345 ], [ 153.06751107706711, -27.490339499383818 ], [ 153.067305177095932, -27.490286479362695 ], [ 153.067349057104593, -27.490180449366264 ], [ 153.067575137194865, -27.489274429381837 ], [ 153.067759127287417, -27.488386489393321 ], [ 153.068181037235263, -27.488440489436172 ], [ 153.068313167207293, -27.488549469450319 ], [ 153.068514027307742, -27.487584399462882 ], [ 153.069396047194687, -27.487729499552721 ], [ 153.071413106936603, -27.488058449758153 ], [ 153.071283136888866, -27.48854641974895 ], [ 153.070784286887744, -27.4889787697022 ], [ 153.070746036887613, -27.489012439698612 ] ] ] ] } },
{ "type": "Feature", "properties": { "sa1_2021": "30301104717", "sa2_2021": "303011047", "sa2_2021_name": "Camp Hill", "sa1_2021_short": 3104717 }, "geometry": { "type": "MultiPolygon", "coordinates": [ [ [ [ 153.063806367792864, -27.487744888990822 ], [ 153.063524397901631, -27.487123878957576 ], [ 153.063505017957226, -27.486700438952283 ], [ 153.06525997772485, -27.487048459131465 ], [ 153.066225877601056, -27.487207479229834 ], [ 153.066924997511194, -27.487324499301053 ], [ 153.068514027307742, -27.487584399462882 ], [ 153.068313167207293, -27.488549469450319 ], [ 153.068181037235263, -27.488440489436172 ], [ 153.067759127287417, -27.488386489393321 ], [ 153.067575137194865, -27.489274429381837 ], [ 153.067349057104593, -27.490180449366264 ], [ 153.066432867224336, -27.49001143927282 ], [ 153.06523117737791, -27.489817479150449 ], [ 153.064717407414804, -27.489961869099943 ], [ 153.064249107620128, -27.488735419043188 ], [ 153.064035327704175, -27.488251859017858 ], [ 153.063806367792864, -27.487744888990822 ] ] ] ] } },
{ "type": "Feature", "properties": { "sa1_2021": "30301104718", "sa2_2021": "303011047", "sa2_2021_name": "Camp Hill", "sa1_2021_short": 3104718 }, "geometry": { "type": "MultiPolygon", "coordinates": [ [ [ [ 153.064678277388452, -27.490203649097918 ], [ 153.064717407414804, -27.489961869099943 ], [ 153.06523117737791, -27.489817479150449 ], [ 153.066432867224336, -27.49001143927282 ], [ 153.067349057104593, -27.490180449366264 ], [ 153.067305177095932, -27.490286479362695 ], [ 153.06751107706711, -27.490339499383818 ], [ 153.067859907022324, -27.490397459419345 ], [ 153.068653016920479, -27.490529469500135 ], [ 153.068490986831193, -27.491373409490517 ], [ 153.068524096814713, -27.491475469494649 ], [ 153.068357076824554, -27.491539459478364 ], [ 153.068308086827955, -27.49155447947356 ], [ 153.067731026867904, -27.491728459416908 ], [ 153.067575136879185, -27.491771489401575 ], [ 153.066874226943128, -27.491860789331803 ], [ 153.066382126988088, -27.491923479282825 ], [ 153.065484997070854, -27.492030409193468 ], [ 153.06512499710422, -27.492072449157604 ], [ 153.06440390716952, -27.492168459085867 ], [ 153.064379087186722, -27.492053449082462 ], [ 153.064432887222978, -27.491720799085254 ], [ 153.064678277388452, -27.490203649097918 ] ] ] ] } },
{ "type": "Feature", "properties": { "sa1_2021": "30301104719", "sa2_2021": "303011047", "sa2_2021_name": "Camp Hill", "sa1_2021_short": 3104719 }, "geometry": { "type": "MultiPolygon", "coordinates": [ [ [ [ 153.077750924679577, -27.500523430494113 ], [ 153.078766104552045, -27.500669420597387 ], [ 153.079756094426983, -27.500817470698141 ], [ 153.080872114282101, -27.501015480811986 ], [ 153.081620034097369, -27.501840450893738 ], [ 153.081966164018723, -27.502168450931158 ], [ 153.082753103920368, -27.502277451011196 ], [ 153.082610173846547, -27.502982411002385 ], [ 153.08168606396336, -27.502843460908302 ], [ 153.081110064083958, -27.502379430846702 ], [ 153.080909893991191, -27.5032824808337 ], [ 153.080781053892309, -27.504173480827781 ], [ 153.08062994383684, -27.504740030817054 ], [ 153.078829654065203, -27.504463710633775 ], [ 153.075410544497885, -27.503946950285769 ], [ 153.075213124519422, -27.503944210265896 ], [ 153.075228044591938, -27.503358450262766 ], [ 153.07529002463761, -27.502944750265726 ], [ 153.075363024691427, -27.502457460269216 ], [ 153.075443034729744, -27.502086460274334 ], [ 153.07557001480464, -27.501386460281562 ], [ 153.075768034901643, -27.50045145029409 ], [ 153.075791094928263, -27.500221490294599 ], [ 153.076751924805961, -27.500372420392438 ], [ 153.077750924679577, -27.500523430494113 ] ] ] ] } },
{ "type": "Feature", "properties": { "sa1_2021": "30301104720", "sa2_2021": "303011047", "sa2_2021_name": "Camp Hill", "sa1_2021_short": 3104720 }, "geometry": { "type": "MultiPolygon", "coordinates": [ [ [ [ 153.085286064648955, -27.494369431203538 ], [ 153.085372094625285, -27.494483461213093 ], [ 153.085988064457553, -27.495286431281407 ], [ 153.0861011044272, -27.495430441293927 ], [ 153.086340144370553, -27.495675411319922 ], [ 153.086601854319639, -27.495855421347667 ], [ 153.086876914276445, -27.495963401376205 ], [ 153.087173184239191, -27.496006431406357 ], [ 153.086949404105951, -27.497249511393662 ], [ 153.086938164099223, -27.497312131393031 ], [ 153.086780484005232, -27.498188401384095 ], [ 153.086720983969855, -27.498518701380714 ], [ 153.086570933880438, -27.499352461372201 ], [ 153.086501223841395, -27.499720381368107 ], [ 153.086426173799339, -27.500116471363675 ], [ 153.085742423886387, -27.500008561294027 ], [ 153.085659023897051, -27.499995401285538 ], [ 153.085207953987634, -27.499662401237508 ], [ 153.084805104067215, -27.499375491194701 ], [ 153.084603874102214, -27.499269461173625 ], [ 153.084273044147494, -27.49919243113974 ], [ 153.083339184264219, -27.499062471044748 ], [ 153.083661044447524, -27.497340411063526 ], [ 153.084400094859461, -27.493457451107179 ], [ 153.08464888480836, -27.493650401133738 ], [ 153.08488901475485, -27.49386946115964 ], [ 153.085286064648955, -27.494369431203538 ] ] ] ] } },
{ "type": "Feature", "properties": { "sa1_2021": "30301104721", "sa2_2021": "303011047", "sa2_2021_name": "Camp Hill", "sa1_2021_short": 3104721 }, "geometry": { "type": "MultiPolygon", "coordinates": [ [ [ [ 153.080781053892309, -27.504173480827781 ], [ 153.080909893991191, -27.5032824808337 ], [ 153.081110064083958, -27.502379430846702 ], [ 153.08168606396336, -27.502843460908302 ], [ 153.082610173846547, -27.502982411002385 ], [ 153.082753103920368, -27.502277451011196 ], [ 153.081966164018723, -27.502168450931158 ], [ 153.081620034097369, -27.501840450893738 ], [ 153.081818014103078, -27.50162746091198 ], [ 153.082047164229891, -27.500430470925572 ], [ 153.082335144391664, -27.498907490942507 ], [ 153.083339184264219, -27.499062471044748 ], [ 153.084273044147494, -27.49919243113974 ], [ 153.084603874102214, -27.499269461173625 ], [ 153.084805104067215, -27.499375491194701 ], [ 153.085207953987634, -27.499662401237508 ], [ 153.085659023897051, -27.499995401285538 ], [ 153.085742423886387, -27.500008561294027 ], [ 153.086426173799339, -27.500116471363675 ], [ 153.086128193633556, -27.501679591346051 ], [ 153.085907073510469, -27.502839411332964 ], [ 153.086430153408514, -27.503201471388458 ], [ 153.087164903314374, -27.503321451463343 ], [ 153.08728403329971, -27.503336451475452 ], [ 153.087258153286257, -27.503464471473858 ], [ 153.08693016309411, -27.505261491455048 ], [ 153.086855193050724, -27.505667581450719 ], [ 153.086756423064571, -27.505642181440589 ], [ 153.084686913325442, -27.505337461229939 ], [ 153.080709323826852, -27.504751770825131 ], [ 153.08062994383684, -27.504740030817054 ], [ 153.080781053892309, -27.504173480827781 ] ] ] ] } },
{ "type": "Feature", "properties": { "sa1_2021": "30301104722", "sa2_2021": "303011047", "sa2_2021_name": "Camp Hill", "sa1_2021_short": 3104722 }, "geometry": { "type": "MultiPolygon", "coordinates": [ [ [ [ 153.079541914690367, -27.498917480661589 ], [ 153.07995698492627, -27.496700420685819 ], [ 153.081534844726946, -27.496936490846412 ], [ 153.082664194578996, -27.497147460961695 ], [ 153.083661044447524, -27.497340411063526 ], [ 153.083339184264219, -27.499062471044748 ], [ 153.082335144391664, -27.498907490942507 ], [ 153.082047164229891, -27.500430470925572 ], [ 153.081818014103078, -27.50162746091198 ], [ 153.081620034097369, -27.501840450893738 ], [ 153.080872114282101, -27.501015480811986 ], [ 153.079756094426983, -27.500817470698141 ], [ 153.078766104552045, -27.500669420597387 ], [ 153.079113144741228, -27.498879410618152 ], [ 153.079541914690367, -27.498917480661589 ] ] ] ] } },
{ "type": "Feature", "properties": { "sa1_2021": "30301104723", "sa2_2021": "303011047", "sa2_2021_name": "Camp Hill", "sa1_2021_short": 3104723 }, "geometry": { "type": "MultiPolygon", "coordinates": [ [ [ [ 153.080459195212001, -27.494015450715104 ], [ 153.080621185304665, -27.493145430724528 ], [ 153.081133825249935, -27.493142760776081 ], [ 153.082164875139966, -27.493137420879769 ], [ 153.083420215006925, -27.493123471005955 ], [ 153.08364914497983, -27.493143451029141 ], [ 153.084172924900571, -27.49332541108328 ], [ 153.084400094859461, -27.493457451107179 ], [ 153.083661044447524, -27.497340411063526 ], [ 153.082664194578996, -27.497147460961695 ], [ 153.081534844726946, -27.496936490846412 ], [ 153.07995698492627, -27.496700420685819 ], [ 153.080124055021912, -27.495802490695525 ], [ 153.080291075117088, -27.494908420705254 ], [ 153.080459195212001, -27.494015450715104 ] ] ] ] } },
{ "type": "Feature", "properties": { "sa1_2021": "30301104724", "sa2_2021": "303011047", "sa2_2021_name": "Camp Hill", "sa1_2021_short": 3104724 }, "geometry": { "type": "MultiPolygon", "coordinates": [ [ [ [ 153.076160075117087, -27.498415470317433 ], [ 153.076165115133989, -27.498277490316852 ], [ 153.076507115303059, -27.496650470338398 ], [ 153.076768095424683, -27.495467420355304 ], [ 153.077802025314156, -27.495463460459259 ], [ 153.079143005170522, -27.495460500594131 ], [ 153.079117085150187, -27.495643460592966 ], [ 153.080124055021912, -27.495802490695525 ], [ 153.07995698492627, -27.496700420685819 ], [ 153.079541914690367, -27.498917480661589 ], [ 153.079113144741228, -27.498879410618152 ], [ 153.078766104552045, -27.500669420597387 ], [ 153.077750924679577, -27.500523430494113 ], [ 153.076751924805961, -27.500372420392438 ], [ 153.075791094928263, -27.500221490294599 ], [ 153.075810844956521, -27.499981460294684 ], [ 153.076026155051522, -27.499047450308961 ], [ 153.076160075117087, -27.498415470317433 ] ] ] ] } },
{ "type": "Feature", "properties": { "sa1_2021": "30301104725", "sa2_2021": "303011047", "sa2_2021_name": "Camp Hill", "sa1_2021_short": 3104725 }, "geometry": { "type": "MultiPolygon", "coordinates": [ [ [ [ 153.079143005170522, -27.495460500594131 ], [ 153.077802025314156, -27.495463460459259 ], [ 153.076768095424683, -27.495467420355304 ], [ 153.076850185482755, -27.49493849035937 ], [ 153.077178865636057, -27.493447460380644 ], [ 153.077201895671408, -27.493148480380594 ], [ 153.078236895559513, -27.49315442048476 ], [ 153.079568925417021, -27.493150460618711 ], [ 153.080088025361306, -27.493150460670929 ], [ 153.080621185304665, -27.493145430724528 ], [ 153.080459195212001, -27.494015450715104 ], [ 153.080291075117088, -27.494908420705254 ], [ 153.080124055021912, -27.495802490695525 ], [ 153.079117085150187, -27.495643460592966 ], [ 153.079143005170522, -27.495460500594131 ] ] ] ] } },
{ "type": "Feature", "properties": { "sa1_2021": "30301104802", "sa2_2021": "303011048", "sa2_2021_name": "Cannon Hill", "sa1_2021_short": 3104802 }, "geometry": { "type": "MultiPolygon", "coordinates": [ [ [ [ 153.085843569154008, -27.458279180974277 ], [ 153.086244009133054, -27.458105451013196 ], [ 153.086973029076518, -27.457934451085201 ], [ 153.087517019033925, -27.457810431138963 ], [ 153.087813989014336, -27.457713411168072 ], [ 153.087899029032911, -27.457494451174899 ], [ 153.088078979003285, -27.457576421193664 ], [ 153.090819978660534, -27.457963421472549 ], [ 153.090597178556408, -27.458975481458133 ], [ 153.090433008461332, -27.459866461448662 ], [ 153.090269048365599, -27.460762451439244 ], [ 153.089905978155343, -27.462732431418289 ], [ 153.089743958060183, -27.463622441409015 ], [ 153.088789958180172, -27.463482421311912 ], [ 153.087677178275072, -27.463675461201465 ], [ 153.086605098365112, -27.463872471095144 ], [ 153.086893088534566, -27.462288461111598 ], [ 153.087051898629937, -27.461399451120545 ], [ 153.086051068755268, -27.461256441018705 ], [ 153.085126958871058, -27.461124410924679 ], [ 153.084332069026573, -27.460568480840301 ], [ 153.083488949192571, -27.459970430750751 ], [ 153.084464929215272, -27.458963420840984 ], [ 153.085066119194721, -27.458616470898715 ], [ 153.085843569154008, -27.458279180974277 ] ] ] ] } },
{ "type": "Feature", "properties": { "sa1_2021": "30301104803", "sa2_2021": "303011048", "sa2_2021_name": "Cannon Hill", "sa1_2021_short": 3104803 }, "geometry": { "type": "MultiPolygon", "coordinates": [ [ [ [ 153.08351913859272, -27.464689230791091 ], [ 153.084159968538216, -27.464576450854675 ], [ 153.085795128399468, -27.464287461016919 ], [ 153.08572888843932, -27.46402844100821 ], [ 153.086605098365112, -27.463872471095144 ], [ 153.087677178275072, -27.463675461201465 ], [ 153.088789958180172, -27.463482421311912 ], [ 153.089743958060183, -27.463622441409015 ], [ 153.089862108038147, -27.463696521421497 ], [ 153.090097748008617, -27.463730221445473 ], [ 153.090826727860417, -27.464283761523216 ], [ 153.091044267732286, -27.465112581551672 ], [ 153.09101276771122, -27.465306001550026 ], [ 153.090846987732448, -27.465278451533116 ], [ 153.090592107763712, -27.465247481507227 ], [ 153.090013947831153, -27.4652044714487 ], [ 153.089451777890048, -27.46521544139221 ], [ 153.089163967920257, -27.465220491363297 ], [ 153.088046088018075, -27.465394631252174 ], [ 153.086622038142707, -27.465616481110644 ], [ 153.086316968168319, -27.46567300108039 ], [ 153.086175128180173, -27.465699291066329 ], [ 153.085286508254626, -27.46586394097821 ], [ 153.085175908263892, -27.465884420967242 ], [ 153.082002158532276, -27.466453410652438 ], [ 153.080982018619693, -27.466627450551183 ], [ 153.080797948635364, -27.466659500532916 ], [ 153.080396888661909, -27.466789460493594 ], [ 153.080023938680199, -27.466961360457439 ], [ 153.07883702883251, -27.466763450336476 ], [ 153.078534988867801, -27.466740420305914 ], [ 153.078560908882991, -27.466598480307393 ], [ 153.078947918885092, -27.466253420343602 ], [ 153.079982178876065, -27.465447470441266 ], [ 153.08054412892696, -27.464568440490844 ], [ 153.081483018766107, -27.465044450589055 ], [ 153.082795958654145, -27.46481649071935 ], [ 153.08351913859272, -27.464689230791091 ] ] ] ] } },
{ "type": "Feature", "properties": { "sa1_2021": "30301104804", "sa2_2021": "303011048", "sa2_2021_name": "Cannon Hill", "sa1_2021_short": 3104804 }, "geometry": { "type": "MultiPolygon", "coordinates": [ [ [ [ 153.081861639066091, -27.46235040060585 ], [ 153.082385189146152, -27.461273440650004 ], [ 153.082772899168816, -27.460765490684992 ], [ 153.083488949192571, -27.459970430750751 ], [ 153.084332069026573, -27.460568480840301 ], [ 153.085126958871058, -27.461124410924679 ], [ 153.08425395883873, -27.462120450844722 ], [ 153.083861688780445, -27.462913970811524 ], [ 153.083380948709021, -27.463886420770844 ], [ 153.082795958654145, -27.46481649071935 ], [ 153.081483018766107, -27.465044450589055 ], [ 153.08054412892696, -27.464568440490844 ], [ 153.080599938932096, -27.464480420495761 ], [ 153.081447029008928, -27.463154450570496 ], [ 153.081728919045872, -27.462623440594658 ], [ 153.081861639066091, -27.46235040060585 ] ] ] ] } },
{ "type": "Feature", "properties": { "sa1_2021": "30301104805", "sa2_2021": "303011048", "sa2_2021_name": "Cannon Hill", "sa1_2021_short": 3104805 }, "geometry": { "type": "MultiPolygon", "coordinates": [ [ [ [ 153.08572888843932, -27.46402844100821 ], [ 153.085795128399468, -27.464287461016919 ], [ 153.084159968538216, -27.464576450854675 ], [ 153.08351913859272, -27.464689230791091 ], [ 153.082795958654145, -27.46481649071935 ], [ 153.083380948709021, -27.463886420770844 ], [ 153.083861688780445, -27.462913970811524 ], [ 153.08425395883873, -27.462120450844722 ], [ 153.085126958871058, -27.461124410924679 ], [ 153.086051068755268, -27.461256441018705 ], [ 153.087051898629937, -27.461399451120545 ], [ 153.086893088534566, -27.462288461111598 ], [ 153.086605098365112, -27.463872471095144 ], [ 153.08572888843932, -27.46402844100821 ] ] ] ] } },
{ "type": "Feature", "properties": { "sa1_2021": "30301104807", "sa2_2021": "303011048", "sa2_2021_name": "Cannon Hill", "sa1_2021_short": 3104807 }, "geometry": { "type": "MultiPolygon", "coordinates": [ [ [ [ 153.079648098466492, -27.468970420435518 ], [ 153.079950858639336, -27.467346480453138 ], [ 153.080733858556016, -27.467341420531866 ], [ 153.08082820856464, -27.46719346054018 ], [ 153.08083503857614, -27.467096450540101 ], [ 153.081944378438635, -27.467243190652862 ], [ 153.082399938382167, -27.467303440699165 ], [ 153.08276150833629, -27.467359300735993 ], [ 153.082730298321707, -27.467501380733971 ], [ 153.082713878315076, -27.467567510732845 ], [ 153.082373328124845, -27.469360660712777 ], [ 153.082358068115241, -27.469449430711933 ], [ 153.083657067951293, -27.469644430844163 ], [ 153.083524937867224, -27.47042142083701 ], [ 153.08348606785799, -27.470527440833948 ], [ 153.083348897778109, -27.47127541082606 ], [ 153.08317720768332, -27.472170480815855 ], [ 153.083001857588044, -27.473072450805347 ], [ 153.081994967715303, -27.47292043070285 ], [ 153.080985857842478, -27.472770420600138 ], [ 153.080846937860713, -27.472744500585957 ], [ 153.079966007971876, -27.472612460496293 ], [ 153.07897309809897, -27.472449480395131 ], [ 153.079316198284886, -27.470688440415717 ], [ 153.079479978375019, -27.469836410425444 ], [ 153.079648098466492, -27.468970420435518 ] ] ] ] } },
{ "type": "Feature", "properties": { "sa1_2021": "30301104808", "sa2_2021": "303011048", "sa2_2021_name": "Cannon Hill", "sa1_2021_short": 3104808 }, "geometry": { "type": "MultiPolygon", "coordinates": [ [ [ [ 153.083657067951293, -27.469644430844163 ], [ 153.082358068115241, -27.469449430711933 ], [ 153.082373328124845, -27.469360660712777 ], [ 153.082713878315076, -27.467567510732845 ], [ 153.082730298321707, -27.467501380733971 ], [ 153.08276150833629, -27.467359300735993 ], [ 153.084057038172091, -27.467559410867917 ], [ 153.085077978042619, -27.467717460971883 ], [ 153.085604707975676, -27.467800081025544 ], [ 153.08616808790407, -27.467888451082924 ], [ 153.085971137794047, -27.468925431071298 ], [ 153.085796917700065, -27.469816431060821 ], [ 153.085625917605569, -27.470708421050677 ], [ 153.085454917511271, -27.471599421040516 ], [ 153.085283177416841, -27.472491421030277 ], [ 153.085107877321548, -27.47339348101977 ], [ 153.083001857588044, -27.473072450805347 ], [ 153.08317720768332, -27.472170480815855 ], [ 153.083348897778109, -27.47127541082606 ], [ 153.08348606785799, -27.470527440833948 ], [ 153.083524937867224, -27.47042142083701 ], [ 153.083657067951293, -27.469644430844163 ] ] ] ] } },
{ "type": "Feature", "properties": { "sa1_2021": "30301104809", "sa2_2021": "303011048", "sa2_2021_name": "Cannon Hill", "sa1_2021_short": 3104809 }, "geometry": { "type": "MultiPolygon", "coordinates": [ [ [ [ 153.085454917511271, -27.471599421040516 ], [ 153.085625917605569, -27.470708421050677 ], [ 153.085796917700065, -27.469816431060821 ], [ 153.085971137794047, -27.468925431071298 ], [ 153.08616808790407, -27.467888451082924 ], [ 153.087132897782141, -27.468034431181156 ], [ 153.087610747721328, -27.468110121229842 ], [ 153.088787077571624, -27.468296411349698 ], [ 153.088715097563124, -27.468424491343466 ], [ 153.088626147546108, -27.468634461336165 ], [ 153.08832808738191, -27.470185431318438 ], [ 153.087985017190817, -27.471987401298165 ], [ 153.087813987095899, -27.472882451288033 ], [ 153.087650167005251, -27.473738451278319 ], [ 153.085107877321548, -27.47339348101977 ], [ 153.085283177416841, -27.472491421030277 ], [ 153.085454917511271, -27.471599421040516 ] ] ] ] } },
{ "type": "Feature", "properties": { "sa1_2021": "30301104810", "sa2_2021": "303011048", "sa2_2021_name": "Cannon Hill", "sa1_2021_short": 3104810 }, "geometry": { "type": "MultiPolygon", "coordinates": [ [ [ [ 153.087985017190817, -27.471987401298165 ], [ 153.08832808738191, -27.470185431318438 ], [ 153.088626147546108, -27.468634461336165 ], [ 153.088715097563124, -27.468424491343466 ], [ 153.088787077571624, -27.468296411349698 ], [ 153.089701037457189, -27.468426451442689 ], [ 153.090528017352568, -27.468552451526914 ], [ 153.090721027328158, -27.468581441546558 ], [ 153.090695077312773, -27.46872545154509 ], [ 153.090013946934363, -27.472294481504768 ], [ 153.090566186864464, -27.472378461561004 ], [ 153.090417166780895, -27.473165431552232 ], [ 153.090242906685859, -27.474064441541806 ], [ 153.089234196828983, -27.473788491438118 ], [ 153.087748246994323, -27.473741541288206 ], [ 153.087650167005251, -27.473738451278319 ], [ 153.087813987095899, -27.472882451288033 ], [ 153.087985017190817, -27.471987401298165 ] ] ] ] } },
{ "type": "Feature", "properties": { "sa1_2021": "30301104811", "sa2_2021": "303011048", "sa2_2021_name": "Cannon Hill", "sa1_2021_short": 3104811 }, "geometry": { "type": "MultiPolygon", "coordinates": [ [ [ [ 153.090566186864464, -27.472378461561004 ], [ 153.090013946934363, -27.472294481504768 ], [ 153.090695077312773, -27.46872545154509 ], [ 153.090721027328158, -27.468581441546558 ], [ 153.091422047238979, -27.468692441617989 ], [ 153.091718937201705, -27.468735441648214 ], [ 153.093234017010246, -27.468964471802508 ], [ 153.093096986940196, -27.469634441794025 ], [ 153.093612156873547, -27.469724451846577 ], [ 153.093414866761094, -27.470780431835067 ], [ 153.093311906705111, -27.471310431828904 ], [ 153.093035086552504, -27.472751421812433 ], [ 153.092690196362639, -27.474544491791896 ], [ 153.091175006554153, -27.474315441637597 ], [ 153.090624886624397, -27.474226421581534 ], [ 153.090242906685859, -27.474064441541806 ], [ 153.090417166780895, -27.473165431552232 ], [ 153.090566186864464, -27.472378461561004 ] ] ] ] } },
{ "type": "Feature", "properties": { "sa1_2021": "30301104814", "sa2_2021": "303011048", "sa2_2021_name": "Cannon Hill", "sa1_2021_short": 3104814 }, "geometry": { "type": "MultiPolygon", "coordinates": [ [ [ [ 153.094580027220502, -27.466161461915817 ], [ 153.096278036984558, -27.466587462090107 ], [ 153.096392066968775, -27.466615482101815 ], [ 153.096689866930802, -27.466663252132165 ], [ 153.096675016921523, -27.466749412131346 ], [ 153.096564126860926, -27.467322442124718 ], [ 153.096496086800499, -27.467857482122106 ], [ 153.096477036779248, -27.468041452121643 ], [ 153.09646911677072, -27.468115432121433 ], [ 153.096277966625877, -27.469422422112522 ], [ 153.094751456818585, -27.469193081957048 ], [ 153.094055046906504, -27.46908845188613 ], [ 153.093234017010246, -27.468964471802508 ], [ 153.091718937201705, -27.468735441648214 ], [ 153.091422047238979, -27.468692441617989 ], [ 153.090721027328158, -27.468581441546558 ], [ 153.090528017352568, -27.468552451526914 ], [ 153.089701037457189, -27.468426451442689 ], [ 153.088787077571624, -27.468296411349698 ], [ 153.088905877576963, -27.468153411360507 ], [ 153.088957897605496, -27.46788373136361 ], [ 153.08906603759209, -27.467898261374614 ], [ 153.089597557524797, -27.467979491428746 ], [ 153.089630257543973, -27.467800221430615 ], [ 153.089831377518522, -27.467830971451093 ], [ 153.089994857614357, -27.466934651460456 ], [ 153.089260477707285, -27.466822371385678 ], [ 153.089161347720136, -27.466804831375555 ], [ 153.089301867802789, -27.466032481383593 ], [ 153.089451777890048, -27.46521544139221 ], [ 153.090013947831153, -27.4652044714487 ], [ 153.090592107763712, -27.465247481507227 ], [ 153.090846987732448, -27.465278451533116 ], [ 153.09101276771122, -27.465306001550026 ], [ 153.09149102764988, -27.465385461598792 ], [ 153.091937057587785, -27.465498421644568 ], [ 153.092835977462812, -27.465724491736825 ], [ 153.093978727304062, -27.46601074185411 ], [ 153.094307767258329, -27.466093161887876 ], [ 153.094580027220502, -27.466161461915817 ] ] ] ] } },
{ "type": "Feature", "properties": { "sa1_2021": "30301104815", "sa2_2021": "303011048", "sa2_2021_name": "Cannon Hill", "sa1_2021_short": 3104815 }, "geometry": { "type": "MultiPolygon", "coordinates": [ [ [ [ 153.093612876243014, -27.474707481886053 ], [ 153.093347016277505, -27.474660521858922 ], [ 153.092690196362639, -27.474544491791896 ], [ 153.093035086552504, -27.472751421812433 ], [ 153.093311906705111, -27.471310431828904 ], [ 153.093414866761094, -27.470780431835067 ], [ 153.094385076639071, -27.470922431933843 ], [ 153.095237206531664, -27.471049442020618 ], [ 153.095989946436873, -27.471160492097273 ], [ 153.096150876416687, -27.471183452113646 ], [ 153.0956199761184, -27.473991192082412 ], [ 153.095433026014035, -27.474974412071379 ], [ 153.095269946029617, -27.47498945205507 ], [ 153.094430046139706, -27.474831411969287 ], [ 153.093612876243014, -27.474707481886053 ] ] ] ] } },
{ "type": "Feature", "properties": { "sa1_2021": "30301104816", "sa2_2021": "303011048", "sa2_2021_name": "Cannon Hill", "sa1_2021_short": 3104816 }, "geometry": { "type": "MultiPolygon", "coordinates": [ [ [ [ 153.087000038009165, -27.466352031154486 ], [ 153.086980728016442, -27.466311161152227 ], [ 153.086901918069913, -27.465954791141471 ], [ 153.086358878116442, -27.466047591087566 ], [ 153.086376248126044, -27.465956701088604 ], [ 153.086343728148023, -27.465810461084164 ], [ 153.086316968168319, -27.46567300108039 ], [ 153.086622038142707, -27.465616481110644 ], [ 153.088046088018075, -27.465394631252174 ], [ 153.089163967920257, -27.465220491363297 ], [ 153.089451777890048, -27.46521544139221 ], [ 153.089301867802789, -27.466032481383593 ], [ 153.089161347720136, -27.466804831375555 ], [ 153.089135187704784, -27.466948491374055 ], [ 153.087687807826711, -27.467211661230497 ], [ 153.087610017832901, -27.467228451222788 ], [ 153.087457017845026, -27.46726245120767 ], [ 153.087425947859714, -27.467172741203836 ], [ 153.08726104796898, -27.466448451181513 ], [ 153.087061567986069, -27.46648228116171 ], [ 153.087000038009165, -27.466352031154486 ] ] ] ] } },
{ "type": "Feature", "properties": { "sa1_2021": "30301104817", "sa2_2021": "303011048", "sa2_2021_name": "Cannon Hill", "sa1_2021_short": 3104817 }, "geometry": { "type": "MultiPolygon", "coordinates": [ [ [ [ 153.087610017832901, -27.467228451222788 ], [ 153.087687807826711, -27.467211661230497 ], [ 153.089135187704784, -27.466948491374055 ], [ 153.089161347720136, -27.466804831375555 ], [ 153.089260477707285, -27.466822371385678 ], [ 153.089994857614357, -27.466934651460456 ], [ 153.089831377518522, -27.467830971451093 ], [ 153.089630257543973, -27.467800221430615 ], [ 153.089597557524797, -27.467979491428746 ], [ 153.08906603759209, -27.467898261374614 ], [ 153.088957897605496, -27.46788373136361 ], [ 153.088905877576963, -27.468153411360507 ], [ 153.088787077571624, -27.468296411349698 ], [ 153.087610747721328, -27.468110121229842 ], [ 153.087132897782141, -27.468034431181156 ], [ 153.08616808790407, -27.467888451082924 ], [ 153.085604707975676, -27.467800081025544 ], [ 153.085077978042619, -27.467717460971883 ], [ 153.084057038172091, -27.467559410867917 ], [ 153.08276150833629, -27.467359300735993 ], [ 153.082399938382167, -27.467303440699165 ], [ 153.081944378438635, -27.467243190652862 ], [ 153.08083503857614, -27.467096450540101 ], [ 153.080023938680199, -27.466961360457439 ], [ 153.080396888661909, -27.466789460493594 ], [ 153.080797948635364, -27.466659500532916 ], [ 153.080982018619693, -27.466627450551183 ], [ 153.082002158532276, -27.466453410652438 ], [ 153.085175908263892, -27.465884420967242 ], [ 153.085286508254626, -27.46586394097821 ], [ 153.086175128180173, -27.465699291066329 ], [ 153.086316968168319, -27.46567300108039 ], [ 153.086343728148023, -27.465810461084164 ], [ 153.086376248126044, -27.465956701088604 ], [ 153.086358878116442, -27.466047591087566 ], [ 153.086901918069913, -27.465954791141471 ], [ 153.086980728016442, -27.466311161152227 ], [ 153.087000038009165, -27.466352031154486 ], [ 153.087061567986069, -27.46648228116171 ], [ 153.08726104796898, -27.466448451181513 ], [ 153.087425947859714, -27.467172741203836 ], [ 153.087457017845026, -27.46726245120767 ], [ 153.087610017832901, -27.467228451222788 ] ] ] ] } },
{ "type": "Feature", "properties": { "sa1_2021": "30301104818", "sa2_2021": "303011048", "sa2_2021_name": "Cannon Hill", "sa1_2021_short": 3104818 }, "geometry": { "type": "MultiPolygon", "coordinates": [ [ [ [ 153.095237206531664, -27.471049442020618 ], [ 153.094385076639071, -27.470922431933843 ], [ 153.093414866761094, -27.470780431835067 ], [ 153.093612156873547, -27.469724451846577 ], [ 153.093096986940196, -27.469634441794025 ], [ 153.093234017010246, -27.468964471802508 ], [ 153.094055046906504, -27.46908845188613 ], [ 153.094751456818585, -27.469193081957048 ], [ 153.096277966625877, -27.469422422112522 ], [ 153.096258146609927, -27.469565422111646 ], [ 153.096416926589853, -27.469589452127828 ], [ 153.096150876416687, -27.471183452113646 ], [ 153.095989946436873, -27.471160492097273 ], [ 153.095237206531664, -27.471049442020618 ] ] ] ] } },
{ "type": "Feature", "properties": { "sa1_2021": "30301104903", "sa2_2021": "303011049", "sa2_2021_name": "Carina", "sa1_2021_short": 3104903 }, "geometry": { "type": "MultiPolygon", "coordinates": [ [ [ [ 153.095493874777901, -27.484691452154316 ], [ 153.095129204823479, -27.484640422117206 ], [ 153.095460035045278, -27.482607402134434 ], [ 153.096294174956114, -27.482604442218381 ], [ 153.096416194927997, -27.482723422231604 ], [ 153.096803934825999, -27.4832004222744 ], [ 153.096957924788001, -27.483370292291244 ], [ 153.09776402458894, -27.484259452379419 ], [ 153.09802102452494, -27.484547442407578 ], [ 153.098378904398942, -27.485239452449068 ], [ 153.099291874104665, -27.486790442553243 ], [ 153.098547024143215, -27.487117502480846 ], [ 153.098422124146992, -27.487193442468865 ], [ 153.097694204186496, -27.487498472398009 ], [ 153.096681874313987, -27.487349422294923 ], [ 153.095087074511866, -27.487138462132723 ], [ 153.095229974606752, -27.486267442140214 ], [ 153.095493874777901, -27.484691452154316 ] ] ] ] } },
{ "type": "Feature", "properties": { "sa1_2021": "30301104904", "sa2_2021": "303011049", "sa2_2021_name": "Carina", "sa1_2021_short": 3104904 }, "geometry": { "type": "MultiPolygon", "coordinates": [ [ [ [ 153.088884056730166, -27.474866451411398 ], [ 153.088269026807922, -27.474773451348767 ], [ 153.087568626895944, -27.474671551277485 ], [ 153.087723026982104, -27.473859461286604 ], [ 153.087732036986836, -27.473814441287153 ], [ 153.087748246994323, -27.473741541288206 ], [ 153.089234196828983, -27.473788491438118 ], [ 153.090242906685859, -27.474064441541806 ], [ 153.090624886624397, -27.474226421581534 ], [ 153.091175006554153, -27.474315441637597 ], [ 153.091156026544922, -27.474404451636389 ], [ 153.090837676373923, -27.47602606161718 ], [ 153.090742046380285, -27.476056891607787 ], [ 153.09076095637451, -27.476086471609918 ], [ 153.091285096142968, -27.477472471673632 ], [ 153.091322176116051, -27.477653451678801 ], [ 153.091322176108093, -27.477716451679292 ], [ 153.091317176099636, -27.47778747167936 ], [ 153.091267096062012, -27.478127481676996 ], [ 153.090337956179496, -27.477986451582375 ], [ 153.090249296191104, -27.477969991573332 ], [ 153.088440616420428, -27.477691061389109 ], [ 153.088268476442238, -27.477664811371575 ], [ 153.088333196442562, -27.477607221377642 ], [ 153.088266036454058, -27.477573441370609 ], [ 153.087929026527377, -27.477279461334376 ], [ 153.08808904652463, -27.47716544134958 ], [ 153.087670026603121, -27.476900451305308 ], [ 153.087641046614692, -27.47683344130186 ], [ 153.08800702660821, -27.476574441336648 ], [ 153.088086016611641, -27.476480441343856 ], [ 153.088181026629258, -27.476260461351675 ], [ 153.088304026667799, -27.47585144136082 ], [ 153.088355016674967, -27.475751451365159 ], [ 153.088562016680754, -27.475530451384238 ], [ 153.088772256695563, -27.475234801403069 ], [ 153.088884056730166, -27.474866451411398 ] ] ] ] } },
{ "type": "Feature", "properties": { "sa1_2021": "30301104905", "sa2_2021": "303011049", "sa2_2021_name": "Carina", "sa1_2021_short": 3104905 }, "geometry": { "type": "MultiPolygon", "coordinates": [ [ [ [ 153.090837676373923, -27.47602606161718 ], [ 153.091156026544922, -27.474404451636389 ], [ 153.091175006554153, -27.474315441637597 ], [ 153.092690196362639, -27.474544491791896 ], [ 153.093347016277505, -27.474660521858922 ], [ 153.093612876243014, -27.474707481886053 ], [ 153.094430046139706, -27.474831411969287 ], [ 153.095269946029617, -27.47498945205507 ], [ 153.095376125964691, -27.475412462069105 ], [ 153.095505045909249, -27.475741502084677 ], [ 153.095583885884452, -27.475870462093642 ], [ 153.095979135734382, -27.476721412140158 ], [ 153.096070935669758, -27.47715449215282 ], [ 153.096024875605366, -27.477702412152524 ], [ 153.095983595570175, -27.478015522150834 ], [ 153.095810215589523, -27.478009472133333 ], [ 153.095425585638338, -27.477949622094144 ], [ 153.095308055625253, -27.478152972083922 ], [ 153.095246545627731, -27.478185442077994 ], [ 153.095164135636537, -27.478185702069688 ], [ 153.095102735639017, -27.47821835206377 ], [ 153.095087335677619, -27.477926202059912 ], [ 153.094399935749436, -27.477941391990846 ], [ 153.09426312575215, -27.478035981977815 ], [ 153.094355765708769, -27.478300451989231 ], [ 153.094302035704544, -27.478379121984453 ], [ 153.093818885765103, -27.478310241935272 ], [ 153.093780345743369, -27.478514561933014 ], [ 153.093004935841719, -27.478394971854019 ], [ 153.092802365867612, -27.478361931833376 ], [ 153.092691985881402, -27.478346721822142 ], [ 153.091649396013594, -27.478185941715935 ], [ 153.091267096062012, -27.478127481676996 ], [ 153.091317176099636, -27.47778747167936 ], [ 153.091322176108093, -27.477716451679292 ], [ 153.091322176116051, -27.477653451678801 ], [ 153.091285096142968, -27.477472471673632 ], [ 153.09076095637451, -27.476086471609918 ], [ 153.090742046380285, -27.476056891607787 ], [ 153.090837676373923, -27.47602606161718 ] ] ] ] } },
{ "type": "Feature", "properties": { "sa1_2021": "30301104906", "sa2_2021": "303011049", "sa2_2021_name": "Carina", "sa1_2021_short": 3104906 }, "geometry": { "type": "MultiPolygon", "coordinates": [ [ [ [ 153.091267096062012, -27.478127481676996 ], [ 153.091649396013594, -27.478185941715935 ], [ 153.092691985881402, -27.478346721822142 ], [ 153.092802365867612, -27.478361931833376 ], [ 153.093004935841719, -27.478394971854019 ], [ 153.093780345743369, -27.478514561933014 ], [ 153.093786585700713, -27.478846561936265 ], [ 153.093268505742202, -27.478957721884999 ], [ 153.092874525764046, -27.479119281846621 ], [ 153.091953625877949, -27.478999941752985 ], [ 153.091800435851866, -27.479335901740232 ], [ 153.091769195844506, -27.479420761737757 ], [ 153.091492125878545, -27.479386501709602 ], [ 153.091748055768733, -27.480037461740512 ], [ 153.091785875739362, -27.480237441745899 ], [ 153.091771125721465, -27.480391441745628 ], [ 153.091718205699181, -27.480612471742059 ], [ 153.09165516568595, -27.480770431736953 ], [ 153.091605165681358, -27.480849441732545 ], [ 153.091353165674718, -27.481115491709286 ], [ 153.091063425663009, -27.481453691682798 ], [ 153.090782195638155, -27.481888491657941 ], [ 153.089837905752177, -27.481788411562121 ], [ 153.088875985872846, -27.481650431464224 ], [ 153.08815708596299, -27.481547481391061 ], [ 153.087668166024173, -27.481478461341325 ], [ 153.087710026030578, -27.481392451344849 ], [ 153.087782046069407, -27.481024451349189 ], [ 153.087989036179266, -27.479980461361762 ], [ 153.088018016195406, -27.479828441363473 ], [ 153.088198036290834, -27.478921441374428 ], [ 153.08831702635473, -27.478315461381598 ], [ 153.088354036373858, -27.478132461383886 ], [ 153.088440616420428, -27.477691061389109 ], [ 153.090249296191104, -27.477969991573332 ], [ 153.090337956179496, -27.477986451582375 ], [ 153.091267096062012, -27.478127481676996 ] ] ] ] } },
{ "type": "Feature", "properties": { "sa1_2021": "30301104907", "sa2_2021": "303011049", "sa2_2021_name": "Carina", "sa1_2021_short": 3104907 }, "geometry": { "type": "MultiPolygon", "coordinates": [ [ [ [ 153.091769195844506, -27.479420761737757 ], [ 153.091800435851866, -27.479335901740232 ], [ 153.091953625877949, -27.478999941752985 ], [ 153.092874525764046, -27.479119281846621 ], [ 153.093268505742202, -27.478957721884999 ], [ 153.093786585700713, -27.478846561936265 ], [ 153.093780345743369, -27.478514561933014 ], [ 153.093818885765103, -27.478310241935272 ], [ 153.094302035704544, -27.478379121984453 ], [ 153.094355765708769, -27.478300451989231 ], [ 153.09426312575215, -27.478035981977815 ], [ 153.094399935749436, -27.477941391990846 ], [ 153.095087335677619, -27.477926202059912 ], [ 153.095102735639017, -27.47821835206377 ], [ 153.095164135636537, -27.478185702069688 ], [ 153.095246545627731, -27.478185442077994 ], [ 153.095308055625253, -27.478152972083922 ], [ 153.095425585638338, -27.477949622094144 ], [ 153.095810215589523, -27.478009472133333 ], [ 153.095983595570175, -27.478015522150834 ], [ 153.09594099553388, -27.478338442149102 ], [ 153.095897055490866, -27.478715452147654 ], [ 153.09585343545001, -27.479075352146118 ], [ 153.095787985388682, -27.479615452143793 ], [ 153.095511865253684, -27.480916482126283 ], [ 153.095507195232017, -27.481091462127207 ], [ 153.095494965216631, -27.48122347212702 ], [ 153.095521975191843, -27.481396472131099 ], [ 153.095593955152481, -27.48164648214032 ], [ 153.0957950350884, -27.481982452163216 ], [ 153.095961875044935, -27.482184422181611 ], [ 153.096294174956114, -27.482604442218381 ], [ 153.095460035045278, -27.482607402134434 ], [ 153.095026305100276, -27.482540412090255 ], [ 153.094094175218515, -27.482396451995292 ], [ 153.093334965313517, -27.482289441918024 ], [ 153.090782195638155, -27.481888491657941 ], [ 153.091063425663009, -27.481453691682798 ], [ 153.091353165674718, -27.481115491709286 ], [ 153.091605165681358, -27.480849441732545 ], [ 153.09165516568595, -27.480770431736953 ], [ 153.091718205699181, -27.480612471742059 ], [ 153.091771125721465, -27.480391441745628 ], [ 153.091785875739362, -27.480237441745899 ], [ 153.091748055768733, -27.480037461740512 ], [ 153.091492125878545, -27.479386501709602 ], [ 153.091769195844506, -27.479420761737757 ] ] ] ] } },
{ "type": "Feature", "properties": { "sa1_2021": "30301104908", "sa2_2021": "303011049", "sa2_2021_name": "Carina", "sa1_2021_short": 3104908 }, "geometry": { "type": "MultiPolygon", "coordinates": [ [ [ [ 153.089837905752177, -27.481788411562121 ], [ 153.090782195638155, -27.481888491657941 ], [ 153.090678175539153, -27.482759421654357 ], [ 153.090535935449765, -27.483586421646578 ], [ 153.090408145362261, -27.484386441640037 ], [ 153.09027605527092, -27.485220471633347 ], [ 153.089311945391955, -27.485081431535214 ], [ 153.088348925513031, -27.484941471437196 ], [ 153.087885195571261, -27.484874631390021 ], [ 153.087141175664641, -27.484767411314291 ], [ 153.08722107571856, -27.484273491318437 ], [ 153.08735787581449, -27.483399411325284 ], [ 153.087668166024173, -27.481478461341325 ], [ 153.08815708596299, -27.481547481391061 ], [ 153.088875985872846, -27.481650431464224 ], [ 153.089837905752177, -27.481788411562121 ] ] ] ] } },
{ "type": "Feature", "properties": { "sa1_2021": "30301104909", "sa2_2021": "303011049", "sa2_2021_name": "Carina", "sa1_2021_short": 3104909 }, "geometry": { "type": "MultiPolygon", "coordinates": [ [ [ [ 153.090678175539153, -27.482759421654357 ], [ 153.090782195638155, -27.481888491657941 ], [ 153.093334965313517, -27.482289441918024 ], [ 153.094094175218515, -27.482396451995292 ], [ 153.095026305100276, -27.482540412090255 ], [ 153.095460035045278, -27.482607402134434 ], [ 153.095129204823479, -27.484640422117206 ], [ 153.094535924897656, -27.484557432056839 ], [ 153.093576125017336, -27.484425421959187 ], [ 153.093617185067075, -27.483997461959937 ], [ 153.091557345322911, -27.483722671750453 ], [ 153.090535935449765, -27.483586421646578 ], [ 153.090678175539153, -27.482759421654357 ] ] ] ] } },
{ "type": "Feature", "properties": { "sa1_2021": "30301104910", "sa2_2021": "303011049", "sa2_2021_name": "Carina", "sa1_2021_short": 3104910 }, "geometry": { "type": "MultiPolygon", "coordinates": [ [ [ [ 153.090148925183058, -27.486022471626889 ], [ 153.09027605527092, -27.485220471633347 ], [ 153.090408145362261, -27.484386441640037 ], [ 153.090535935449765, -27.483586421646578 ], [ 153.091557345322911, -27.483722671750453 ], [ 153.093617185067075, -27.483997461959937 ], [ 153.093576125017336, -27.484425421959187 ], [ 153.094535924897656, -27.484557432056839 ], [ 153.095129204823479, -27.484640422117206 ], [ 153.095493874777901, -27.484691452154316 ], [ 153.095229974606752, -27.486267442140214 ], [ 153.095087074511866, -27.487138462132723 ], [ 153.094756934301529, -27.48908048211484 ], [ 153.094396934346378, -27.489031432078217 ], [ 153.093788194422217, -27.488948442016287 ], [ 153.093261864487715, -27.488877441962757 ], [ 153.093111004506909, -27.488853411947385 ], [ 153.092805844545097, -27.488810601916331 ], [ 153.091286184735168, -27.488597441761701 ], [ 153.090682114811017, -27.488510421700209 ], [ 153.089774174926418, -27.488368491607726 ], [ 153.090025115098797, -27.486793491620535 ], [ 153.090148925183058, -27.486022471626889 ] ] ] ] } },
{ "type": "Feature", "properties": { "sa1_2021": "30301104911", "sa2_2021": "303011049", "sa2_2021_name": "Carina", "sa1_2021_short": 3104911 }, "geometry": { "type": "MultiPolygon", "coordinates": [ [ [ [ 153.086750555362926, -27.487483891296463 ], [ 153.086805995421628, -27.486972401297997 ], [ 153.086381205473828, -27.486920471254845 ], [ 153.086532025572012, -27.486016431262868 ], [ 153.086679965669504, -27.48512048127068 ], [ 153.08707489562093, -27.485169451310799 ], [ 153.087141175664641, -27.484767411314291 ], [ 153.087885195571261, -27.484874631390021 ], [ 153.088348925513031, -27.484941471437196 ], [ 153.089311945391955, -27.485081431535214 ], [ 153.09027605527092, -27.485220471633347 ], [ 153.090148925183058, -27.486022471626889 ], [ 153.090025115098797, -27.486793491620535 ], [ 153.089774174926418, -27.488368491607726 ], [ 153.089477904962308, -27.488336451577648 ], [ 153.08823913511651, -27.488168431451669 ], [ 153.087839165167651, -27.488103441410903 ], [ 153.086701025310106, -27.487943451295113 ], [ 153.086750555362926, -27.487483891296463 ] ] ] ] } },
{ "type": "Feature", "properties": { "sa1_2021": "30301104912", "sa2_2021": "303011049", "sa2_2021_name": "Carina", "sa1_2021_short": 3104912 }, "geometry": { "type": "MultiPolygon", "coordinates": [ [ [ [ 153.096681874313987, -27.487349422294923 ], [ 153.097694204186496, -27.487498472398009 ], [ 153.098422124146992, -27.487193442468865 ], [ 153.098547024143215, -27.487117502480846 ], [ 153.099291874104665, -27.486790442553243 ], [ 153.099652573988692, -27.48740064259438 ], [ 153.100035963860364, -27.488089492638426 ], [ 153.10079447361062, -27.48941936272529 ], [ 153.101112023506005, -27.489976432761676 ], [ 153.09892790377981, -27.489665492539327 ], [ 153.098221953868006, -27.489567472467495 ], [ 153.097355073976729, -27.489443452379234 ], [ 153.096845684040488, -27.489371392327392 ], [ 153.096351004102445, -27.489301422277045 ], [ 153.095325024230789, -27.489157442172626 ], [ 153.094756934301529, -27.48908048211484 ], [ 153.095087074511866, -27.487138462132723 ], [ 153.096681874313987, -27.487349422294923 ] ] ] ] } },
{ "type": "Feature", "properties": { "sa1_2021": "30301104915", "sa2_2021": "303011049", "sa2_2021_name": "Carina", "sa1_2021_short": 3104915 }, "geometry": { "type": "MultiPolygon", "coordinates": [ [ [ [ 153.086525205182085, -27.489104421286598 ], [ 153.086701025310106, -27.487943451295113 ], [ 153.087839165167651, -27.488103441410903 ], [ 153.08823913511651, -27.488168431451669 ], [ 153.089477904962308, -27.488336451577648 ], [ 153.089774174926418, -27.488368491607726 ], [ 153.090682114811017, -27.488510421700209 ], [ 153.090444024670973, -27.489819331686604 ], [ 153.090420554657186, -27.489948071685262 ], [ 153.090553814640572, -27.489966041698814 ], [ 153.091327254543302, -27.490078941777544 ], [ 153.091224134498049, -27.490523921770681 ], [ 153.09099028440852, -27.491429851754312 ], [ 153.090888114350179, -27.491977501748352 ], [ 153.090172934440261, -27.491872261675557 ], [ 153.090070154451752, -27.491868761665177 ], [ 153.089972184465807, -27.491840861655103 ], [ 153.088137994696268, -27.49157565146843 ], [ 153.088147184701711, -27.491524831468947 ], [ 153.087739114753191, -27.491464131427406 ], [ 153.087664294762192, -27.491456531419811 ], [ 153.0876811547719, -27.491365491420794 ], [ 153.086150054964747, -27.49114049126494 ], [ 153.086190025015071, -27.490708501265551 ], [ 153.086525205182085, -27.489104421286598 ] ] ] ] } },
{ "type": "Feature", "properties": { "sa1_2021": "30301104916", "sa2_2021": "303011049", "sa2_2021_name": "Carina", "sa1_2021_short": 3104916 }, "geometry": { "type": "MultiPolygon", "coordinates": [ [ [ [ 153.090444024670973, -27.489819331686604 ], [ 153.090682114811017, -27.488510421700209 ], [ 153.091286184735168, -27.488597441761701 ], [ 153.092805844545097, -27.488810601916331 ], [ 153.093111004506909, -27.488853411947385 ], [ 153.093261864487715, -27.488877441962757 ], [ 153.093788194422217, -27.488948442016287 ], [ 153.094396934346378, -27.489031432078217 ], [ 153.093962044115131, -27.491227422051804 ], [ 153.093568933888776, -27.493349452029015 ], [ 153.092469884026769, -27.493191421917142 ], [ 153.09200972408334, -27.49313446187038 ], [ 153.091646184128109, -27.493089451833438 ], [ 153.091489964137367, -27.493148481818178 ], [ 153.091443134110506, -27.493400491815461 ], [ 153.089751144258884, -27.493663471647267 ], [ 153.089919994363498, -27.492693441656581 ], [ 153.090070154451752, -27.491868761665177 ], [ 153.090172934440261, -27.491872261675557 ], [ 153.090888114350179, -27.491977501748352 ], [ 153.09099028440852, -27.491429851754312 ], [ 153.091224134498049, -27.490523921770681 ], [ 153.091327254543302, -27.490078941777544 ], [ 153.090553814640572, -27.489966041698814 ], [ 153.090420554657186, -27.489948071685262 ], [ 153.090444024670973, -27.489819331686604 ] ] ] ] } },
{ "type": "Feature", "properties": { "sa1_2021": "30301104917", "sa2_2021": "303011049", "sa2_2021_name": "Carina", "sa1_2021_short": 3104917 }, "geometry": { "type": "MultiPolygon", "coordinates": [ [ [ [ 153.093962044115131, -27.491227422051804 ], [ 153.094396934346378, -27.489031432078217 ], [ 153.094756934301529, -27.48908048211484 ], [ 153.095325024230789, -27.489157442172626 ], [ 153.096351004102445, -27.489301422277045 ], [ 153.096845684040488, -27.489371392327392 ], [ 153.097355073976729, -27.489443452379234 ], [ 153.098221953868006, -27.489567472467495 ], [ 153.09892790377981, -27.489665492539327 ], [ 153.101112023506005, -27.489976432761676 ], [ 153.101792053272476, -27.49124444284017 ], [ 153.101873043238328, -27.491445412849913 ], [ 153.101622843049711, -27.493147482838172 ], [ 153.099760943283911, -27.492876422648585 ], [ 153.097161043610726, -27.492499482383863 ], [ 153.096282813721217, -27.492371262294441 ], [ 153.095777183784861, -27.492297442242968 ], [ 153.095722103764416, -27.492505442239068 ], [ 153.095221033824799, -27.492453452188219 ], [ 153.094722043884815, -27.492402472137599 ], [ 153.094517203766486, -27.493511452125741 ], [ 153.094021213830416, -27.493426712075141 ], [ 153.093568933888776, -27.493349452029015 ], [ 153.093962044115131, -27.491227422051804 ] ] ] ] } },
{ "type": "Feature", "properties": { "sa1_2021": "30301104919", "sa2_2021": "303011049", "sa2_2021_name": "Carina", "sa1_2021_short": 3104919 }, "geometry": { "type": "MultiPolygon", "coordinates": [ [ [ [ 153.091443134110506, -27.493400491815461 ], [ 153.091489964137367, -27.493148481818178 ], [ 153.091646184128109, -27.493089451833438 ], [ 153.09200972408334, -27.49313446187038 ], [ 153.092469884026769, -27.493191421917142 ], [ 153.093568933888776, -27.493349452029015 ], [ 153.093552033877813, -27.493450462028115 ], [ 153.093389863776508, -27.494388282019202 ], [ 153.093198163656325, -27.4955004620087 ], [ 153.093154953638305, -27.495679472005762 ], [ 153.092979973660249, -27.495654441987956 ], [ 153.09204502377554, -27.495536421892929 ], [ 153.091565193833816, -27.495483441844215 ], [ 153.091077043889499, -27.495457431794883 ], [ 153.090475123947158, -27.495512431734738 ], [ 153.089425014041211, -27.495660471630224 ], [ 153.089403004060784, -27.495524471626933 ], [ 153.089486924109963, -27.495064491631744 ], [ 153.089594924165823, -27.4945314316384 ], [ 153.089598134178175, -27.494431441637932 ], [ 153.089719094249176, -27.493767421644858 ], [ 153.089751144258884, -27.493663471647267 ], [ 153.091443134110506, -27.493400491815461 ] ] ] ] } },
{ "type": "Feature", "properties": { "sa1_2021": "30301104920", "sa2_2021": "303011049", "sa2_2021_name": "Carina", "sa1_2021_short": 3104920 }, "geometry": { "type": "MultiPolygon", "coordinates": [ [ [ [ 153.095722103764416, -27.492505442239068 ], [ 153.095777183784861, -27.492297442242968 ], [ 153.096282813721217, -27.492371262294441 ], [ 153.097161043610726, -27.492499482383863 ], [ 153.096945803486051, -27.493667182371432 ], [ 153.09682407341549, -27.494327492364395 ], [ 153.096750963367668, -27.494767432360508 ], [ 153.096688443326769, -27.495143592357191 ], [ 153.095793463439577, -27.495011632266067 ], [ 153.095608443333845, -27.496003772255278 ], [ 153.095092293399688, -27.495921212202681 ], [ 153.094390113489112, -27.495810412131117 ], [ 153.094017153534367, -27.495769472093247 ], [ 153.093154953638305, -27.495679472005762 ], [ 153.093198163656325, -27.4955004620087 ], [ 153.093389863776508, -27.494388282019202 ], [ 153.093552033877813, -27.493450462028115 ], [ 153.093568933888776, -27.493349452029015 ], [ 153.094021213830416, -27.493426712075141 ], [ 153.094517203766486, -27.493511452125741 ], [ 153.094722043884815, -27.492402472137599 ], [ 153.095221033824799, -27.492453452188219 ], [ 153.095722103764416, -27.492505442239068 ] ] ] ] } },
{ "type": "Feature", "properties": { "sa1_2021": "30301104921", "sa2_2021": "303011049", "sa2_2021_name": "Carina", "sa1_2021_short": 3104921 }, "geometry": { "type": "MultiPolygon", "coordinates": [ [ [ [ 153.09682407341549, -27.494327492364395 ], [ 153.096945803486051, -27.493667182371432 ], [ 153.097161043610726, -27.492499482383863 ], [ 153.099760943283911, -27.492876422648585 ], [ 153.101622843049711, -27.493147482838172 ], [ 153.101338102847819, -27.494983502824024 ], [ 153.101210392756826, -27.495810742817696 ], [ 153.101100852678712, -27.496520422812278 ], [ 153.100925832557692, -27.497624632803394 ], [ 153.100734032425152, -27.498834422793632 ], [ 153.100713882406382, -27.498999482792918 ], [ 153.09936389268708, -27.497927472648534 ], [ 153.098882862786041, -27.497553872597152 ], [ 153.098120082942927, -27.496961422515685 ], [ 153.097434973065475, -27.496574422443651 ], [ 153.096861853158032, -27.496329442384031 ], [ 153.096407173225174, -27.496184442337114 ], [ 153.095763893314, -27.496028492271122 ], [ 153.095608443333845, -27.496003772255278 ], [ 153.095793463439577, -27.495011632266067 ], [ 153.096688443326769, -27.495143592357191 ], [ 153.096750963367668, -27.494767432360508 ], [ 153.09682407341549, -27.494327492364395 ] ] ] ] } },
{ "type": "Feature", "properties": { "sa1_2021": "30301104925", "sa2_2021": "303011049", "sa2_2021_name": "Carina", "sa1_2021_short": 3104925 }, "geometry": { "type": "MultiPolygon", "coordinates": [ [ [ [ 153.085994924866384, -27.492049491256523 ], [ 153.086150054964747, -27.49114049126494 ], [ 153.0876811547719, -27.491365491420794 ], [ 153.087664294762192, -27.491456531419811 ], [ 153.087739114753191, -27.491464131427406 ], [ 153.088147184701711, -27.491524831468947 ], [ 153.088137994696268, -27.49157565146843 ], [ 153.089972184465807, -27.491840861655103 ], [ 153.090070154451752, -27.491868761665177 ], [ 153.089919994363498, -27.492693441656581 ], [ 153.089751144258884, -27.493663471647267 ], [ 153.089719094249176, -27.493767421644858 ], [ 153.088139084448386, -27.493533411484009 ], [ 153.087838104505039, -27.493341441452209 ], [ 153.087295024573592, -27.493260441396913 ], [ 153.086871144627054, -27.493197431353764 ], [ 153.085797974762386, -27.493038411244523 ], [ 153.085927954837388, -27.492335421252047 ], [ 153.085994924866384, -27.492049491256523 ] ] ] ] } },
{ "type": "Feature", "properties": { "sa1_2021": "30301104926", "sa2_2021": "303011049", "sa2_2021_name": "Carina", "sa1_2021_short": 3104926 }, "geometry": { "type": "MultiPolygon", "coordinates": [ [ [ [ 153.085988064457553, -27.495286431281407 ], [ 153.085372094625285, -27.494483461213093 ], [ 153.085499914626013, -27.494369431225056 ], [ 153.085584124636142, -27.49421741123232 ], [ 153.085797974762386, -27.493038411244523 ], [ 153.086871144627054, -27.493197431353764 ], [ 153.087295024573592, -27.493260441396913 ], [ 153.087838104505039, -27.493341441452209 ], [ 153.088139084448386, -27.493533411484009 ], [ 153.089719094249176, -27.493767421644858 ], [ 153.089598134178175, -27.494431441637932 ], [ 153.089594924165823, -27.4945314316384 ], [ 153.089486924109963, -27.495064491631744 ], [ 153.089403004060784, -27.495524471626933 ], [ 153.089425014041211, -27.495660471630224 ], [ 153.08870103410402, -27.495778461558295 ], [ 153.087173184239191, -27.496006431406357 ], [ 153.086876914276445, -27.495963401376205 ], [ 153.086601854319639, -27.495855421347667 ], [ 153.086340144370553, -27.495675411319922 ], [ 153.0861011044272, -27.495430441293927 ], [ 153.085988064457553, -27.495286431281407 ] ] ] ] } },
{ "type": "Feature", "properties": { "sa1_2021": "30301105001", "sa2_2021": "303011050", "sa2_2021_name": "Carina Heights", "sa1_2021_short": 3105001 }, "geometry": { "type": "MultiPolygon", "coordinates": [ [ [ [ 153.086780484005232, -27.498188401384095 ], [ 153.086938164099223, -27.497312131393031 ], [ 153.086949404105951, -27.497249511393662 ], [ 153.087173184239191, -27.496006431406357 ], [ 153.08870103410402, -27.495778461558295 ], [ 153.088594134044854, -27.496336461551952 ], [ 153.088408013939045, -27.497330441541084 ], [ 153.0883590339119, -27.497586461538177 ], [ 153.088206023824767, -27.498405031529263 ], [ 153.088145183790118, -27.4987304715257 ], [ 153.087988923700578, -27.499570421516612 ], [ 153.087897853646581, -27.500074441511437 ], [ 153.087876033633847, -27.500193451510174 ], [ 153.087599033475698, -27.50167844149405 ], [ 153.087491063414404, -27.502254401487725 ], [ 153.087308193314044, -27.503202471476818 ], [ 153.08728403329971, -27.503336451475452 ], [ 153.087164903314374, -27.503321451463343 ], [ 153.086430153408514, -27.503201471388458 ], [ 153.085907073510469, -27.502839411332964 ], [ 153.086128193633556, -27.501679591346051 ], [ 153.086426173799339, -27.500116471363675 ], [ 153.086501223841395, -27.499720381368107 ], [ 153.086570933880438, -27.499352461372201 ], [ 153.086720983969855, -27.498518701380714 ], [ 153.086780484005232, -27.498188401384095 ] ] ] ] } },
{ "type": "Feature", "properties": { "sa1_2021": "30301105002", "sa2_2021": "303011050", "sa2_2021_name": "Carina Heights", "sa1_2021_short": 3105002 }, "geometry": { "type": "MultiPolygon", "coordinates": [ [ [ [ 153.091078393561048, -27.498051651815519 ], [ 153.091339113711769, -27.496639491830596 ], [ 153.091389843736209, -27.496403431833841 ], [ 153.091565193833816, -27.495483441844215 ], [ 153.09204502377554, -27.495536421892929 ], [ 153.092979973660249, -27.495654441987956 ], [ 153.093154953638305, -27.495679472005762 ], [ 153.094017153534367, -27.495769472093247 ], [ 153.094390113489112, -27.495810412131117 ], [ 153.094213053386596, -27.496770452120877 ], [ 153.094131833340839, -27.497201092116118 ], [ 153.094003103268165, -27.497884462108562 ], [ 153.093459142963127, -27.500755462076501 ], [ 153.092051923140957, -27.500544411933205 ], [ 153.091349773229695, -27.500439131861707 ], [ 153.090645023318785, -27.500333461789943 ], [ 153.090788693399105, -27.499576681798427 ], [ 153.09082216341784, -27.499400431800396 ], [ 153.091000463517418, -27.49846242181092 ], [ 153.091078393561048, -27.498051651815519 ] ] ] ] } },
{ "type": "Feature", "properties": { "sa1_2021": "30301105003", "sa2_2021": "303011050", "sa2_2021_name": "Carina Heights", "sa1_2021_short": 3105003 }, "geometry": { "type": "MultiPolygon", "coordinates": [ [ [ [ 153.0883590339119, -27.497586461538177 ], [ 153.088408013939045, -27.497330441541084 ], [ 153.088594134044854, -27.496336461551952 ], [ 153.08870103410402, -27.495778461558295 ], [ 153.089425014041211, -27.495660471630224 ], [ 153.090475123947158, -27.495512431734738 ], [ 153.091077043889499, -27.495457431794883 ], [ 153.091565193833816, -27.495483441844215 ], [ 153.091389843736209, -27.496403431833841 ], [ 153.091339113711769, -27.496639491830596 ], [ 153.091078393561048, -27.498051651815519 ], [ 153.091000463517418, -27.49846242181092 ], [ 153.09082216341784, -27.499400431800396 ], [ 153.089886853496495, -27.499572401707621 ], [ 153.088707863596312, -27.499784451590653 ], [ 153.087897853646581, -27.500074441511437 ], [ 153.087988923700578, -27.499570421516612 ], [ 153.088145183790118, -27.4987304715257 ], [ 153.088206023824767, -27.498405031529263 ], [ 153.0883590339119, -27.497586461538177 ] ] ] ] } },
{ "type": "Feature", "properties": { "sa1_2021": "30301105004", "sa2_2021": "303011050", "sa2_2021_name": "Carina Heights", "sa1_2021_short": 3105004 }, "geometry": { "type": "MultiPolygon", "coordinates": [ [ [ [ 153.089886853496495, -27.499572401707621 ], [ 153.09082216341784, -27.499400431800396 ], [ 153.090788693399105, -27.499576681798427 ], [ 153.090645023318785, -27.500333461789943 ], [ 153.090374963166994, -27.501761661774047 ], [ 153.09019396306536, -27.502718461763397 ], [ 153.09000098295661, -27.503741491752056 ], [ 153.088302163171392, -27.503486431579091 ], [ 153.087407183283688, -27.503358451488015 ], [ 153.08728403329971, -27.503336451475452 ], [ 153.087308193314044, -27.503202471476818 ], [ 153.087491063414404, -27.502254401487725 ], [ 153.087599033475698, -27.50167844149405 ], [ 153.087876033633847, -27.500193451510174 ], [ 153.087897853646581, -27.500074441511437 ], [ 153.088707863596312, -27.499784451590653 ], [ 153.089886853496495, -27.499572401707621 ] ] ] ] } },
{ "type": "Feature", "properties": { "sa1_2021": "30301105005", "sa2_2021": "303011050", "sa2_2021_name": "Carina Heights", "sa1_2021_short": 3105005 }, "geometry": { "type": "MultiPolygon", "coordinates": [ [ [ [ 153.090374963166994, -27.501761661774047 ], [ 153.090645023318785, -27.500333461789943 ], [ 153.091349773229695, -27.500439131861707 ], [ 153.092051923140957, -27.500544411933205 ], [ 153.093459142963127, -27.500755462076501 ], [ 153.093001942707446, -27.503163422049521 ], [ 153.092987162696119, -27.503265462048834 ], [ 153.092833092610249, -27.504074492039724 ], [ 153.092805022613391, -27.504073492036895 ], [ 153.092784872615169, -27.504076472034885 ], [ 153.092765052616272, -27.504084482032951 ], [ 153.09274812261674, -27.504095452031336 ], [ 153.092734102616475, -27.504109492030032 ], [ 153.092722932615658, -27.504125422029038 ], [ 153.092717202613983, -27.504143422028601 ], [ 153.092717202613471, -27.504147472028642 ], [ 153.090574102884034, -27.503828421810432 ], [ 153.09000098295661, -27.503741491752056 ], [ 153.09019396306536, -27.502718461763397 ], [ 153.090374963166994, -27.501761661774047 ] ] ] ] } },
{ "type": "Feature", "properties": { "sa1_2021": "30301105006", "sa2_2021": "303011050", "sa2_2021_name": "Carina Heights", "sa1_2021_short": 3105006 }, "geometry": { "type": "MultiPolygon", "coordinates": [ [ [ [ 153.094003103268165, -27.497884462108562 ], [ 153.094131833340839, -27.497201092116118 ], [ 153.094213053386596, -27.496770452120877 ], [ 153.094390113489112, -27.495810412131117 ], [ 153.095092293399688, -27.495921212202681 ], [ 153.095608443333845, -27.496003772255278 ], [ 153.095763893314, -27.496028492271122 ], [ 153.096407173225174, -27.496184442337114 ], [ 153.096861853158032, -27.496329442384031 ], [ 153.097434973065475, -27.496574422443651 ], [ 153.098120082942927, -27.496961422515685 ], [ 153.098882862786041, -27.497553872597152 ], [ 153.098773432759884, -27.497852992588495 ], [ 153.098541982631644, -27.499062652574761 ], [ 153.098409012557994, -27.499757032566862 ], [ 153.097872322260912, -27.502558822534983 ], [ 153.097837932241873, -27.502738162532935 ], [ 153.097778042259165, -27.502652452526227 ], [ 153.097125022371216, -27.502321462457878 ], [ 153.096340922465885, -27.502238472378288 ], [ 153.095695092512614, -27.5024175023147 ], [ 153.095362102552798, -27.5023824822809 ], [ 153.095372912599629, -27.502003492278998 ], [ 153.094386862723525, -27.501861462178628 ], [ 153.094562932823692, -27.500920422188901 ], [ 153.093459142963127, -27.500755462076501 ], [ 153.094003103268165, -27.497884462108562 ] ] ] ] } },
{ "type": "Feature", "properties": { "sa1_2021": "30301105007", "sa2_2021": "303011050", "sa2_2021_name": "Carina Heights", "sa1_2021_short": 3105007 }, "geometry": { "type": "MultiPolygon", "coordinates": [ [ [ [ 153.089752382322217, -27.508964191768321 ], [ 153.087238042640848, -27.508581031512275 ], [ 153.087430032749666, -27.507558391523506 ], [ 153.087259282792104, -27.507368281504824 ], [ 153.086656232867853, -27.507281441443453 ], [ 153.086556952880073, -27.507268961433358 ], [ 153.086771063002061, -27.50612342144586 ], [ 153.08777510287419, -27.506281461548138 ], [ 153.08818408282167, -27.506349411589831 ], [ 153.088707862774527, -27.506277411641971 ], [ 153.089643142655575, -27.506423491737252 ], [ 153.090789022508034, -27.506616441854096 ], [ 153.092483892301686, -27.506808422026186 ], [ 153.092356112189549, -27.507802462021179 ], [ 153.092117072074842, -27.508911442005882 ], [ 153.092432721999302, -27.509240562040258 ], [ 153.092272082002921, -27.509348152024941 ], [ 153.089752382322217, -27.508964191768321 ] ] ] ] } },
{ "type": "Feature", "properties": { "sa1_2021": "30301105008", "sa2_2021": "303011050", "sa2_2021_name": "Carina Heights", "sa1_2021_short": 3105008 }, "geometry": { "type": "MultiPolygon", "coordinates": [ [ [ [ 153.08777510287419, -27.506281461548138 ], [ 153.086771063002061, -27.50612342144586 ], [ 153.086855193050724, -27.505667581450719 ], [ 153.08693016309411, -27.505261491455048 ], [ 153.087258153286257, -27.503464471473858 ], [ 153.08728403329971, -27.503336451475452 ], [ 153.087407183283688, -27.503358451488015 ], [ 153.088302163171392, -27.503486431579091 ], [ 153.09000098295661, -27.503741491752056 ], [ 153.090574102884034, -27.503828421810432 ], [ 153.092717202613471, -27.504147472028642 ], [ 153.092715012611819, -27.504162422028529 ], [ 153.09271720260918, -27.504181492028902 ], [ 153.092722932606279, -27.50419949202962 ], [ 153.092734102603032, -27.504215422030882 ], [ 153.092748122599772, -27.504229462032399 ], [ 153.092765052596548, -27.504240432034191 ], [ 153.092784872593398, -27.504248442036246 ], [ 153.092798932591677, -27.504250422037671 ], [ 153.092721142548356, -27.504658502033074 ], [ 153.092645882505678, -27.505059452028664 ], [ 153.092466992411744, -27.505953402017724 ], [ 153.092379142355213, -27.506474422012996 ], [ 153.092483892301686, -27.506808422026186 ], [ 153.090789022508034, -27.506616441854096 ], [ 153.089643142655575, -27.506423491737252 ], [ 153.088707862774527, -27.506277411641971 ], [ 153.08818408282167, -27.506349411589831 ], [ 153.08777510287419, -27.506281461548138 ] ] ] ] } },
{ "type": "Feature", "properties": { "sa1_2021": "30301105009", "sa2_2021": "303011050", "sa2_2021_name": "Carina Heights", "sa1_2021_short": 3105009 }, "geometry": { "type": "MultiPolygon", "coordinates": [ [ [ [ 153.09402292244792, -27.504347462161643 ], [ 153.094017152446241, -27.504365462161196 ], [ 153.094005982445395, -27.504381482160202 ], [ 153.093991932445135, -27.504395432158898 ], [ 153.093975032445599, -27.50440649215728 ], [ 153.09395484244672, -27.504414412155317 ], [ 153.09393506244848, -27.504417482153343 ], [ 153.093913092450833, -27.504417482151133 ], [ 153.093907032451597, -27.504416442150518 ], [ 153.09389294245338, -27.504414412149085 ], [ 153.093873162456504, -27.504406492147034 ], [ 153.093855892459771, -27.504395432145206 ], [ 153.093842172463013, -27.504381482143714 ], [ 153.093831002466203, -27.504365462142459 ], [ 153.093824902469152, -27.504347462141713 ], [ 153.093823122471747, -27.504328462141377 ], [ 153.093824902473472, -27.504313432141437 ], [ 153.092915182588399, -27.504177442048807 ], [ 153.092915182587916, -27.504181492048833 ], [ 153.092909052586265, -27.50419949204835 ], [ 153.092897882585447, -27.504215422047352 ], [ 153.092883862585182, -27.504229462046055 ], [ 153.092866962585617, -27.504240432044451 ], [ 153.09284714258672, -27.50424844204251 ], [ 153.092826992588499, -27.504251422040507 ], [ 153.092805022590881, -27.504251422038291 ], [ 153.092798932591677, -27.504250422037671 ], [ 153.092784872593398, -27.504248442036246 ], [ 153.092765052596548, -27.504240432034191 ], [ 153.092748122599772, -27.504229462032399 ], [ 153.092734102603032, -27.504215422030882 ], [ 153.092722932606279, -27.50419949202962 ], [ 153.09271720260918, -27.504181492028902 ], [ 153.092715012611819, -27.504162422028529 ], [ 153.092717202613471, -27.504147472028642 ], [ 153.092717202613983, -27.504143422028601 ], [ 153.092722932615658, -27.504125422029038 ], [ 153.092734102616475, -27.504109492030032 ], [ 153.09274812261674, -27.504095452031336 ], [ 153.092765052616272, -27.504084482032951 ], [ 153.092784872615169, -27.504076472034885 ], [ 153.092805022613391, -27.504073492036895 ], [ 153.092833092610249, -27.504074492039724 ], [ 153.092987162696119, -27.503265462048834 ], [ 153.093001942707446, -27.503163422049521 ], [ 153.093459142963127, -27.500755462076501 ], [ 153.094562932823692, -27.500920422188901 ], [ 153.094386862723525, -27.501861462178628 ], [ 153.095372912599629, -27.502003492278998 ], [ 153.095362102552798, -27.5023824822809 ], [ 153.095695092512614, -27.5024175023147 ], [ 153.096340922465885, -27.502238472378288 ], [ 153.097125022371216, -27.502321462457878 ], [ 153.097778042259165, -27.502652452526227 ], [ 153.097837932241873, -27.502738162532935 ], [ 153.097727672181122, -27.503311832526371 ], [ 153.097521372067632, -27.50438290251407 ], [ 153.098992391881751, -27.504603332663891 ], [ 153.099542261812246, -27.504685732719903 ], [ 153.099622821802484, -27.504694572728088 ], [ 153.099533071753228, -27.505159442722722 ], [ 153.098554941876813, -27.505013462623111 ], [ 153.096729032107476, -27.504740492437133 ], [ 153.095935952207498, -27.504623482356379 ], [ 153.094930122334006, -27.504477422253981 ], [ 153.09402292244792, -27.504347462161643 ] ] ] ] } },
{ "type": "Feature", "properties": { "sa1_2021": "30301105010", "sa2_2021": "303011050", "sa2_2021_name": "Carina Heights", "sa1_2021_short": 3105010 }, "geometry": { "type": "MultiPolygon", "coordinates": [ [ [ [ 153.098409012557994, -27.499757032566862 ], [ 153.098541982631644, -27.499062652574761 ], [ 153.098773432759884, -27.497852992588495 ], [ 153.098882862786041, -27.497553872597152 ], [ 153.09936389268708, -27.497927472648534 ], [ 153.100713882406382, -27.498999482792918 ], [ 153.100313182181253, -27.501117452769318 ], [ 153.10011703207357, -27.502134342757603 ], [ 153.099828531915307, -27.503628732740374 ], [ 153.099622821802484, -27.504694572728088 ], [ 153.099542261812246, -27.504685732719903 ], [ 153.098992391881751, -27.504603332663891 ], [ 153.097521372067632, -27.50438290251407 ], [ 153.097727672181122, -27.503311832526371 ], [ 153.097837932241873, -27.502738162532935 ], [ 153.097872322260912, -27.502558822534983 ], [ 153.098409012557994, -27.499757032566862 ] ] ] ] } },
{ "type": "Feature", "properties": { "sa1_2021": "30301105011", "sa2_2021": "303011050", "sa2_2021_name": "Carina Heights", "sa1_2021_short": 3105011 }, "geometry": { "type": "MultiPolygon", "coordinates": [ [ [ [ 153.093907032451597, -27.504416442150518 ], [ 153.093913092450833, -27.504417482151133 ], [ 153.09393506244848, -27.504417482153343 ], [ 153.09395484244672, -27.504414412155317 ], [ 153.093975032445599, -27.50440649215728 ], [ 153.093991932445135, -27.504395432158898 ], [ 153.094005982445395, -27.504381482160202 ], [ 153.094017152446241, -27.504365462161196 ], [ 153.09402292244792, -27.504347462161643 ], [ 153.094930122334006, -27.504477422253981 ], [ 153.095935952207498, -27.504623482356379 ], [ 153.095763132112751, -27.505518432346047 ], [ 153.095591072017413, -27.506417462335836 ], [ 153.095422951922131, -27.507312412325991 ], [ 153.095150041770012, -27.508745482309838 ], [ 153.095060211781316, -27.508732582300702 ], [ 153.095041781772011, -27.508821872299553 ], [ 153.094976551733652, -27.509180362295819 ], [ 153.096095421592906, -27.509342362409726 ], [ 153.096160581631295, -27.508983892413454 ], [ 153.096183831639593, -27.508898402415113 ], [ 153.096326181621663, -27.508919452429605 ], [ 153.096122031519627, -27.509898452416792 ], [ 153.096053631529571, -27.509877772409745 ], [ 153.094991701663474, -27.509721372301616 ], [ 153.092692021953582, -27.509381562067468 ], [ 153.092556641968457, -27.509378902053818 ], [ 153.092432721999302, -27.509240562040258 ], [ 153.092117072074842, -27.508911442005882 ], [ 153.092356112189549, -27.507802462021179 ], [ 153.092483892301686, -27.506808422026186 ], [ 153.092379142355213, -27.506474422012996 ], [ 153.092466992411744, -27.505953402017724 ], [ 153.092645882505678, -27.505059452028664 ], [ 153.092721142548356, -27.504658502033074 ], [ 153.092798932591677, -27.504250422037671 ], [ 153.092805022590881, -27.504251422038291 ], [ 153.092826992588499, -27.504251422040507 ], [ 153.09284714258672, -27.50424844204251 ], [ 153.092866962585617, -27.504240432044451 ], [ 153.092883862585182, -27.504229462046055 ], [ 153.092897882585447, -27.504215422047352 ], [ 153.092909052586265, -27.50419949204835 ], [ 153.092915182587916, -27.504181492048833 ], [ 153.092915182588399, -27.504177442048807 ], [ 153.093824902473472, -27.504313432141437 ], [ 153.093823122471747, -27.504328462141377 ], [ 153.093824902469152, -27.504347462141713 ], [ 153.093831002466203, -27.504365462142459 ], [ 153.093842172463013, -27.504381482143714 ], [ 153.093855892459771, -27.504395432145206 ], [ 153.093873162456504, -27.504406492147034 ], [ 153.09389294245338, -27.504414412149085 ], [ 153.093907032451597, -27.504416442150518 ] ] ] ] } },
{ "type": "Feature", "properties": { "sa1_2021": "30301105012", "sa2_2021": "303011050", "sa2_2021_name": "Carina Heights", "sa1_2021_short": 3105012 }, "geometry": { "type": "MultiPolygon", "coordinates": [ [ [ [ 153.095763132112751, -27.505518432346047 ], [ 153.095935952207498, -27.504623482356379 ], [ 153.096729032107476, -27.504740492437133 ], [ 153.098554941876813, -27.505013462623111 ], [ 153.099533071753228, -27.505159442722722 ], [ 153.099021851470724, -27.507824422692316 ], [ 153.098904871417204, -27.508346422684667 ], [ 153.098765291332057, -27.509136982676868 ], [ 153.098568661212227, -27.510250422665862 ], [ 153.098499501220658, -27.510242542658844 ], [ 153.09620642151026, -27.509900562425308 ], [ 153.096122031519627, -27.509898452416792 ], [ 153.096326181621663, -27.508919452429605 ], [ 153.096183831639593, -27.508898402415113 ], [ 153.096160581631295, -27.508983892413454 ], [ 153.096095421592906, -27.509342362409726 ], [ 153.094976551733652, -27.509180362295819 ], [ 153.095041781772011, -27.508821872299553 ], [ 153.095060211781316, -27.508732582300702 ], [ 153.095150041770012, -27.508745482309838 ], [ 153.095422951922131, -27.507312412325991 ], [ 153.095591072017413, -27.506417462335836 ], [ 153.095763132112751, -27.505518432346047 ] ] ] ] } },
{ "type": "Feature", "properties": { "sa1_2021": "30301105013", "sa2_2021": "303011050", "sa2_2021_name": "Carina Heights", "sa1_2021_short": 3105013 }, "geometry": { "type": "MultiPolygon", "coordinates": [ [ [ [ 153.094991701663474, -27.509721372301616 ], [ 153.096053631529571, -27.509877772409745 ], [ 153.096122031519627, -27.509898452416792 ], [ 153.09620642151026, -27.509900562425308 ], [ 153.098499501220658, -27.510242542658844 ], [ 153.098568661212227, -27.510250422665862 ], [ 153.098255131021062, -27.512026052648338 ], [ 153.09818198097642, -27.512440432644254 ], [ 153.098036890997719, -27.512395442629284 ], [ 153.097324091098869, -27.512201482555998 ], [ 153.09599100129023, -27.511821422418812 ], [ 153.095294061419793, -27.511389412345242 ], [ 153.094804091521951, -27.510998452292828 ], [ 153.094485151592806, -27.510709462258436 ], [ 153.093662191764935, -27.510048422170385 ], [ 153.092631141951756, -27.509447482061862 ], [ 153.092556641968457, -27.509378902053818 ], [ 153.092692021953582, -27.509381562067468 ], [ 153.094991701663474, -27.509721372301616 ] ] ] ] } },
{ "type": "Feature", "properties": { "sa1_2021": "30301105014", "sa2_2021": "303011050", "sa2_2021_name": "Carina Heights", "sa1_2021_short": 3105014 }, "geometry": { "type": "MultiPolygon", "coordinates": [ [ [ [ 153.095925011092419, -27.513439452424937 ], [ 153.093695951374684, -27.513102122197918 ], [ 153.09181605161271, -27.512817462006456 ], [ 153.092387791936915, -27.50977156203993 ], [ 153.092427321973901, -27.509445632041331 ], [ 153.092556641968457, -27.509378902053818 ], [ 153.092631141951756, -27.509447482061862 ], [ 153.093662191764935, -27.510048422170385 ], [ 153.094485151592806, -27.510709462258436 ], [ 153.094804091521951, -27.510998452292828 ], [ 153.095294061419793, -27.511389412345242 ], [ 153.09599100129023, -27.511821422418812 ], [ 153.097324091098869, -27.512201482555998 ], [ 153.098036890997719, -27.512395442629284 ], [ 153.09818198097642, -27.512440432644254 ], [ 153.097929990838622, -27.513742462629178 ], [ 153.096616131004936, -27.513543882495352 ], [ 153.096057031075816, -27.513458452438392 ], [ 153.095925011092419, -27.513439452424937 ] ] ] ] } },
{ "type": "Feature", "properties": { "sa1_2021": "30301105015", "sa2_2021": "303011050", "sa2_2021_name": "Carina Heights", "sa1_2021_short": 3105015 }, "geometry": { "type": "MultiPolygon", "coordinates": [ [ [ [ 153.093695951374684, -27.513102122197918 ], [ 153.095925011092419, -27.513439452424937 ], [ 153.096057031075816, -27.513458452438392 ], [ 153.096616131004936, -27.513543882495352 ], [ 153.097929990838622, -27.513742462629178 ], [ 153.09760576066239, -27.515409402609702 ], [ 153.097563120639194, -27.515628502607143 ], [ 153.097477170592441, -27.516070572601979 ], [ 153.097387850543896, -27.516529802596626 ], [ 153.097201010442348, -27.517490432585404 ], [ 153.09712107045155, -27.517485472577334 ], [ 153.09701811046196, -27.517490432566994 ], [ 153.096700920491855, -27.517523452535322 ], [ 153.096141160543596, -27.517590402479506 ], [ 153.095854960571302, -27.517614432450884 ], [ 153.095721040586938, -27.517604442437335 ], [ 153.095478030622075, -27.517533442412304 ], [ 153.095011120695688, -27.517348502363845 ], [ 153.094912860711645, -27.517305432353627 ], [ 153.094626990758314, -27.517179462323842 ], [ 153.09445993078225, -27.517132492306661 ], [ 153.094218010813165, -27.517093442282 ], [ 153.094102520826254, -27.517088652270328 ], [ 153.093603500882438, -27.517067962219954 ], [ 153.093001360950353, -27.517043012159149 ], [ 153.091551031113823, -27.516982922012705 ], [ 153.091072181167789, -27.516963071964351 ], [ 153.091084921178947, -27.516864301964855 ], [ 153.091798641603134, -27.51290790200542 ], [ 153.09181605161271, -27.512817462006456 ], [ 153.093695951374684, -27.513102122197918 ] ] ] ] } },
{ "type": "Feature", "properties": { "sa1_2021": "30301105016", "sa2_2021": "303011050", "sa2_2021_name": "Carina Heights", "sa1_2021_short": 3105016 }, "geometry": { "type": "MultiPolygon", "coordinates": [ [ [ [ 153.081943422224299, -27.516367651041083 ], [ 153.081178022352617, -27.516003450961197 ], [ 153.080773272424238, -27.515781710918727 ], [ 153.08006327258002, -27.515153730842343 ], [ 153.079315282676106, -27.515029740766114 ], [ 153.078037092839338, -27.514825430635927 ], [ 153.07686149304044, -27.514234610513007 ], [ 153.075845003214226, -27.513724460406735 ], [ 153.075813033228656, -27.513637450402829 ], [ 153.077406043125421, -27.513100490558816 ], [ 153.079047002938069, -27.513187460724563 ], [ 153.079445042953495, -27.512727460760974 ], [ 153.079544023040711, -27.511954450764822 ], [ 153.08030114304762, -27.511256480835474 ], [ 153.081053193054004, -27.510567430905681 ], [ 153.082331163001584, -27.509896491028947 ], [ 153.084570042809617, -27.509512451251176 ], [ 153.085170022783018, -27.509213461309184 ], [ 153.085565062852368, -27.508330011341943 ], [ 153.085638872864763, -27.508169481348101 ], [ 153.086514032864528, -27.507428451430314 ], [ 153.086556952880073, -27.507268961433358 ], [ 153.086656232867853, -27.507281441443453 ], [ 153.087259282792104, -27.507368281504824 ], [ 153.087430032749666, -27.507558391523506 ], [ 153.087238042640848, -27.508581031512275 ], [ 153.089752382322217, -27.508964191768321 ], [ 153.092272082002921, -27.509348152024941 ], [ 153.092432721999302, -27.509240562040258 ], [ 153.092556641968457, -27.509378902053818 ], [ 153.092427321973901, -27.509445632041331 ], [ 153.092387791936915, -27.50977156203993 ], [ 153.09181605161271, -27.512817462006456 ], [ 153.091798641603134, -27.51290790200542 ], [ 153.091084921178947, -27.516864301964855 ], [ 153.091072181167789, -27.516963071964351 ], [ 153.090189981267258, -27.516926481875277 ], [ 153.089953061298758, -27.516878451851053 ], [ 153.089236931440382, -27.516368031774956 ], [ 153.088571091571964, -27.515893451704198 ], [ 153.088014141651001, -27.515742441646957 ], [ 153.087808941675434, -27.515723461626159 ], [ 153.086700141771701, -27.515904441516017 ], [ 153.086494941785247, -27.5159714914959 ], [ 153.084707611861148, -27.516889531323308 ], [ 153.083480401994478, -27.516878541199748 ], [ 153.08300185204692, -27.516870401151543 ], [ 153.081943422224299, -27.516367651041083 ] ] ] ] } },
{ "type": "Feature", "properties": { "sa1_2021": "30302105301", "sa2_2021": "303021053", "sa2_2021_name": "Coorparoo", "sa1_2021_short": 3105301 }, "geometry": { "type": "MultiPolygon", "coordinates": [ [ [ [ 153.050463497390268, -27.502268277764564 ], [ 153.050707647510194, -27.501111937779953 ], [ 153.050764767538567, -27.500838747783533 ], [ 153.050863647587676, -27.500365937789734 ], [ 153.051067277684808, -27.499424487802756 ], [ 153.051130057714801, -27.499133897806768 ], [ 153.05119404774473, -27.498842427810899 ], [ 153.051568097713243, -27.498773477847944 ], [ 153.052361897654009, -27.498567457926079 ], [ 153.052521037644397, -27.498508427941598 ], [ 153.052645977639969, -27.498437427953593 ], [ 153.052698867623747, -27.498520487959567 ], [ 153.052730907604513, -27.498645397963767 ], [ 153.05261243754623, -27.499207357956301 ], [ 153.052450917466757, -27.499973407946126 ], [ 153.052303537394238, -27.500672497936851 ], [ 153.052247177366553, -27.500939627933288 ], [ 153.052053037271037, -27.501860477921056 ], [ 153.052061757265506, -27.501896707922224 ], [ 153.052120597228281, -27.502141237930072 ], [ 153.052532896967335, -27.503855427985048 ], [ 153.051699897079629, -27.50367541789992 ], [ 153.051121157153887, -27.503579737841012 ], [ 153.050218107269785, -27.503430447749086 ], [ 153.050312567316183, -27.502982837755042 ], [ 153.050463497390268, -27.502268277764564 ] ] ] ] } },
{ "type": "Feature", "properties": { "sa1_2021": "30302105302", "sa2_2021": "303021053", "sa2_2021_name": "Coorparoo", "sa1_2021_short": 3105302 }, "geometry": { "type": "MultiPolygon", "coordinates": [ [ [ [ 153.052247177366553, -27.500939627933288 ], [ 153.052303537394238, -27.500672497936851 ], [ 153.052450917466757, -27.499973407946126 ], [ 153.05261243754623, -27.499207357956301 ], [ 153.052730907604513, -27.498645397963767 ], [ 153.052698867623747, -27.498520487959567 ], [ 153.052645977639969, -27.498437427953593 ], [ 153.053133037645352, -27.497980497998928 ], [ 153.05385591763573, -27.497442478067313 ], [ 153.053958147631931, -27.497385408077136 ], [ 153.05474691761529, -27.496846478152154 ], [ 153.054321037524204, -27.497929448117908 ], [ 153.054174157453275, -27.498615428108572 ], [ 153.05400399736709, -27.499442028098006 ], [ 153.053815947271858, -27.500355408086325 ], [ 153.053656517190888, -27.501131468076434 ], [ 153.053435067078453, -27.502209408062708 ], [ 153.05337794704954, -27.502486648059151 ], [ 153.05319099695501, -27.503393448047529 ], [ 153.052991196908749, -27.503929488031684 ], [ 153.052532896967335, -27.503855427985048 ], [ 153.052120597228281, -27.502141237930072 ], [ 153.052061757265506, -27.501896707922224 ], [ 153.052053037271037, -27.501860477921056 ], [ 153.052247177366553, -27.500939627933288 ] ] ] ] } },
{ "type": "Feature", "properties": { "sa1_2021": "30302105303", "sa2_2021": "303021053", "sa2_2021_name": "Coorparoo", "sa1_2021_short": 3105303 }, "geometry": { "type": "MultiPolygon", "coordinates": [ [ [ [ 153.056618898753584, -27.486248548256526 ], [ 153.056676128763229, -27.486123438261291 ], [ 153.056942028787432, -27.485706448284716 ], [ 153.056768028841219, -27.485428448265026 ], [ 153.056748028879241, -27.485144458260788 ], [ 153.05710802886523, -27.48494944829541 ], [ 153.05671718898526, -27.484331448251247 ], [ 153.056655289000901, -27.484260428244465 ], [ 153.056543049055193, -27.483926448230545 ], [ 153.056578019096293, -27.483571458231253 ], [ 153.056711019087032, -27.483531458244304 ], [ 153.056844029087188, -27.483417438256765 ], [ 153.056933009100106, -27.483239458264308 ], [ 153.056949039135276, -27.482947448263609 ], [ 153.056846029198653, -27.482533458249982 ], [ 153.05676003925376, -27.482170448238463 ], [ 153.056721019303694, -27.481808438231695 ], [ 153.056749019341851, -27.481482448231926 ], [ 153.056827019354216, -27.481318448238465 ], [ 153.057161029382797, -27.480808438268006 ], [ 153.057712429237, -27.48149393832885 ], [ 153.057845399191791, -27.481738938344158 ], [ 153.058899418892906, -27.483208948461709 ], [ 153.059007748855009, -27.483416808474242 ], [ 153.059061878832921, -27.48354547848071 ], [ 153.059227108782949, -27.483800448499323 ], [ 153.059748038629749, -27.484570488557765 ], [ 153.060288058472935, -27.485352408618233 ], [ 153.060774018325219, -27.486108418673066 ], [ 153.060829098297319, -27.48628245867997 ], [ 153.060648058317639, -27.486275448661715 ], [ 153.060483148330945, -27.486310448645423 ], [ 153.059916888355673, -27.486595478590754 ], [ 153.058167988425907, -27.487525458422326 ], [ 153.057991108433015, -27.487619478405286 ], [ 153.057120398467987, -27.488082398321421 ], [ 153.056432448495684, -27.488448128255172 ], [ 153.05597484851404, -27.488691408211107 ], [ 153.055734028480487, -27.489161468190613 ], [ 153.05558926852143, -27.488960668174482 ], [ 153.055695878540604, -27.488718418183279 ], [ 153.055925208590253, -27.488130448201684 ], [ 153.056068658626515, -27.48772183821287 ], [ 153.056436028719276, -27.486675398241516 ], [ 153.056491108731194, -27.486534468245939 ], [ 153.056618898753584, -27.486248548256526 ] ] ] ] } },
{ "type": "Feature", "properties": { "sa1_2021": "30302105305", "sa2_2021": "303021053", "sa2_2021_name": "Coorparoo", "sa1_2021_short": 3105305 }, "geometry": { "type": "MultiPolygon", "coordinates": [ [ [ [ 153.057991108433015, -27.487619478405286 ], [ 153.058167988425907, -27.487525458422326 ], [ 153.059916888355673, -27.486595478590754 ], [ 153.060483148330945, -27.486310448645423 ], [ 153.060648058317639, -27.486275448661715 ], [ 153.060829098297319, -27.48628245867997 ], [ 153.061903658160759, -27.486450318789323 ], [ 153.063505017957226, -27.486700438952283 ], [ 153.063524397901631, -27.487123878957576 ], [ 153.063806367792864, -27.487744888990822 ], [ 153.064035327704175, -27.488251859017858 ], [ 153.064249107620128, -27.488735419043188 ], [ 153.064717407414804, -27.489961869099943 ], [ 153.064678277388452, -27.490203649097918 ], [ 153.064432887222978, -27.491720799085254 ], [ 153.06427903724105, -27.491708459069688 ], [ 153.063876037290527, -27.491659449028777 ], [ 153.063598387309554, -27.491745049001533 ], [ 153.062927547573423, -27.490227158922103 ], [ 153.062443777717931, -27.489494728867687 ], [ 153.061974647737117, -27.489741538822472 ], [ 153.061819487783453, -27.489506808805018 ], [ 153.060526877836338, -27.490186588680455 ], [ 153.060273747911879, -27.489803868651986 ], [ 153.059704058081877, -27.488942728587912 ], [ 153.05903237810935, -27.489296018523191 ], [ 153.058381588192901, -27.489187958456927 ], [ 153.05685110838931, -27.488933768301077 ], [ 153.056596448422027, -27.488891458275152 ], [ 153.05668404841856, -27.488844458283594 ], [ 153.056472678480446, -27.488534358259894 ], [ 153.056432448495684, -27.488448128255172 ], [ 153.057120398467987, -27.488082398321421 ], [ 153.057991108433015, -27.487619478405286 ] ] ] ] } },
{ "type": "Feature", "properties": { "sa1_2021": "30302105306", "sa2_2021": "303021053", "sa2_2021_name": "Coorparoo", "sa1_2021_short": 3105306 }, "geometry": { "type": "MultiPolygon", "coordinates": [ [ [ [ 153.056053038382544, -27.489665448226667 ], [ 153.055734028480487, -27.489161468190613 ], [ 153.05597484851404, -27.488691408211107 ], [ 153.056432448495684, -27.488448128255172 ], [ 153.056472678480446, -27.488534358259894 ], [ 153.05668404841856, -27.488844458283594 ], [ 153.056596448422027, -27.488891458275152 ], [ 153.05685110838931, -27.488933768301077 ], [ 153.058381588192901, -27.489187958456927 ], [ 153.05903237810935, -27.489296018523191 ], [ 153.059704058081877, -27.488942728587912 ], [ 153.060273747911879, -27.489803868651986 ], [ 153.060526877836338, -27.490186588680455 ], [ 153.061819487783453, -27.489506808805018 ], [ 153.061974647737117, -27.489741538822472 ], [ 153.062023517721116, -27.489826768828063 ], [ 153.060295937792489, -27.490729458661541 ], [ 153.059415007828591, -27.491192418576635 ], [ 153.059235027882295, -27.4909204285564 ], [ 153.05844323791456, -27.491337548480111 ], [ 153.058358047918063, -27.491382418471904 ], [ 153.057477157953997, -27.491846448387037 ], [ 153.05714200805599, -27.491324448349218 ], [ 153.056893628130126, -27.490948628321295 ], [ 153.056623968210658, -27.490540458290958 ], [ 153.056121038363017, -27.489762438234269 ], [ 153.056053038382544, -27.489665448226667 ] ] ] ] } },
{ "type": "Feature", "properties": { "sa1_2021": "30302105307", "sa2_2021": "303021053", "sa2_2021_name": "Coorparoo", "sa1_2021_short": 3105307 }, "geometry": { "type": "MultiPolygon", "coordinates": [ [ [ [ 153.058614017617458, -27.493543488514721 ], [ 153.058179887746235, -27.49289341846594 ], [ 153.058005997799029, -27.492623408446324 ], [ 153.057658957901481, -27.492107448407364 ], [ 153.057477157953997, -27.491846448387037 ], [ 153.058358047918063, -27.491382418471904 ], [ 153.05844323791456, -27.491337548480111 ], [ 153.059235027882295, -27.4909204285564 ], [ 153.059415007828591, -27.491192418576635 ], [ 153.059647037757941, -27.491554448602827 ], [ 153.059767127721273, -27.491742408616389 ], [ 153.059898157686206, -27.491908458630867 ], [ 153.060184027604578, -27.492311448662797 ], [ 153.060474857521484, -27.492721428695269 ], [ 153.06093147750704, -27.492448018738994 ], [ 153.0609781574924, -27.492524328744292 ], [ 153.061185037430448, -27.492838458767576 ], [ 153.061400797365906, -27.49316584879185 ], [ 153.061435327355952, -27.49321502879571 ], [ 153.061000097371959, -27.493458448753881 ], [ 153.060327287397655, -27.493826618689162 ], [ 153.059505057429107, -27.494276518610075 ], [ 153.059210027440457, -27.494437448581685 ], [ 153.058907037528598, -27.493997448547749 ], [ 153.058697207591194, -27.493680468524154 ], [ 153.058614017617458, -27.493543488514721 ] ] ] ] } },
{ "type": "Feature", "properties": { "sa1_2021": "30302105308", "sa2_2021": "303021053", "sa2_2021_name": "Coorparoo", "sa1_2021_short": 3105308 }, "geometry": { "type": "MultiPolygon", "coordinates": [ [ [ [ 153.059898157686206, -27.491908458630867 ], [ 153.059767127721273, -27.491742408616389 ], [ 153.059647037757941, -27.491554448602827 ], [ 153.059415007828591, -27.491192418576635 ], [ 153.060295937792489, -27.490729458661541 ], [ 153.062023517721116, -27.489826768828063 ], [ 153.061974647737117, -27.489741538822472 ], [ 153.062443777717931, -27.489494728867687 ], [ 153.062927547573423, -27.490227158922103 ], [ 153.063598387309554, -27.491745049001533 ], [ 153.063876037290527, -27.491659449028777 ], [ 153.06427903724105, -27.491708459069688 ], [ 153.064432887222978, -27.491720799085254 ], [ 153.064379087186722, -27.492053449082462 ], [ 153.063949227217762, -27.492172939040195 ], [ 153.063671637238201, -27.492246959012878 ], [ 153.063318867263888, -27.49234342897817 ], [ 153.062950947290119, -27.492448458942018 ], [ 153.062679897308755, -27.492531428915417 ], [ 153.062450207318733, -27.492647448893244 ], [ 153.062122037330226, -27.492835438861743 ], [ 153.061891137339245, -27.492960108839515 ], [ 153.061435327355952, -27.49321502879571 ], [ 153.061400797365906, -27.49316584879185 ], [ 153.061185037430448, -27.492838458767576 ], [ 153.0609781574924, -27.492524328744292 ], [ 153.06093147750704, -27.492448018738994 ], [ 153.060474857521484, -27.492721428695269 ], [ 153.060184027604578, -27.492311448662797 ], [ 153.059898157686206, -27.491908458630867 ] ] ] ] } },
{ "type": "Feature", "properties": { "sa1_2021": "30302105309", "sa2_2021": "303021053", "sa2_2021_name": "Coorparoo", "sa1_2021_short": 3105309 }, "geometry": { "type": "MultiPolygon", "coordinates": [ [ [ [ 153.052145198382931, -27.49298341786016 ], [ 153.051983908426678, -27.492774447842297 ], [ 153.051901418456652, -27.492607127832695 ], [ 153.051988938451501, -27.492573457841221 ], [ 153.052645978425318, -27.492222457904479 ], [ 153.053058168415419, -27.491950487943747 ], [ 153.053117888414192, -27.49190943794942 ], [ 153.053160048413673, -27.491877487953403 ], [ 153.05374411840927, -27.491416028008462 ], [ 153.053813688393859, -27.491478798015944 ], [ 153.054012538349468, -27.491661138037376 ], [ 153.054104698350017, -27.491578418045979 ], [ 153.05417868835076, -27.491509948052869 ], [ 153.054603398359177, -27.491082248092173 ], [ 153.054741408363157, -27.490933528104872 ], [ 153.05480954836537, -27.490858068111109 ], [ 153.054939898372055, -27.490694458122928 ], [ 153.055222838387238, -27.490333718148509 ], [ 153.05531930839328, -27.490204128157178 ], [ 153.056121038363017, -27.489762438234269 ], [ 153.056623968210658, -27.490540458290958 ], [ 153.056893628130126, -27.490948628321295 ], [ 153.05714200805599, -27.491324448349218 ], [ 153.056291858090447, -27.491774078267326 ], [ 153.055599008118548, -27.49214048820059 ], [ 153.055677888078861, -27.492387448210465 ], [ 153.055333798092875, -27.492568948177322 ], [ 153.054731008116335, -27.492895458119332 ], [ 153.054656218120442, -27.492926438112057 ], [ 153.054741877984497, -27.493929398128589 ], [ 153.05417813800625, -27.49423647807436 ], [ 153.053409048036656, -27.494649458000332 ], [ 153.0532961180418, -27.494704497989424 ], [ 153.053260058055685, -27.494625447985172 ], [ 153.05286194817009, -27.494058477940694 ], [ 153.052775918196431, -27.493923457930975 ], [ 153.052341018324739, -27.493277437882167 ], [ 153.052145198382931, -27.49298341786016 ] ] ] ] } },
{ "type": "Feature", "properties": { "sa1_2021": "30302105310", "sa2_2021": "303021053", "sa2_2021_name": "Coorparoo", "sa1_2021_short": 3105310 }, "geometry": { "type": "MultiPolygon", "coordinates": [ [ [ [ 153.055709897563332, -27.496439428245711 ], [ 153.056774057501968, -27.496020478349354 ], [ 153.057167927487399, -27.495801418387209 ], [ 153.057555997483945, -27.495498458423821 ], [ 153.058325627243619, -27.49674613851105 ], [ 153.05885017707979, -27.497596448570484 ], [ 153.05797720711314, -27.498074458486524 ], [ 153.057073977149884, -27.49855143839951 ], [ 153.056216077185383, -27.498999478316826 ], [ 153.056059127232231, -27.498762418299172 ], [ 153.055556997378858, -27.498029298242912 ], [ 153.055499077395723, -27.497944698236424 ], [ 153.05474691761529, -27.496846478152154 ], [ 153.055709897563332, -27.496439428245711 ] ] ] ] } },
{ "type": "Feature", "properties": { "sa1_2021": "30302105311", "sa2_2021": "303021053", "sa2_2021_name": "Coorparoo", "sa1_2021_short": 3105311 }, "geometry": { "type": "MultiPolygon", "coordinates": [ [ [ [ 153.049924388576272, -27.493340787639831 ], [ 153.050790868519528, -27.493053447724627 ], [ 153.051901418456652, -27.492607127832695 ], [ 153.051983908426678, -27.492774447842297 ], [ 153.052145198382931, -27.49298341786016 ], [ 153.052341018324739, -27.493277437882167 ], [ 153.052775918196431, -27.493923457930975 ], [ 153.05286194817009, -27.494058477940694 ], [ 153.05244701818674, -27.494279457900738 ], [ 153.05200696820441, -27.494513427858362 ], [ 153.051568058222045, -27.494747317816113 ], [ 153.05034304827106, -27.495400447698181 ], [ 153.049908878288477, -27.49563149765638 ], [ 153.049754048334563, -27.49539844763898 ], [ 153.049666048338224, -27.495444437630507 ], [ 153.049404008348688, -27.495584447605285 ], [ 153.049194028410795, -27.495271447581704 ], [ 153.048873048423388, -27.495444437550823 ], [ 153.048859028436539, -27.495352457548695 ], [ 153.048836038444165, -27.495311437546054 ], [ 153.048626008489123, -27.495134457523555 ], [ 153.048579038502368, -27.495069447518318 ], [ 153.04851603851543, -27.495019457511596 ], [ 153.048482018524908, -27.49497344750781 ], [ 153.048430048548937, -27.494827447501443 ], [ 153.048369018560919, -27.494784447494965 ], [ 153.048123048595073, -27.494723457469775 ], [ 153.04805401861168, -27.494650457462264 ], [ 153.04796601863859, -27.494512447452323 ], [ 153.047702018709487, -27.494175447423132 ], [ 153.047676028718854, -27.494123447420119 ], [ 153.047666028723597, -27.494094457418885 ], [ 153.048136038692178, -27.493943437464921 ], [ 153.048661458658103, -27.493766747516307 ], [ 153.049924388576272, -27.493340787639831 ] ] ] ] } },
{ "type": "Feature", "properties": { "sa1_2021": "30302105312", "sa2_2021": "303021053", "sa2_2021_name": "Coorparoo", "sa1_2021_short": 3105312 }, "geometry": { "type": "MultiPolygon", "coordinates": [ [ [ [ 153.05200696820441, -27.494513427858362 ], [ 153.05244701818674, -27.494279457900738 ], [ 153.05286194817009, -27.494058477940694 ], [ 153.053260058055685, -27.494625447985172 ], [ 153.0532961180418, -27.494704497989424 ], [ 153.053375028022259, -27.494792447998051 ], [ 153.053451857999136, -27.494910068006696 ], [ 153.053909027860755, -27.495616448058225 ], [ 153.054386917719086, -27.496331418111897 ], [ 153.05474691761529, -27.496846478152154 ], [ 153.053958147631931, -27.497385408077136 ], [ 153.05385591763573, -27.497442478067313 ], [ 153.053133037645352, -27.497980497998928 ], [ 153.052645977639969, -27.498437427953593 ], [ 153.052521037644397, -27.498508427941598 ], [ 153.052361897654009, -27.498567457926079 ], [ 153.051568097713243, -27.498773477847944 ], [ 153.05119404774473, -27.498842427810899 ], [ 153.050734037791869, -27.498860447764802 ], [ 153.050698047830736, -27.498583447759003 ], [ 153.050693047881168, -27.498188447755382 ], [ 153.050685017890629, -27.49812044775404 ], [ 153.050665017983874, -27.497399447746329 ], [ 153.050687167990844, -27.497325467747981 ], [ 153.050773018013871, -27.497070437754587 ], [ 153.050640008072122, -27.496722457738464 ], [ 153.050486018118136, -27.496489447721157 ], [ 153.050381038149112, -27.496333457709376 ], [ 153.050171168211705, -27.496016107685783 ], [ 153.049908878288477, -27.49563149765638 ], [ 153.05034304827106, -27.495400447698181 ], [ 153.051568058222045, -27.494747317816113 ], [ 153.05200696820441, -27.494513427858362 ] ] ] ] } },
{ "type": "Feature", "properties": { "sa1_2021": "30302105313", "sa2_2021": "303021053", "sa2_2021_name": "Coorparoo", "sa1_2021_short": 3105313 }, "geometry": { "type": "MultiPolygon", "coordinates": [ [ [ [ 153.06525314696276, -27.493082419178482 ], [ 153.065889996671984, -27.494841469256411 ], [ 153.06550503668376, -27.49507545921956 ], [ 153.064916766701998, -27.495430699163222 ], [ 153.064839426704395, -27.495477539155807 ], [ 153.064740866719688, -27.495440429145614 ], [ 153.064293056866518, -27.494659489094417 ], [ 153.063912866987351, -27.494026429051196 ], [ 153.063042017004875, -27.494627438968401 ], [ 153.063005917020064, -27.494537998964056 ], [ 153.062489187165795, -27.493824418906474 ], [ 153.061991547306121, -27.493137138851008 ], [ 153.061891137339245, -27.492960108839515 ], [ 153.062122037330226, -27.492835438861743 ], [ 153.062450207318733, -27.492647448893244 ], [ 153.062679897308755, -27.492531428915417 ], [ 153.062950947290119, -27.492448458942018 ], [ 153.063318867263888, -27.49234342897817 ], [ 153.063671637238201, -27.492246959012878 ], [ 153.063949227217762, -27.492172939040195 ], [ 153.064379087186722, -27.492053449082462 ], [ 153.06440390716952, -27.492168459085867 ], [ 153.06512499710422, -27.492072449157604 ], [ 153.065600186932443, -27.493027439212931 ], [ 153.06525314696276, -27.493082419178482 ] ] ] ] } },
{ "type": "Feature", "properties": { "sa1_2021": "30302105314", "sa2_2021": "303021053", "sa2_2021_name": "Coorparoo", "sa1_2021_short": 3105314 }, "geometry": { "type": "MultiPolygon", "coordinates": [ [ [ [ 153.064293056866518, -27.494659489094417 ], [ 153.064740866719688, -27.495440429145614 ], [ 153.063913236747936, -27.495919779066185 ], [ 153.062896636782682, -27.496508598968649 ], [ 153.062719096788754, -27.496611398951615 ], [ 153.061148066839934, -27.497541468801028 ], [ 153.06099483688925, -27.497281468783566 ], [ 153.060657036997952, -27.496708438745092 ], [ 153.061076566981001, -27.496486338785502 ], [ 153.061038276992662, -27.496426828781189 ], [ 153.060654517112141, -27.49580751873771 ], [ 153.060605527128615, -27.495718648732097 ], [ 153.061759007087545, -27.495063418842864 ], [ 153.063042017004875, -27.494627438968401 ], [ 153.063912866987351, -27.494026429051196 ], [ 153.064293056866518, -27.494659489094417 ] ] ] ] } },
{ "type": "Feature", "properties": { "sa1_2021": "30302105315", "sa2_2021": "303021053", "sa2_2021_name": "Coorparoo", "sa1_2021_short": 3105315 }, "geometry": { "type": "MultiPolygon", "coordinates": [ [ [ [ 153.059505057429107, -27.494276518610075 ], [ 153.060327287397655, -27.493826618689162 ], [ 153.061000097371959, -27.493458448753881 ], [ 153.061435327355952, -27.49321502879571 ], [ 153.061891137339245, -27.492960108839515 ], [ 153.061991547306121, -27.493137138851008 ], [ 153.062489187165795, -27.493824418906474 ], [ 153.063005917020064, -27.494537998964056 ], [ 153.063042017004875, -27.494627438968401 ], [ 153.061759007087545, -27.495063418842864 ], [ 153.060605527128615, -27.495718648732097 ], [ 153.060654517112141, -27.49580751873771 ], [ 153.061038276992662, -27.496426828781189 ], [ 153.061076566981001, -27.496486338785502 ], [ 153.060657036997952, -27.496708438745092 ], [ 153.060585017014319, -27.496640488737313 ], [ 153.059718147047107, -27.497117488653938 ], [ 153.059284017063419, -27.497357448612206 ], [ 153.05885017707979, -27.497596448570484 ], [ 153.058325627243619, -27.49674613851105 ], [ 153.057555997483945, -27.495498458423821 ], [ 153.057707177483309, -27.495375438438042 ], [ 153.057869197488145, -27.495199478452935 ], [ 153.057930047486536, -27.495160448458748 ], [ 153.058354027475133, -27.494890458499221 ], [ 153.059210027440457, -27.494437448581685 ], [ 153.059505057429107, -27.494276518610075 ] ] ] ] } },
{ "type": "Feature", "properties": { "sa1_2021": "30302105316", "sa2_2021": "303021053", "sa2_2021_name": "Coorparoo", "sa1_2021_short": 3105316 }, "geometry": { "type": "MultiPolygon", "coordinates": [ [ [ [ 153.053815947271858, -27.500355408086325 ], [ 153.05400399736709, -27.499442028098006 ], [ 153.054174157453275, -27.498615428108572 ], [ 153.054321037524204, -27.497929448117908 ], [ 153.05474691761529, -27.496846478152154 ], [ 153.055499077395723, -27.497944698236424 ], [ 153.055556997378858, -27.498029298242912 ], [ 153.056059127232231, -27.498762418299172 ], [ 153.056216077185383, -27.498999478316826 ], [ 153.05675915702389, -27.499815768377861 ], [ 153.056845626998154, -27.499945768387573 ], [ 153.057537996792263, -27.500986488465394 ], [ 153.05656600686001, -27.501276468369987 ], [ 153.055575976929077, -27.501571488272816 ], [ 153.055080596963421, -27.501720528224205 ], [ 153.054701916989728, -27.501834468187052 ], [ 153.054587086999561, -27.501854448175667 ], [ 153.053435067078453, -27.502209408062708 ], [ 153.053656517190888, -27.501131468076434 ], [ 153.053815947271858, -27.500355408086325 ] ] ] ] } },
{ "type": "Feature", "properties": { "sa1_2021": "30302105317", "sa2_2021": "303021053", "sa2_2021_name": "Coorparoo", "sa1_2021_short": 3105317 }, "geometry": { "type": "MultiPolygon", "coordinates": [ [ [ [ 153.056845626998154, -27.499945768387573 ], [ 153.05675915702389, -27.499815768377861 ], [ 153.056216077185383, -27.498999478316826 ], [ 153.057073977149884, -27.49855143839951 ], [ 153.05797720711314, -27.498074458486524 ], [ 153.058685846903444, -27.499131248566094 ], [ 153.059443006679373, -27.500260448651119 ], [ 153.05892101670068, -27.500535458600822 ], [ 153.058707016735411, -27.500442458578593 ], [ 153.058408046761969, -27.500486448548877 ], [ 153.058188026740709, -27.500841448529577 ], [ 153.058070026666798, -27.501526448523126 ], [ 153.057712946724763, -27.501371418486006 ], [ 153.057537996792263, -27.500986488465394 ], [ 153.056845626998154, -27.499945768387573 ] ] ] ] } },
{ "type": "Feature", "properties": { "sa1_2021": "30302105318", "sa2_2021": "303021053", "sa2_2021_name": "Coorparoo", "sa1_2021_short": 3105318 }, "geometry": { "type": "MultiPolygon", "coordinates": [ [ [ [ 153.059718147047107, -27.497117488653938 ], [ 153.060585017014319, -27.496640488737313 ], [ 153.060657036997952, -27.496708438745092 ], [ 153.06099483688925, -27.497281468783566 ], [ 153.061148066839934, -27.497541468801028 ], [ 153.061315126787434, -27.497814438819983 ], [ 153.061473866738964, -27.498063468837906 ], [ 153.061581176704664, -27.498243468850109 ], [ 153.060680066740048, -27.498729468763376 ], [ 153.05969799677888, -27.499256418668825 ], [ 153.060182026646004, -27.499896448722534 ], [ 153.059443006679373, -27.500260448651119 ], [ 153.058685846903444, -27.499131248566094 ], [ 153.05797720711314, -27.498074458486524 ], [ 153.05885017707979, -27.497596448570484 ], [ 153.059284017063419, -27.497357448612206 ], [ 153.059718147047107, -27.497117488653938 ] ] ] ] } },
{ "type": "Feature", "properties": { "sa1_2021": "30302105319", "sa2_2021": "303021053", "sa2_2021_name": "Coorparoo", "sa1_2021_short": 3105319 }, "geometry": { "type": "MultiPolygon", "coordinates": [ [ [ [ 153.055160206793374, -27.502998438242305 ], [ 153.055540356762464, -27.502919848279891 ], [ 153.055575976759599, -27.50291247828341 ], [ 153.056614946602082, -27.503275448390699 ], [ 153.057233076525648, -27.50335448845345 ], [ 153.057727216466986, -27.503398648503474 ], [ 153.058229196407382, -27.503443488554282 ], [ 153.058502076109704, -27.505566398598486 ], [ 153.058377866119116, -27.505597458586244 ], [ 153.057418136236777, -27.50548244848887 ], [ 153.056832046309211, -27.505407468429368 ], [ 153.055727196409634, -27.505552448319474 ], [ 153.055384096442197, -27.505586468285262 ], [ 153.055070196470098, -27.505632468254074 ], [ 153.054598036566972, -27.505267438203745 ], [ 153.054129156663123, -27.504905448153757 ], [ 153.053782106731234, -27.504661458116949 ], [ 153.052991196908749, -27.503929488031684 ], [ 153.05319099695501, -27.503393448047529 ], [ 153.055160206793374, -27.502998438242305 ] ] ] ] } },
{ "type": "Feature", "properties": { "sa1_2021": "30302105320", "sa2_2021": "303021053", "sa2_2021_name": "Coorparoo", "sa1_2021_short": 3105320 }, "geometry": { "type": "MultiPolygon", "coordinates": [ [ [ [ 153.058070026666798, -27.501526448523126 ], [ 153.058188026740709, -27.500841448529577 ], [ 153.058408046761969, -27.500486448548877 ], [ 153.058707016735411, -27.500442458578593 ], [ 153.05892101670068, -27.500535458600822 ], [ 153.059443006679373, -27.500260448651119 ], [ 153.060182026646004, -27.499896448722534 ], [ 153.059808046483909, -27.501496458697584 ], [ 153.05999211646008, -27.50152845871634 ], [ 153.060137896242537, -27.50312543874362 ], [ 153.059169876327189, -27.503278428647526 ], [ 153.058941316347159, -27.503314788624838 ], [ 153.058584886378299, -27.503371488589458 ], [ 153.058229196407382, -27.503443488554282 ], [ 153.057727216466986, -27.503398648503474 ], [ 153.057233076525648, -27.50335448845345 ], [ 153.056614946602082, -27.503275448390699 ], [ 153.055575976759599, -27.50291247828341 ], [ 153.055540356762464, -27.502919848279891 ], [ 153.055160206793374, -27.502998438242305 ], [ 153.05319099695501, -27.503393448047529 ], [ 153.05337794704954, -27.502486648059151 ], [ 153.053435067078453, -27.502209408062708 ], [ 153.054587086999561, -27.501854448175667 ], [ 153.054701916989728, -27.501834468187052 ], [ 153.055080596963421, -27.501720528224205 ], [ 153.055575976929077, -27.501571488272816 ], [ 153.05656600686001, -27.501276468369987 ], [ 153.057537996792263, -27.500986488465394 ], [ 153.057712946724763, -27.501371418486006 ], [ 153.058070026666798, -27.501526448523126 ] ] ] ] } },
{ "type": "Feature", "properties": { "sa1_2021": "30302105321", "sa2_2021": "303021053", "sa2_2021_name": "Coorparoo", "sa1_2021_short": 3105321 }, "geometry": { "type": "MultiPolygon", "coordinates": [ [ [ [ 153.061507155943104, -27.504330228890783 ], [ 153.061387105845967, -27.505200468885587 ], [ 153.06140294582238, -27.505373448888548 ], [ 153.062999925495689, -27.506600419058785 ], [ 153.062538025507763, -27.506897419014692 ], [ 153.062278105521244, -27.507011458989471 ], [ 153.06186196556709, -27.507002448947564 ], [ 153.061452985630638, -27.506847468905224 ], [ 153.060595125734977, -27.506751438818231 ], [ 153.060329075714122, -27.507142488794578 ], [ 153.060273995741056, -27.506976438787731 ], [ 153.059889875818072, -27.506693478746882 ], [ 153.059444905904314, -27.506389468699748 ], [ 153.058878976012295, -27.506016408639926 ], [ 153.058377866119116, -27.505597458586244 ], [ 153.058502076109704, -27.505566398598486 ], [ 153.058229196407382, -27.503443488554282 ], [ 153.058584886378299, -27.503371488589458 ], [ 153.058941316347159, -27.503314788624838 ], [ 153.059169876327189, -27.503278428647526 ], [ 153.060137896242537, -27.50312543874362 ], [ 153.06086117617923, -27.503011498815425 ], [ 153.061649906058591, -27.503295428896948 ], [ 153.061600486018648, -27.503653668894817 ], [ 153.061507155943104, -27.504330228890783 ] ] ] ] } },
{ "type": "Feature", "properties": { "sa1_2021": "30302105322", "sa2_2021": "303021053", "sa2_2021_name": "Coorparoo", "sa1_2021_short": 3105322 }, "geometry": { "type": "MultiPolygon", "coordinates": [ [ [ [ 153.05999211646008, -27.50152845871634 ], [ 153.059808046483909, -27.501496458697584 ], [ 153.060182026646004, -27.499896448722534 ], [ 153.05969799677888, -27.499256418668825 ], [ 153.060680066740048, -27.498729468763376 ], [ 153.061581176704664, -27.498243468850109 ], [ 153.062027896567173, -27.498951408900616 ], [ 153.062318076463043, -27.499528478934351 ], [ 153.062225036414674, -27.499990448928642 ], [ 153.062182296399556, -27.500146198925584 ], [ 153.062041956333957, -27.500784448916516 ], [ 153.061884816241985, -27.501645328907518 ], [ 153.061849016221032, -27.501841478905483 ], [ 153.061730166122913, -27.502718458900464 ], [ 153.061649906058591, -27.503295428896948 ], [ 153.06086117617923, -27.503011498815425 ], [ 153.060137896242537, -27.50312543874362 ], [ 153.05999211646008, -27.50152845871634 ] ] ] ] } },
{ "type": "Feature", "properties": { "sa1_2021": "30302105323", "sa2_2021": "303021053", "sa2_2021_name": "Coorparoo", "sa1_2021_short": 3105323 }, "geometry": { "type": "MultiPolygon", "coordinates": [ [ [ [ 153.062896636782682, -27.496508598968649 ], [ 153.063913236747936, -27.495919779066185 ], [ 153.064740866719688, -27.495440429145614 ], [ 153.064839426704395, -27.495477539155807 ], [ 153.065400026617141, -27.495691429213856 ], [ 153.065796016524331, -27.496089439256821 ], [ 153.066185216432956, -27.496481459299051 ], [ 153.065234056464277, -27.497041439207848 ], [ 153.065104086468608, -27.497117539195376 ], [ 153.064403026491931, -27.497528449128147 ], [ 153.063926886507431, -27.497810789082507 ], [ 153.063459026522423, -27.49808943903767 ], [ 153.062953106538714, -27.498390438989198 ], [ 153.062409876708443, -27.497509428927629 ], [ 153.061473866738964, -27.498063468837906 ], [ 153.061315126787434, -27.497814438819983 ], [ 153.061148066839934, -27.497541468801028 ], [ 153.062719096788754, -27.496611398951615 ], [ 153.062896636782682, -27.496508598968649 ] ] ] ] } },
{ "type": "Feature", "properties": { "sa1_2021": "30302105324", "sa2_2021": "303021053", "sa2_2021_name": "Coorparoo", "sa1_2021_short": 3105324 }, "geometry": { "type": "MultiPolygon", "coordinates": [ [ [ [ 153.064403026491931, -27.497528449128147 ], [ 153.065104086468608, -27.497117539195376 ], [ 153.065234056464277, -27.497041439207848 ], [ 153.066185216432956, -27.496481459299051 ], [ 153.06646761636901, -27.496747049329549 ], [ 153.066712896313504, -27.496977719356032 ], [ 153.066990146250788, -27.497238439385971 ], [ 153.066653176138118, -27.49841546936139 ], [ 153.065305086262612, -27.49857619922712 ], [ 153.064682176320133, -27.49865044916508 ], [ 153.063260216447077, -27.498854469023737 ], [ 153.062027896567173, -27.498951408900616 ], [ 153.061581176704664, -27.498243468850109 ], [ 153.061473866738964, -27.498063468837906 ], [ 153.062409876708443, -27.497509428927629 ], [ 153.062953106538714, -27.498390438989198 ], [ 153.063459026522423, -27.49808943903767 ], [ 153.063926886507431, -27.497810789082507 ], [ 153.064403026491931, -27.497528449128147 ] ] ] ] } },
{ "type": "Feature", "properties": { "sa1_2021": "30302105325", "sa2_2021": "303021053", "sa2_2021_name": "Coorparoo", "sa1_2021_short": 3105325 }, "geometry": { "type": "MultiPolygon", "coordinates": [ [ [ [ 153.064740866241635, -27.499221399175493 ], [ 153.064682176320133, -27.49865044916508 ], [ 153.065305086262612, -27.49857619922712 ], [ 153.066653176138118, -27.49841546936139 ], [ 153.066990146250788, -27.497238439385971 ], [ 153.067542426165659, -27.497442589443114 ], [ 153.067828956121474, -27.497548479472758 ], [ 153.068241876053264, -27.497737499515775 ], [ 153.068155115943426, -27.498679429514503 ], [ 153.068141175892094, -27.499097189516394 ], [ 153.068109015773643, -27.500061469520784 ], [ 153.068106165706808, -27.500592469524687 ], [ 153.067694015738169, -27.500694449484055 ], [ 153.067485855755081, -27.500737459463465 ], [ 153.066527905824245, -27.501004489369262 ], [ 153.06559803582573, -27.501782449281915 ], [ 153.065096196067515, -27.500296459219715 ], [ 153.064740866241635, -27.499221399175493 ] ] ] ] } },
{ "type": "Feature", "properties": { "sa1_2021": "30302105326", "sa2_2021": "303021053", "sa2_2021_name": "Coorparoo", "sa1_2021_short": 3105326 }, "geometry": { "type": "MultiPolygon", "coordinates": [ [ [ [ 153.063260216447077, -27.498854469023737 ], [ 153.064682176320133, -27.49865044916508 ], [ 153.064740866241635, -27.499221399175493 ], [ 153.065096196067515, -27.500296459219715 ], [ 153.06559803582573, -27.501782449281915 ], [ 153.065730855764173, -27.502156479298225 ], [ 153.064673195858347, -27.502310479193106 ], [ 153.064214175901839, -27.502356469147323 ], [ 153.063692185947048, -27.502442419095512 ], [ 153.063629885952594, -27.50245142908933 ], [ 153.063303865981851, -27.502496849056914 ], [ 153.062783196028647, -27.50256939900515 ], [ 153.061730166122913, -27.502718458900464 ], [ 153.061849016221032, -27.501841478905483 ], [ 153.061884816241985, -27.501645328907518 ], [ 153.062041956333957, -27.500784448916516 ], [ 153.062182296399556, -27.500146198925584 ], [ 153.062225036414674, -27.499990448928642 ], [ 153.062318076463043, -27.499528478934351 ], [ 153.062027896567173, -27.498951408900616 ], [ 153.063260216447077, -27.498854469023737 ] ] ] ] } },
{ "type": "Feature", "properties": { "sa1_2021": "30302105327", "sa2_2021": "303021053", "sa2_2021_name": "Coorparoo", "sa1_2021_short": 3105327 }, "geometry": { "type": "MultiPolygon", "coordinates": [ [ [ [ 153.061600486018648, -27.503653668894817 ], [ 153.061649906058591, -27.503295428896948 ], [ 153.061730166122913, -27.502718458900464 ], [ 153.062783196028647, -27.50256939900515 ], [ 153.063303865981851, -27.502496849056914 ], [ 153.063629885952594, -27.50245142908933 ], [ 153.063692185947048, -27.502442419095512 ], [ 153.064214175901839, -27.502356469147323 ], [ 153.064673195858347, -27.502310479193106 ], [ 153.065730855764173, -27.502156479298225 ], [ 153.065790975736348, -27.502325419305599 ], [ 153.066055925612687, -27.503078449338194 ], [ 153.066590175361341, -27.504612409404029 ], [ 153.065672205447243, -27.504712499312529 ], [ 153.065514155464143, -27.504713479296644 ], [ 153.064520925551136, -27.504869449198011 ], [ 153.063590285632415, -27.505017269105629 ], [ 153.06275800570512, -27.505149449022994 ], [ 153.06241596573733, -27.505185428988892 ], [ 153.06140294582238, -27.505373448888548 ], [ 153.061387105845967, -27.505200468885587 ], [ 153.061507155943104, -27.504330228890783 ], [ 153.061600486018648, -27.503653668894817 ] ] ] ] } },
{ "type": "Feature", "properties": { "sa1_2021": "30302105328", "sa2_2021": "303021053", "sa2_2021_name": "Coorparoo", "sa1_2021_short": 3105328 }, "geometry": { "type": "MultiPolygon", "coordinates": [ [ [ [ 153.065790975736348, -27.502325419305599 ], [ 153.065730855764173, -27.502156479298225 ], [ 153.06559803582573, -27.501782449281915 ], [ 153.066527905824245, -27.501004489369262 ], [ 153.067485855755081, -27.500737459463465 ], [ 153.067694015738169, -27.500694449484055 ], [ 153.068106165706808, -27.500592469524687 ], [ 153.068105075677209, -27.500827459526441 ], [ 153.069989095431339, -27.501171209718603 ], [ 153.070609955350335, -27.501284479781933 ], [ 153.071293975195545, -27.501927429855801 ], [ 153.070787095208516, -27.502255489807425 ], [ 153.069849995214327, -27.503005469719103 ], [ 153.069208105230672, -27.503421439657853 ], [ 153.068736125232448, -27.503808439613458 ], [ 153.067909945275773, -27.504167449533206 ], [ 153.066789985346929, -27.504556429423673 ], [ 153.066590175361341, -27.504612409404029 ], [ 153.066055925612687, -27.503078449338194 ], [ 153.065790975736348, -27.502325419305599 ] ] ] ] } },
{ "type": "Feature", "properties": { "sa1_2021": "30302105329", "sa2_2021": "303021053", "sa2_2021_name": "Coorparoo", "sa1_2021_short": 3105329 }, "geometry": { "type": "MultiPolygon", "coordinates": [ [ [ [ 153.068141175892094, -27.499097189516394 ], [ 153.068155115943426, -27.498679429514503 ], [ 153.072320825409633, -27.499362519938789 ], [ 153.072585995375732, -27.499405459965796 ], [ 153.075810844956521, -27.499981460294684 ], [ 153.075791094928263, -27.500221490294599 ], [ 153.075768034901643, -27.50045145029409 ], [ 153.07557001480464, -27.501386460281562 ], [ 153.075443034729744, -27.502086460274334 ], [ 153.075207864739326, -27.502210480251662 ], [ 153.074082164895032, -27.501935440136258 ], [ 153.073745204938433, -27.501878480101922 ], [ 153.073718924979573, -27.501575450096887 ], [ 153.073574925131908, -27.500493460073855 ], [ 153.072336885168767, -27.501253419955347 ], [ 153.071293975195545, -27.501927429855801 ], [ 153.070609955350335, -27.501284479781933 ], [ 153.069989095431339, -27.501171209718603 ], [ 153.068105075677209, -27.500827459526441 ], [ 153.068106165706808, -27.500592469524687 ], [ 153.068109015773643, -27.500061469520784 ], [ 153.068141175892094, -27.499097189516394 ] ] ] ] } },
{ "type": "Feature", "properties": { "sa1_2021": "30302105330", "sa2_2021": "303021053", "sa2_2021_name": "Coorparoo", "sa1_2021_short": 3105330 }, "geometry": { "type": "MultiPolygon", "coordinates": [ [ [ [ 153.070787095208516, -27.502255489807425 ], [ 153.071293975195545, -27.501927429855801 ], [ 153.072336885168767, -27.501253419955347 ], [ 153.073574925131908, -27.500493460073855 ], [ 153.073718924979573, -27.501575450096887 ], [ 153.073745204938433, -27.501878480101922 ], [ 153.074082164895032, -27.501935440136258 ], [ 153.075207864739326, -27.502210480251662 ], [ 153.075443034729744, -27.502086460274334 ], [ 153.075363024691427, -27.502457460269216 ], [ 153.07529002463761, -27.502944750265726 ], [ 153.075228044591938, -27.503358450262766 ], [ 153.075213124519422, -27.503944210265896 ], [ 153.075221044358017, -27.505213460276714 ], [ 153.074813004408838, -27.505158460235247 ], [ 153.074666054373751, -27.505560460223638 ], [ 153.074205754433251, -27.505481080176718 ], [ 153.073541054519126, -27.505366440108965 ], [ 153.07222599468534, -27.505169429975147 ], [ 153.070946194846641, -27.504981409844959 ], [ 153.069734074940953, -27.505265439725317 ], [ 153.069208105230672, -27.503421439657853 ], [ 153.069849995214327, -27.503005469719103 ], [ 153.070787095208516, -27.502255489807425 ] ] ] ] } },
{ "type": "Feature", "properties": { "sa1_2021": "30302105332", "sa2_2021": "303021053", "sa2_2021_name": "Coorparoo", "sa1_2021_short": 3105332 }, "geometry": { "type": "MultiPolygon", "coordinates": [ [ [ [ 153.060329075714122, -27.507142488794578 ], [ 153.060595125734977, -27.506751438818231 ], [ 153.061452985630638, -27.506847468905224 ], [ 153.06186196556709, -27.507002448947564 ], [ 153.062278105521244, -27.507011458989471 ], [ 153.062538025507763, -27.506897419014692 ], [ 153.062999925495689, -27.506600419058785 ], [ 153.063544945388202, -27.506987419116623 ], [ 153.063751935338985, -27.50720044913913 ], [ 153.063845195279526, -27.507591409151598 ], [ 153.063897025157246, -27.508514449164096 ], [ 153.063953015095308, -27.508956749173223 ], [ 153.064016895024594, -27.509461429183634 ], [ 153.06406412495798, -27.509948309192229 ], [ 153.06407091494836, -27.510018449193453 ], [ 153.064160194836688, -27.510825469208822 ], [ 153.063999994862542, -27.510757429192182 ], [ 153.063327884958653, -27.510568429123119 ], [ 153.062625874947997, -27.511249449057914 ], [ 153.062274164996779, -27.511162429021873 ], [ 153.062013155055098, -27.51092347899375 ], [ 153.061692025158635, -27.510377458957151 ], [ 153.061262935226608, -27.51020445891265 ], [ 153.060496105432179, -27.509230488827868 ], [ 153.059889145452416, -27.509586428769662 ], [ 153.059524105550537, -27.509120418729292 ], [ 153.059331135605561, -27.508849428707755 ], [ 153.058742165758474, -27.508140418642952 ], [ 153.060329075714122, -27.507142488794578 ] ] ] ] } },
{ "type": "Feature", "properties": { "sa1_2021": "30302105333", "sa2_2021": "303021053", "sa2_2021_name": "Coorparoo", "sa1_2021_short": 3105333 }, "geometry": { "type": "MultiPolygon", "coordinates": [ [ [ [ 153.064016895024594, -27.509461429183634 ], [ 153.063953015095308, -27.508956749173223 ], [ 153.063897025157246, -27.508514449164096 ], [ 153.063845195279526, -27.507591409151598 ], [ 153.064810035157137, -27.507739449249772 ], [ 153.065557005061976, -27.507857439325797 ], [ 153.066400124954782, -27.507988499411606 ], [ 153.066874544895057, -27.508057849459842 ], [ 153.066855134885287, -27.508151389458632 ], [ 153.066754684898029, -27.508135809448415 ], [ 153.066683034860546, -27.508493359444035 ], [ 153.066733114854145, -27.50850112944913 ], [ 153.066661464816633, -27.508858699444755 ], [ 153.066643034807498, -27.508946479443594 ], [ 153.067196074737069, -27.509033489499888 ], [ 153.067953164641722, -27.509144449576894 ], [ 153.067983014619557, -27.509294489581073 ], [ 153.068244104487093, -27.510119439613856 ], [ 153.068430874392419, -27.51070945963729 ], [ 153.068413354295075, -27.511494149641727 ], [ 153.068409994276266, -27.511645459642594 ], [ 153.068309144264987, -27.511820269633823 ], [ 153.068148984267026, -27.511940479618666 ], [ 153.067571914288067, -27.512264479563211 ], [ 153.066679124422478, -27.511960459471041 ], [ 153.064160194836688, -27.510825469208822 ], [ 153.06407091494836, -27.510018449193453 ], [ 153.06406412495798, -27.509948309192229 ], [ 153.064016895024594, -27.509461429183634 ] ] ] ] } },
{ "type": "Feature", "properties": { "sa1_2021": "30302105334", "sa2_2021": "303021053", "sa2_2021_name": "Coorparoo", "sa1_2021_short": 3105334 }, "geometry": { "type": "MultiPolygon", "coordinates": [ [ [ [ 153.068244104487093, -27.510119439613856 ], [ 153.067983014619557, -27.509294489581073 ], [ 153.067953164641722, -27.509144449576894 ], [ 153.067196074737069, -27.509033489499888 ], [ 153.066643034807498, -27.508946479443594 ], [ 153.066661464816633, -27.508858699444755 ], [ 153.066733114854145, -27.50850112944913 ], [ 153.066683034860546, -27.508493359444035 ], [ 153.066754684898029, -27.508135809448415 ], [ 153.066855134885287, -27.508151389458632 ], [ 153.066874544895057, -27.508057849459842 ], [ 153.06689634490337, -27.507973489461374 ], [ 153.066966204941082, -27.507615669465569 ], [ 153.067866364826699, -27.507755399557187 ], [ 153.067974474812189, -27.507778279568239 ], [ 153.067939104760939, -27.508213489568121 ], [ 153.06792155474065, -27.508388759567733 ], [ 153.068048494720841, -27.50843763958089 ], [ 153.068768204611416, -27.508691289655264 ], [ 153.068967824585286, -27.508728479675629 ], [ 153.069424514515561, -27.508891609722838 ], [ 153.071162534250334, -27.509512289902521 ], [ 153.071603924211814, -27.509441629946355 ], [ 153.071328134327359, -27.508762499913249 ], [ 153.072535954173418, -27.508953470036225 ], [ 153.074040013982057, -27.50918846018935 ], [ 153.073758153827015, -27.510653480172579 ], [ 153.073683993795669, -27.510964420167578 ], [ 153.072719913762256, -27.512047490079173 ], [ 153.072760943736569, -27.512215430084627 ], [ 153.072666993642827, -27.513036410081664 ], [ 153.072594973605902, -27.513389480077201 ], [ 153.072537043600022, -27.513485420072147 ], [ 153.070999123848509, -27.512827429912278 ], [ 153.070237003932192, -27.512813479835533 ], [ 153.069254164034305, -27.512841469736919 ], [ 153.068778974096716, -27.512751469688425 ], [ 153.067571914288067, -27.512264479563211 ], [ 153.068148984267026, -27.511940479618666 ], [ 153.068309144264987, -27.511820269633823 ], [ 153.068409994276266, -27.511645459642594 ], [ 153.068413354295075, -27.511494149641727 ], [ 153.068430874392419, -27.51070945963729 ], [ 153.068244104487093, -27.510119439613856 ] ] ] ] } },
{ "type": "Feature", "properties": { "sa1_2021": "30302105335", "sa2_2021": "303021053", "sa2_2021_name": "Coorparoo", "sa1_2021_short": 3105335 }, "geometry": { "type": "MultiPolygon", "coordinates": [ [ [ [ 153.072666993642827, -27.513036410081664 ], [ 153.072760943736569, -27.512215430084627 ], [ 153.072719913762256, -27.512047490079173 ], [ 153.073683993795669, -27.510964420167578 ], [ 153.073758153827015, -27.510653480172579 ], [ 153.074040013982057, -27.50918846018935 ], [ 153.074144074033853, -27.508690500195879 ], [ 153.074240904079289, -27.508249490202136 ], [ 153.074331174122307, -27.507832360207917 ], [ 153.07444574410971, -27.507834780219451 ], [ 153.075267174005916, -27.507957600303044 ], [ 153.075286043867749, -27.509034060313436 ], [ 153.075337113494243, -27.511942460341562 ], [ 153.075290023427385, -27.512511450341325 ], [ 153.075226953399465, -27.512785490337155 ], [ 153.075026023368281, -27.513202440320239 ], [ 153.074839943351378, -27.51349443030383 ], [ 153.074625033346564, -27.513714450283953 ], [ 153.074409023342128, -27.513933430263961 ], [ 153.072767073380675, -27.515023440107434 ], [ 153.072594463574063, -27.513641540079153 ], [ 153.072587093582342, -27.513582430077943 ], [ 153.072537043600022, -27.513485420072147 ], [ 153.072594973605902, -27.513389480077201 ], [ 153.072666993642827, -27.513036410081664 ] ] ] ] } },
{ "type": "Feature", "properties": { "sa1_2021": "30302105336", "sa2_2021": "303021053", "sa2_2021_name": "Coorparoo", "sa1_2021_short": 3105336 }, "geometry": { "type": "MultiPolygon", "coordinates": [ [ [ [ 153.069383884835503, -27.50639662969904 ], [ 153.070010924776881, -27.506327449761539 ], [ 153.069734074940953, -27.505265439725317 ], [ 153.070946194846641, -27.504981409844959 ], [ 153.07222599468534, -27.505169429975147 ], [ 153.073541054519126, -27.505366440108965 ], [ 153.074205754433251, -27.505481080176718 ], [ 153.074666054373751, -27.505560460223638 ], [ 153.074813004408838, -27.505158460235247 ], [ 153.075221044358017, -27.505213460276714 ], [ 153.075267174005916, -27.507957600303044 ], [ 153.07444574410971, -27.507834780219451 ], [ 153.074331174122307, -27.507832360207917 ], [ 153.074240904079289, -27.508249490202136 ], [ 153.074144074033853, -27.508690500195879 ], [ 153.074040013982057, -27.50918846018935 ], [ 153.072535954173418, -27.508953470036225 ], [ 153.071328134327359, -27.508762499913249 ], [ 153.071603924211814, -27.509441629946355 ], [ 153.071162534250334, -27.509512289902521 ], [ 153.069424514515561, -27.508891609722838 ], [ 153.068967824585286, -27.508728479675629 ], [ 153.068768204611416, -27.508691289655264 ], [ 153.068048494720841, -27.50843763958089 ], [ 153.06792155474065, -27.508388759567733 ], [ 153.067939104760939, -27.508213489568121 ], [ 153.067974474812189, -27.507778279568239 ], [ 153.067986994830335, -27.507624429568285 ], [ 153.068148984915609, -27.506812469578144 ], [ 153.068206944945558, -27.506526439581723 ], [ 153.069383884835503, -27.50639662969904 ] ] ] ] } },
{ "type": "Feature", "properties": { "sa1_2021": "30302105338", "sa2_2021": "303021053", "sa2_2021_name": "Coorparoo", "sa1_2021_short": 3105338 }, "geometry": { "type": "MultiPolygon", "coordinates": [ [ [ [ 153.047789028882448, -27.492732447420472 ], [ 153.04728901896965, -27.49246745736815 ], [ 153.047067029013164, -27.492311447344619 ], [ 153.046451019121406, -27.491978447280086 ], [ 153.046001039199439, -27.491743437233019 ], [ 153.045870049220326, -27.491689457219437 ], [ 153.045661049262748, -27.49153144719719 ], [ 153.045576039285891, -27.491420447187775 ], [ 153.045483039319237, -27.491235447176969 ], [ 153.045612029308671, -27.491209457189726 ], [ 153.04592603929342, -27.491063457220111 ], [ 153.046110029275383, -27.491049447238488 ], [ 153.046915039167487, -27.491219447320699 ], [ 153.047075019152203, -27.491204447336656 ], [ 153.047246019140772, -27.4911494373534 ], [ 153.047345049142535, -27.491051447362583 ], [ 153.047561019179454, -27.490575447380511 ], [ 153.047626019181678, -27.490502437386475 ], [ 153.047698039176368, -27.49048343739355 ], [ 153.047797029163803, -27.49049844740362 ], [ 153.048028029129682, -27.490572447427411 ], [ 153.048375039085556, -27.490626447462709 ], [ 153.049430038976226, -27.490595437568469 ], [ 153.049760028934372, -27.490646447602018 ], [ 153.049545008943909, -27.490753447581273 ], [ 153.049128038958884, -27.490989457541239 ], [ 153.048499028980444, -27.49135343748091 ], [ 153.048136038986058, -27.491617457446537 ], [ 153.047929048973685, -27.491891437427899 ], [ 153.047801038955214, -27.492146447417053 ], [ 153.047753048926523, -27.492414457414345 ], [ 153.047789028882448, -27.492732447420472 ] ] ] ] } },
{ "type": "Feature", "properties": { "sa1_2021": "30302105339", "sa2_2021": "303021053", "sa2_2021_name": "Coorparoo", "sa1_2021_short": 3105339 }, "geometry": { "type": "MultiPolygon", "coordinates": [ [ [ [ 153.051132029239227, -27.487067457711589 ], [ 153.051141049260849, -27.486888447711092 ], [ 153.051142579272124, -27.486797987710517 ], [ 153.051113019290909, -27.486674437706572 ], [ 153.051056039392023, -27.485922447694907 ], [ 153.051127029406501, -27.485747437700656 ], [ 153.05123101941544, -27.485588457709856 ], [ 153.051403049421964, -27.485390447725575 ], [ 153.051581019427658, -27.48519443774191 ], [ 153.051678039436666, -27.485040447750432 ], [ 153.051772019445906, -27.484887447758673 ], [ 153.051827029458195, -27.484743447763059 ], [ 153.051950029491479, -27.484375447772511 ], [ 153.052076029524471, -27.484007447782261 ], [ 153.052310029567565, -27.483467447801502 ], [ 153.05252304962076, -27.482865457818157 ], [ 153.05264703961879, -27.482775457829913 ], [ 153.052906039605404, -27.482661457855034 ], [ 153.053392039547674, -27.482705447904213 ], [ 153.053941039475461, -27.482810457960223 ], [ 153.055129039304092, -27.483157438082358 ], [ 153.056356019124507, -27.483536448208671 ], [ 153.056578019096293, -27.483571458231253 ], [ 153.056543049055193, -27.483926448230545 ], [ 153.056655289000901, -27.484260428244465 ], [ 153.05671718898526, -27.484331448251247 ], [ 153.05710802886523, -27.48494944829541 ], [ 153.056748028879241, -27.485144458260788 ], [ 153.056768028841219, -27.485428448265026 ], [ 153.056942028787432, -27.485706448284716 ], [ 153.056676128763229, -27.486123438261291 ], [ 153.056618898753584, -27.486248548256526 ], [ 153.056491108731194, -27.486534468245939 ], [ 153.056436028719276, -27.486675398241516 ], [ 153.056068658626515, -27.48772183821287 ], [ 153.055925208590253, -27.488130448201684 ], [ 153.055695878540604, -27.488718418183279 ], [ 153.05558926852143, -27.488960668174482 ], [ 153.055734028480487, -27.489161468190613 ], [ 153.056053038382544, -27.489665448226667 ], [ 153.056121038363017, -27.489762438234269 ], [ 153.05531930839328, -27.490204128157178 ], [ 153.055222838387238, -27.490333718148509 ], [ 153.054939898372055, -27.490694458122928 ], [ 153.05480954836537, -27.490858068111109 ], [ 153.054741408363157, -27.490933528104872 ], [ 153.054603398359177, -27.491082248092173 ], [ 153.05417868835076, -27.491509948052869 ], [ 153.054104698350017, -27.491578418045979 ], [ 153.054012538349468, -27.491661138037376 ], [ 153.053813688393859, -27.491478798015944 ], [ 153.05374411840927, -27.491416028008462 ], [ 153.053160048413673, -27.491877487953403 ], [ 153.053117888414192, -27.49190943794942 ], [ 153.053058168415419, -27.491950487943747 ], [ 153.052645978425318, -27.492222457904479 ], [ 153.051988938451501, -27.492573457841221 ], [ 153.051901418456652, -27.492607127832695 ], [ 153.050790868519528, -27.493053447724627 ], [ 153.049924388576272, -27.493340787639831 ], [ 153.048661458658103, -27.493766747516307 ], [ 153.048136038692178, -27.493943437464921 ], [ 153.047666028723597, -27.494094457418885 ], [ 153.047657008727469, -27.494071447417788 ], [ 153.047647008736391, -27.494009447416285 ], [ 153.047681028764316, -27.493759437417744 ], [ 153.047879038786135, -27.493418447434941 ], [ 153.047887038807886, -27.493239437434337 ], [ 153.047789028882448, -27.492732447420472 ], [ 153.047753048926523, -27.492414457414345 ], [ 153.047801038955214, -27.492146447417053 ], [ 153.047929048973685, -27.491891437427899 ], [ 153.048136038986058, -27.491617457446537 ], [ 153.048499028980444, -27.49135343748091 ], [ 153.049128038958884, -27.490989457541239 ], [ 153.049545008943909, -27.490753447581273 ], [ 153.049760028934372, -27.490646447602018 ], [ 153.050000018921082, -27.490547447625353 ], [ 153.050456018960034, -27.489851447665664 ], [ 153.050551028975121, -27.489651437673636 ], [ 153.050577008982174, -27.489573447675625 ], [ 153.050754039033649, -27.48901544768901 ], [ 153.050795029051784, -27.488837437691718 ], [ 153.050847039093043, -27.488466437694015 ], [ 153.050904019142536, -27.488026457696261 ], [ 153.050961029173152, -27.487735447699688 ], [ 153.050998039179916, -27.487650447702737 ], [ 153.05104501918737, -27.487551447706682 ], [ 153.051110019222506, -27.487218447710571 ], [ 153.051132029239227, -27.487067457711589 ] ] ] ] } },
{ "type": "Feature", "properties": { "sa1_2021": "30302105340", "sa2_2021": "303021053", "sa2_2021_name": "Coorparoo", "sa1_2021_short": 3105340 }, "geometry": { "type": "MultiPolygon", "coordinates": [ [ [ [ 153.066789985346929, -27.504556429423673 ], [ 153.067909945275773, -27.504167449533206 ], [ 153.068736125232448, -27.503808439613458 ], [ 153.069208105230672, -27.503421439657853 ], [ 153.069734074940953, -27.505265439725317 ], [ 153.070010924776881, -27.506327449761539 ], [ 153.069383884835503, -27.50639662969904 ], [ 153.068206944945558, -27.506526439581723 ], [ 153.068148984915609, -27.506812469578144 ], [ 153.067986994830335, -27.507624429568285 ], [ 153.067974474812189, -27.507778279568239 ], [ 153.067866364826699, -27.507755399557187 ], [ 153.066966204941082, -27.507615669465569 ], [ 153.06689634490337, -27.507973489461374 ], [ 153.066874544895057, -27.508057849459842 ], [ 153.066400124954782, -27.507988499411606 ], [ 153.065557005061976, -27.507857439325797 ], [ 153.065658045116322, -27.507341459331879 ], [ 153.065843895212339, -27.506424469343319 ], [ 153.065546165251391, -27.506368489312944 ], [ 153.064221035415784, -27.506194419178335 ], [ 153.063544945388202, -27.506987419116623 ], [ 153.062999925495689, -27.506600419058785 ], [ 153.06140294582238, -27.505373448888548 ], [ 153.06241596573733, -27.505185428988892 ], [ 153.06275800570512, -27.505149449022994 ], [ 153.063590285632415, -27.505017269105629 ], [ 153.064520925551136, -27.504869449198011 ], [ 153.065514155464143, -27.504713479296644 ], [ 153.065672205447243, -27.504712499312529 ], [ 153.066590175361341, -27.504612409404029 ], [ 153.066789985346929, -27.504556429423673 ] ] ] ] } },
{ "type": "Feature", "properties": { "sa1_2021": "30302105341", "sa2_2021": "303021053", "sa2_2021_name": "Coorparoo", "sa1_2021_short": 3105341 }, "geometry": { "type": "MultiPolygon", "coordinates": [ [ [ [ 153.057707177483309, -27.495375438438042 ], [ 153.057121097656193, -27.494505418372263 ], [ 153.058260627609201, -27.493908978482089 ], [ 153.058697207591194, -27.493680468524154 ], [ 153.058907037528598, -27.493997448547749 ], [ 153.059210027440457, -27.494437448581685 ], [ 153.058354027475133, -27.494890458499221 ], [ 153.057930047486536, -27.495160448458748 ], [ 153.057869197488145, -27.495199478452935 ], [ 153.057707177483309, -27.495375438438042 ] ] ] ] } },
{ "type": "Feature", "properties": { "sa1_2021": "30302105342", "sa2_2021": "303021053", "sa2_2021_name": "Coorparoo", "sa1_2021_short": 3105342 }, "geometry": { "type": "MultiPolygon", "coordinates": [ [ [ [ 153.064810035157137, -27.507739449249772 ], [ 153.063845195279526, -27.507591409151598 ], [ 153.063751935338985, -27.50720044913913 ], [ 153.063544945388202, -27.506987419116623 ], [ 153.064221035415784, -27.506194419178335 ], [ 153.065546165251391, -27.506368489312944 ], [ 153.065843895212339, -27.506424469343319 ], [ 153.065658045116322, -27.507341459331879 ], [ 153.065557005061976, -27.507857439325797 ], [ 153.064810035157137, -27.507739449249772 ] ] ] ] } },
{ "type": "Feature", "properties": { "sa1_2021": "30302105343", "sa2_2021": "303021053", "sa2_2021_name": "Coorparoo", "sa1_2021_short": 3105343 }, "geometry": { "type": "MultiPolygon", "coordinates": [ [ [ [ 153.055677888078861, -27.492387448210465 ], [ 153.055599008118548, -27.49214048820059 ], [ 153.056291858090447, -27.491774078267326 ], [ 153.05714200805599, -27.491324448349218 ], [ 153.057477157953997, -27.491846448387037 ], [ 153.057658957901481, -27.492107448407364 ], [ 153.058005997799029, -27.492623408446324 ], [ 153.058179887746235, -27.49289341846594 ], [ 153.058614017617458, -27.493543488514721 ], [ 153.058697207591194, -27.493680468524154 ], [ 153.058260627609201, -27.493908978482089 ], [ 153.057121097656193, -27.494505418372263 ], [ 153.057707177483309, -27.495375438438042 ], [ 153.057555997483945, -27.495498458423821 ], [ 153.057167927487399, -27.495801418387209 ], [ 153.056774057501968, -27.496020478349354 ], [ 153.055709897563332, -27.496439428245711 ], [ 153.05474691761529, -27.496846478152154 ], [ 153.054386917719086, -27.496331418111897 ], [ 153.053909027860755, -27.495616448058225 ], [ 153.053451857999136, -27.494910068006696 ], [ 153.053375028022259, -27.494792447998051 ], [ 153.0532961180418, -27.494704497989424 ], [ 153.053409048036656, -27.494649458000332 ], [ 153.05417813800625, -27.49423647807436 ], [ 153.054741877984497, -27.493929398128589 ], [ 153.054656218120442, -27.492926438112057 ], [ 153.054731008116335, -27.492895458119332 ], [ 153.055333798092875, -27.492568948177322 ], [ 153.055677888078861, -27.492387448210465 ] ] ] ] } },
{ "type": "Feature", "properties": { "sa1_2021": "30302105401", "sa2_2021": "303021054", "sa2_2021_name": "Fairfield - Dutton Park", "sa1_2021_short": 3105401 }, "geometry": { "type": "MultiPolygon", "coordinates": [ [ [ [ 153.021871041210602, -27.496343164846326 ], [ 153.021857061217872, -27.496297154844555 ], [ 153.021830051226459, -27.49625216484149 ], [ 153.021809061236667, -27.496189154838888 ], [ 153.02178205124676, -27.49613215483572 ], [ 153.021762051256104, -27.496075154833271 ], [ 153.021735041265458, -27.496024154830149 ], [ 153.021708031276177, -27.495962154826955 ], [ 153.021654051294206, -27.49586516482076 ], [ 153.021621051302048, -27.495831164817186 ], [ 153.021588061311263, -27.495786164813527 ], [ 153.021561081321352, -27.495729174810368 ], [ 153.021528051332098, -27.495672154806602 ], [ 153.021467061355082, -27.495542154799452 ], [ 153.021420051367329, -27.49548515479427 ], [ 153.021393071377446, -27.495428154791117 ], [ 153.021328031391477, -27.495372154784146 ], [ 153.021295071400061, -27.495332164780525 ], [ 153.021261051410022, -27.495282154776717 ], [ 153.021228061418611, -27.495242154773077 ], [ 153.021195061429353, -27.495185154769327 ], [ 153.021169071434144, -27.495169154766586 ], [ 153.021136041442759, -27.495129154762964 ], [ 153.021109071452116, -27.495078154759842 ], [ 153.02109604145565, -27.495061154758403 ], [ 153.021069061464203, -27.495016164755341 ], [ 153.021040051474415, -27.494960164751991 ], [ 153.021009061480015, -27.494942164748739 ], [ 153.020963071490627, -27.494897164743769 ], [ 153.020924051501993, -27.494840174739402 ], [ 153.020878061511866, -27.494801174734466 ], [ 153.020813091523763, -27.494762174727651 ], [ 153.020780091530838, -27.494734184724116 ], [ 153.020753121538007, -27.49470018472114 ], [ 153.020668071558532, -27.494610174711887 ], [ 153.02062807156716, -27.494576174707607 ], [ 153.020602081574197, -27.49454217470473 ], [ 153.020549121586185, -27.49449218469902 ], [ 153.020510101594681, -27.494458184694832 ], [ 153.020458091603047, -27.494436184689437 ], [ 153.020406081613572, -27.494397184683908 ], [ 153.020347091623421, -27.494369174677779 ], [ 153.020281101641132, -27.494285174670484 ], [ 153.020170101667048, -27.494174174658458 ], [ 153.020134081673461, -27.494154174654696 ], [ 153.020118091675812, -27.494149174653053 ], [ 153.020034111691785, -27.494094174644186 ], [ 153.019995091702526, -27.494042174639858 ], [ 153.019913111720541, -27.493969174631047 ], [ 153.019903071723775, -27.493952174629911 ], [ 153.019867081733196, -27.493908174625954 ], [ 153.019841091737362, -27.493897174623257 ], [ 153.019782111751539, -27.493835174616844 ], [ 153.019716081765694, -27.493779174609777 ], [ 153.019683081772143, -27.493756184606287 ], [ 153.019605081788967, -27.493689174597932 ], [ 153.019566101798063, -27.493650174593707 ], [ 153.019971981799358, -27.493294454631631 ], [ 153.020411921799706, -27.492917444672802 ], [ 153.020862071701373, -27.493313184721107 ], [ 153.021302191604974, -27.493702424768365 ], [ 153.021840051603021, -27.493260164818846 ], [ 153.022254041511303, -27.493634454863361 ], [ 153.022418181474478, -27.493786484881042 ], [ 153.023295161310472, -27.494339454973428 ], [ 153.023677101249888, -27.494494425012995 ], [ 153.024388041128333, -27.494852435087186 ], [ 153.024749911066465, -27.495034425124945 ], [ 153.024833671047759, -27.495111655133968 ], [ 153.025189110968199, -27.495439425172233 ], [ 153.025463080899726, -27.495748485202178 ], [ 153.025519950886178, -27.495807445208349 ], [ 153.026010980763857, -27.496358415261994 ], [ 153.026194940722377, -27.496530405281828 ], [ 153.02639689068377, -27.496664415303155 ], [ 153.026643890643584, -27.49677242532881 ], [ 153.026860960606768, -27.496879425351448 ], [ 153.027654030620056, -27.496099485424892 ], [ 153.027874010596008, -27.496102465447013 ], [ 153.027844120569682, -27.496336455445849 ], [ 153.02779601055542, -27.496490445442234 ], [ 153.027660160514472, -27.496930445432081 ], [ 153.027448100447856, -27.497638485416395 ], [ 153.027565110404737, -27.497880405430038 ], [ 153.027729980343594, -27.498224465449312 ], [ 153.027736550340535, -27.498243115450119 ], [ 153.027956070238389, -27.498865455477073 ], [ 153.028155140159555, -27.499320405500665 ], [ 153.02840896007811, -27.499749445529527 ], [ 153.028480940053043, -27.499886415537848 ], [ 153.028502180038402, -27.499984425540742 ], [ 153.028344130048481, -27.500039415525315 ], [ 153.028245180059486, -27.500036455515357 ], [ 153.028079910079867, -27.5000154754986 ], [ 153.026909900229725, -27.499824405379634 ], [ 153.026858070236273, -27.499816485374364 ], [ 153.026786060242614, -27.499827455367218 ], [ 153.026691010247674, -27.499868415358005 ], [ 153.026625170248963, -27.499914405351763 ], [ 153.026576220250035, -27.499947425347099 ], [ 153.026541980247174, -27.499999455344074 ], [ 153.026507090235754, -27.500119425341527 ], [ 153.026378210164381, -27.500794435333923 ], [ 153.024936020346388, -27.500580405187456 ], [ 153.023471930531827, -27.50035748503873 ], [ 153.022822050617094, -27.500235434972531 ], [ 153.022867020660073, -27.499856444974061 ], [ 153.022825040701747, -27.499562444967513 ], [ 153.022750110727713, -27.499420144958883 ], [ 153.022586110751035, -27.499375154942058 ], [ 153.022495080765339, -27.49933914493263 ], [ 153.022438100775645, -27.499306144926656 ], [ 153.02240208078419, -27.499269144922749 ], [ 153.022395070787866, -27.499246144921859 ], [ 153.022396090791773, -27.499214144921719 ], [ 153.02237609080251, -27.499146134919158 ], [ 153.022372080808594, -27.499101144918402 ], [ 153.022374080813449, -27.49906114491829 ], [ 153.022391090818559, -27.499006144919562 ], [ 153.022398100822102, -27.498972144919993 ], [ 153.022426100829449, -27.49889013492216 ], [ 153.022467090833231, -27.498825144925757 ], [ 153.022491100835083, -27.498790144927888 ], [ 153.022597060855247, -27.498540134936562 ], [ 153.02264305087931, -27.498310144939353 ], [ 153.022640570901046, -27.498140474937767 ], [ 153.02263805092295, -27.497969144936164 ], [ 153.022633090927002, -27.497941144935439 ], [ 153.022631040937313, -27.4978611449346 ], [ 153.022618050941617, -27.497838154933117 ], [ 153.02255206096018, -27.497747154925769 ], [ 153.022519060968648, -27.497708134922156 ], [ 153.022414050989141, -27.497635164911049 ], [ 153.022329081004614, -27.497585164902112 ], [ 153.022316051008858, -27.497562164900621 ], [ 153.022295061020486, -27.497488164897931 ], [ 153.022255061031871, -27.497432164893471 ], [ 153.022209071043221, -27.497381164888466 ], [ 153.022155051062668, -27.49727316488217 ], [ 153.022044051123572, -27.496885164867969 ], [ 153.022049091128167, -27.496844164868151 ], [ 153.022026061152275, -27.49667316486449 ], [ 153.022015071157369, -27.496642164863136 ], [ 153.021985071169667, -27.496570164859552 ], [ 153.021952031178898, -27.496525164855889 ], [ 153.021938061183931, -27.496497164854258 ], [ 153.021924041192023, -27.496445154852449 ], [ 153.021898051200452, -27.496400164849479 ], [ 153.021871041210602, -27.496343164846326 ] ] ] ] } },
{ "type": "Feature", "properties": { "sa1_2021": "30302105408", "sa2_2021": "303021054", "sa2_2021_name": "Fairfield - Dutton Park", "sa1_2021_short": 3105408 }, "geometry": { "type": "MultiPolygon", "coordinates": [ [ [ [ 153.025418071094151, -27.494246465185789 ], [ 153.025595171190758, -27.493330465196326 ], [ 153.026905051026205, -27.493519435329318 ], [ 153.027507150950527, -27.493606485390448 ], [ 153.027469010995276, -27.493284465384086 ], [ 153.027426851078729, -27.492659405374905 ], [ 153.027413891135154, -27.492223455370155 ], [ 153.027366371195995, -27.491782025361893 ], [ 153.028087901043961, -27.492372125439008 ], [ 153.028433920970429, -27.492660135476012 ], [ 153.028749940915191, -27.492829125509072 ], [ 153.029093920857662, -27.492992135544899 ], [ 153.029451360804046, -27.493112415581734 ], [ 153.030552890638546, -27.493486105695279 ], [ 153.03126589051098, -27.49389010577007 ], [ 153.031353890493193, -27.493956115779415 ], [ 153.031381920487007, -27.493981105782435 ], [ 153.032379030242737, -27.495067445891145 ], [ 153.032473010190472, -27.495401445903212 ], [ 153.032448050169023, -27.495592435902221 ], [ 153.032297050150135, -27.495870455889253 ], [ 153.032139040144273, -27.496051445874816 ], [ 153.031758020147436, -27.496350435838927 ], [ 153.032184040080608, -27.496517435883021 ], [ 153.032576020028898, -27.496593455922977 ], [ 153.031906970035607, -27.497109585859871 ], [ 153.031671950027231, -27.497375575838383 ], [ 153.031511970009944, -27.497648585824475 ], [ 153.031275959980661, -27.498081575804193 ], [ 153.031106959966991, -27.498333585789222 ], [ 153.030904969970123, -27.498480585770103 ], [ 153.030533989977414, -27.498738585734902 ], [ 153.030079999994371, -27.498990575691305 ], [ 153.029758980004971, -27.499179585660574 ], [ 153.029427960023781, -27.49931260562839 ], [ 153.029220970008595, -27.499609105609952 ], [ 153.02881903998906, -27.500105585573515 ], [ 153.028502180038402, -27.499984425540742 ], [ 153.028480940053043, -27.499886415537848 ], [ 153.02840896007811, -27.499749445529527 ], [ 153.028155140159555, -27.499320405500665 ], [ 153.027956070238389, -27.498865455477073 ], [ 153.027736550340535, -27.498243115450119 ], [ 153.027729980343594, -27.498224465449312 ], [ 153.027565110404737, -27.497880405430038 ], [ 153.027448100447856, -27.497638485416395 ], [ 153.027660160514472, -27.496930445432081 ], [ 153.02779601055542, -27.496490445442234 ], [ 153.027844120569682, -27.496336455445849 ], [ 153.027874010596008, -27.496102465447013 ], [ 153.027654030620056, -27.496099485424892 ], [ 153.026860960606768, -27.496879425351448 ], [ 153.026643890643584, -27.49677242532881 ], [ 153.02639689068377, -27.496664415303155 ], [ 153.026194940722377, -27.496530405281828 ], [ 153.026010980763857, -27.496358415261994 ], [ 153.025519950886178, -27.495807445208349 ], [ 153.025463080899726, -27.495748485202178 ], [ 153.025189110968199, -27.495439425172233 ], [ 153.025233061001529, -27.495137485174265 ], [ 153.025398041083918, -27.494344445184549 ], [ 153.025418071094151, -27.494246465185789 ] ] ] ] } },
{ "type": "Feature", "properties": { "sa1_2021": "30302105409", "sa2_2021": "303021054", "sa2_2021_name": "Fairfield - Dutton Park", "sa1_2021_short": 3105409 }, "geometry": { "type": "MultiPolygon", "coordinates": [ [ [ [ 153.023565151438476, -27.493095474990696 ], [ 153.024592961308031, -27.493254405095126 ], [ 153.024628801326145, -27.493080245097346 ], [ 153.024729761313722, -27.493093035107584 ], [ 153.025137281261351, -27.493160945149029 ], [ 153.025538671210455, -27.493222545189795 ], [ 153.025613571200751, -27.493235745197428 ], [ 153.025595171190758, -27.493330465196326 ], [ 153.025418071094151, -27.494246465185789 ], [ 153.025398041083918, -27.494344445184549 ], [ 153.025233061001529, -27.495137485174265 ], [ 153.025189110968199, -27.495439425172233 ], [ 153.024833671047759, -27.495111655133968 ], [ 153.024749911066465, -27.495034425124945 ], [ 153.024388041128333, -27.494852435087186 ], [ 153.023677101249888, -27.494494425012995 ], [ 153.023295161310472, -27.494339454973428 ], [ 153.022418181474478, -27.493786484881042 ], [ 153.022524321530227, -27.493254494887488 ], [ 153.022586041562647, -27.492945164891239 ], [ 153.023565151438476, -27.493095474990696 ] ] ] ] } },
{ "type": "Feature", "properties": { "sa1_2021": "30302105410", "sa2_2021": "303021054", "sa2_2021_name": "Fairfield - Dutton Park", "sa1_2021_short": 3105410 }, "geometry": { "type": "MultiPolygon", "coordinates": [ [ [ [ 153.02392800161337, -27.491401165013734 ], [ 153.024384981853075, -27.489113165041513 ], [ 153.024095421932259, -27.488732025009444 ], [ 153.02386599199528, -27.48842814498401 ], [ 153.02435297193361, -27.488502145033479 ], [ 153.024759941797498, -27.489234155080116 ], [ 153.025249661678146, -27.489763145133452 ], [ 153.02605299148243, -27.490630145220948 ], [ 153.026174391456095, -27.490735725233968 ], [ 153.027303631209463, -27.49172845535518 ], [ 153.02734695120003, -27.491766435359825 ], [ 153.027366371195995, -27.491782025361893 ], [ 153.027413891135154, -27.492223455370155 ], [ 153.027426851078729, -27.492659405374905 ], [ 153.027469010995276, -27.493284465384086 ], [ 153.027507150950527, -27.493606485390448 ], [ 153.026905051026205, -27.493519435329318 ], [ 153.025595171190758, -27.493330465196326 ], [ 153.025613571200751, -27.493235745197428 ], [ 153.025538671210455, -27.493222545189795 ], [ 153.025137281261351, -27.493160945149029 ], [ 153.024729761313722, -27.493093035107584 ], [ 153.024628801326145, -27.493080245097346 ], [ 153.024592961308031, -27.493254405095126 ], [ 153.023565151438476, -27.493095474990696 ], [ 153.022586041562647, -27.492945164891239 ], [ 153.022925051740799, -27.491245154911827 ], [ 153.02392800161337, -27.491401165013734 ] ] ] ] } },
{ "type": "Feature", "properties": { "sa1_2021": "30302105501", "sa2_2021": "303021055", "sa2_2021_name": "Greenslopes", "sa1_2021_short": 3105501 }, "geometry": { "type": "MultiPolygon", "coordinates": [ [ [ [ 153.045368897402028, -27.506507437286199 ], [ 153.045290057412274, -27.506493417278161 ], [ 153.044412017525332, -27.50634545718879 ], [ 153.043523937641226, -27.506183447098294 ], [ 153.043551967670567, -27.505927477099085 ], [ 153.043770157784337, -27.50484145711242 ], [ 153.043981097757012, -27.504878437133911 ], [ 153.044694997663612, -27.505010477206664 ], [ 153.044997037627581, -27.505038467237235 ], [ 153.04565403754097, -27.505165447304236 ], [ 153.045962937501201, -27.505217467335687 ], [ 153.046626027415925, -27.505328457403166 ], [ 153.04696693737219, -27.505384437437868 ], [ 153.047598027290888, -27.505491437502123 ], [ 153.04856713716498, -27.505663427600844 ], [ 153.04908204709966, -27.505742447653208 ], [ 153.04939469703416, -27.505994967686615 ], [ 153.049529017027794, -27.505931437699608 ], [ 153.04976002697515, -27.506151447724555 ], [ 153.049909026935097, -27.506341457741033 ], [ 153.050269976820374, -27.506942407782045 ], [ 153.050480216765919, -27.507194417805167 ], [ 153.050380096767952, -27.507263437795654 ], [ 153.050112986794147, -27.507283417768967 ], [ 153.049203986909788, -27.507141417676507 ], [ 153.048261847030261, -27.506989497580651 ], [ 153.047315077151808, -27.506832447484285 ], [ 153.046344147276642, -27.506670447385453 ], [ 153.045368897402028, -27.506507437286199 ] ] ] ] } },
{ "type": "Feature", "properties": { "sa1_2021": "30302105502", "sa2_2021": "303021055", "sa2_2021_name": "Greenslopes", "sa1_2021_short": 3105502 }, "geometry": { "type": "MultiPolygon", "coordinates": [ [ [ [ 153.043833857237729, -27.509113497152587 ], [ 153.044787887115461, -27.509269447249654 ], [ 153.045763096990186, -27.509431457348903 ], [ 153.046740126865217, -27.509589407448317 ], [ 153.047685146743646, -27.509747457544499 ], [ 153.047294196546204, -27.511642487520195 ], [ 153.046340196668694, -27.511484457423105 ], [ 153.045365026793746, -27.511324447323858 ], [ 153.044830016861226, -27.511245457269496 ], [ 153.044686016884782, -27.511181447254522 ], [ 153.044581046913663, -27.51104245724288 ], [ 153.044490156961587, -27.510740427231362 ], [ 153.044493046963055, -27.510726257231546 ], [ 153.044387336976058, -27.510713247220824 ], [ 153.043534807085621, -27.510571427134057 ], [ 153.042680777195358, -27.51042938704715 ], [ 153.042478677224636, -27.510369827026377 ], [ 153.042104557272722, -27.510307596988298 ], [ 153.042256757354295, -27.509532466997463 ], [ 153.042281147366367, -27.509416266999001 ], [ 153.04288204736099, -27.508947437055657 ], [ 153.04296507735026, -27.508961927064107 ], [ 153.043833857237729, -27.509113497152587 ] ] ] ] } },
{ "type": "Feature", "properties": { "sa1_2021": "30302105503", "sa2_2021": "303021055", "sa2_2021_name": "Greenslopes", "sa1_2021_short": 3105503 }, "geometry": { "type": "MultiPolygon", "coordinates": [ [ [ [ 153.048239916424961, -27.511797477616433 ], [ 153.048133046438721, -27.511779437605558 ], [ 153.047294196546204, -27.511642487520195 ], [ 153.047685146743646, -27.509747457544499 ], [ 153.04862907662249, -27.509903407640575 ], [ 153.049580926500369, -27.510060477737447 ], [ 153.050556866373597, -27.510233447836882 ], [ 153.050236026226571, -27.511669457815991 ], [ 153.050137116181219, -27.512112477809548 ], [ 153.049185996303578, -27.511953427712729 ], [ 153.048239916424961, -27.511797477616433 ] ] ] ] } },
{ "type": "Feature", "properties": { "sa1_2021": "30302105504", "sa2_2021": "303021055", "sa2_2021_name": "Greenslopes", "sa1_2021_short": 3105504 }, "geometry": { "type": "MultiPolygon", "coordinates": [ [ [ [ 153.039716908300647, -27.504202446700234 ], [ 153.039116778375046, -27.504123806639338 ], [ 153.039342348503567, -27.502914576652433 ], [ 153.039562848629174, -27.501732496665245 ], [ 153.040161878554301, -27.501815466726061 ], [ 153.040422158521864, -27.501851466752491 ], [ 153.041130998433033, -27.501951466824476 ], [ 153.041288858542572, -27.500950016832427 ], [ 153.041305138551877, -27.500862696833366 ], [ 153.041407008539551, -27.500873446843688 ], [ 153.042012028462949, -27.50096544690518 ], [ 153.041980018443752, -27.501144456903393 ], [ 153.041905048400139, -27.501553456899092 ], [ 153.042204128362357, -27.501598226929481 ], [ 153.042130548318568, -27.502007426925321 ], [ 153.04211003830946, -27.502097056923976 ], [ 153.042159888303161, -27.502104476929045 ], [ 153.04316714817611, -27.502253417031397 ], [ 153.044199988045051, -27.502412447136404 ], [ 153.04446891801021, -27.50245943716379 ], [ 153.04421772787984, -27.503704987148396 ], [ 153.043981097757012, -27.504878437133911 ], [ 153.043770157784337, -27.50484145711242 ], [ 153.04273406792197, -27.504633467006695 ], [ 153.042317977974534, -27.504571186964419 ], [ 153.041724998049489, -27.504482446904145 ], [ 153.040710838177262, -27.504333406801102 ], [ 153.039716908300647, -27.504202446700234 ] ] ] ] } },
{ "type": "Feature", "properties": { "sa1_2021": "30302105505", "sa2_2021": "303021055", "sa2_2021_name": "Greenslopes", "sa1_2021_short": 3105505 }, "geometry": { "type": "MultiPolygon", "coordinates": [ [ [ [ 153.038621178088562, -27.506813406610821 ], [ 153.038762178171936, -27.506033416618816 ], [ 153.03885240822359, -27.505547616624032 ], [ 153.039116778375046, -27.504123806639338 ], [ 153.039716908300647, -27.504202446700234 ], [ 153.040710838177262, -27.504333406801102 ], [ 153.041724998049489, -27.504482446904145 ], [ 153.042317977974534, -27.504571186964419 ], [ 153.04273406792197, -27.504633467006695 ], [ 153.043770157784337, -27.50484145711242 ], [ 153.043551967670567, -27.505927477099085 ], [ 153.043523937641226, -27.506183447098294 ], [ 153.043513097629329, -27.506287027098026 ], [ 153.043437867592075, -27.506645967093295 ], [ 153.043845387539477, -27.506715267134791 ], [ 153.043656387447697, -27.507602567122813 ], [ 153.044032237399108, -27.507667367161087 ], [ 153.044013147389649, -27.507758577159887 ], [ 153.043636827438263, -27.507693737121567 ], [ 153.043431297338486, -27.508658457108549 ], [ 153.043046987387953, -27.508593777069425 ], [ 153.04296507735026, -27.508961927064107 ], [ 153.04288204736099, -27.508947437055657 ], [ 153.042281147366367, -27.509416266999001 ], [ 153.041331157374799, -27.510157486909428 ], [ 153.04064601732739, -27.511115456848188 ], [ 153.040611487343625, -27.511016716843933 ], [ 153.040269517457546, -27.510405976804758 ], [ 153.040075817493886, -27.510283026784336 ], [ 153.039845057570489, -27.509872906757913 ], [ 153.039576857597467, -27.509887576731089 ], [ 153.039507037603045, -27.509902926724202 ], [ 153.039168607645877, -27.509851946689807 ], [ 153.039102617665151, -27.509755556682418 ], [ 153.039021037662735, -27.509843836674925 ], [ 153.038882047717152, -27.509531446658482 ], [ 153.038834007739496, -27.509395456652602 ], [ 153.038690927806158, -27.508989476635012 ], [ 153.038645197832693, -27.508818456629072 ], [ 153.038604867865189, -27.508595436623256 ], [ 153.038555917905853, -27.508315466616136 ], [ 153.038533907954104, -27.507951996611045 ], [ 153.038522047980081, -27.507756466608303 ], [ 153.038545848021869, -27.507405596607924 ], [ 153.038554128036424, -27.507283416607795 ], [ 153.038613148083869, -27.506857456610359 ], [ 153.038621178088562, -27.506813406610821 ] ] ] ] } },
{ "type": "Feature", "properties": { "sa1_2021": "30302105506", "sa2_2021": "303021055", "sa2_2021_name": "Greenslopes", "sa1_2021_short": 3105506 }, "geometry": { "type": "MultiPolygon", "coordinates": [ [ [ [ 153.04421772787984, -27.503704987148396 ], [ 153.04446891801021, -27.50245943716379 ], [ 153.045449887881944, -27.50264041726377 ], [ 153.045939137819005, -27.502722417313567 ], [ 153.046469077751567, -27.50280547736747 ], [ 153.04687116770117, -27.502862437408314 ], [ 153.047046037678825, -27.5028904474261 ], [ 153.047307157538683, -27.503777487459345 ], [ 153.047362967519661, -27.503880437465774 ], [ 153.048332077286915, -27.50489841757118 ], [ 153.049401057054155, -27.505831447685964 ], [ 153.049529017027794, -27.505931437699608 ], [ 153.04939469703416, -27.505994967686615 ], [ 153.04908204709966, -27.505742447653208 ], [ 153.04856713716498, -27.505663427600844 ], [ 153.047598027290888, -27.505491437502123 ], [ 153.04696693737219, -27.505384437437868 ], [ 153.046626027415925, -27.505328457403166 ], [ 153.045962937501201, -27.505217467335687 ], [ 153.04565403754097, -27.505165447304236 ], [ 153.044997037627581, -27.505038467237235 ], [ 153.044694997663612, -27.505010477206664 ], [ 153.043981097757012, -27.504878437133911 ], [ 153.04421772787984, -27.503704987148396 ] ] ] ] } },
{ "type": "Feature", "properties": { "sa1_2021": "30302105507", "sa2_2021": "303021055", "sa2_2021_name": "Greenslopes", "sa1_2021_short": 3105507 }, "geometry": { "type": "MultiPolygon", "coordinates": [ [ [ [ 153.044412017525332, -27.50634545718879 ], [ 153.045290057412274, -27.506493417278161 ], [ 153.045368897402028, -27.506507437286199 ], [ 153.046344147276642, -27.506670447385453 ], [ 153.04602476711915, -27.508188067365371 ], [ 153.045763096990186, -27.509431457348903 ], [ 153.044787887115461, -27.509269447249654 ], [ 153.043833857237729, -27.509113497152587 ], [ 153.04296507735026, -27.508961927064107 ], [ 153.043046987387953, -27.508593777069425 ], [ 153.043431297338486, -27.508658457108549 ], [ 153.043636827438263, -27.507693737121567 ], [ 153.044013147389649, -27.507758577159887 ], [ 153.044032237399108, -27.507667367161087 ], [ 153.043656387447697, -27.507602567122813 ], [ 153.043845387539477, -27.506715267134791 ], [ 153.043437867592075, -27.506645967093295 ], [ 153.043513097629329, -27.506287027098026 ], [ 153.043523937641226, -27.506183447098294 ], [ 153.044412017525332, -27.50634545718879 ] ] ] ] } },
{ "type": "Feature", "properties": { "sa1_2021": "30302105508", "sa2_2021": "303021055", "sa2_2021_name": "Greenslopes", "sa1_2021_short": 3105508 }, "geometry": { "type": "MultiPolygon", "coordinates": [ [ [ [ 153.04798455689243, -27.508315627563274 ], [ 153.048261847030261, -27.506989497580651 ], [ 153.049203986909788, -27.507141417676507 ], [ 153.050112986794147, -27.507283417768967 ], [ 153.050380096767952, -27.507263437795654 ], [ 153.050480216765919, -27.507194417805167 ], [ 153.050739036705352, -27.507453457833218 ], [ 153.051449036553123, -27.508054447909323 ], [ 153.052098036395506, -27.508749437980029 ], [ 153.052155996380918, -27.508815627986372 ], [ 153.052838916208941, -27.509595438061158 ], [ 153.052724086211185, -27.509675458050246 ], [ 153.052559906216459, -27.509773468034528 ], [ 153.051879476271154, -27.509918947967304 ], [ 153.051704206285308, -27.50995642794998 ], [ 153.051506186299093, -27.510015467930558 ], [ 153.050556866373597, -27.510233447836882 ], [ 153.049580926500369, -27.510060477737447 ], [ 153.04862907662249, -27.509903407640575 ], [ 153.047685146743646, -27.509747457544499 ], [ 153.047944886872699, -27.508505457560783 ], [ 153.04798455689243, -27.508315627563274 ] ] ] ] } },
{ "type": "Feature", "properties": { "sa1_2021": "30302105509", "sa2_2021": "303021055", "sa2_2021_name": "Greenslopes", "sa1_2021_short": 3105509 }, "geometry": { "type": "MultiPolygon", "coordinates": [ [ [ [ 153.04602476711915, -27.508188067365371 ], [ 153.046344147276642, -27.506670447385453 ], [ 153.047315077151808, -27.506832447484285 ], [ 153.048261847030261, -27.506989497580651 ], [ 153.04798455689243, -27.508315627563274 ], [ 153.047944886872699, -27.508505457560783 ], [ 153.047685146743646, -27.509747457544499 ], [ 153.046740126865217, -27.509589407448317 ], [ 153.045763096990186, -27.509431457348903 ], [ 153.04602476711915, -27.508188067365371 ] ] ] ] } },
{ "type": "Feature", "properties": { "sa1_2021": "30302105510", "sa2_2021": "303021055", "sa2_2021_name": "Greenslopes", "sa1_2021_short": 3105510 }, "geometry": { "type": "MultiPolygon", "coordinates": [ [ [ [ 153.050236026226571, -27.511669457815991 ], [ 153.050556866373597, -27.510233447836882 ], [ 153.051506186299093, -27.510015467930558 ], [ 153.051704206285308, -27.50995642794998 ], [ 153.051879476271154, -27.509918947967304 ], [ 153.052559906216459, -27.509773468034528 ], [ 153.052724086211185, -27.509675458050246 ], [ 153.052838916208941, -27.509595438061158 ], [ 153.052933956185228, -27.509702448071558 ], [ 153.0530279161583, -27.509835458082051 ], [ 153.053093066131737, -27.509990458089817 ], [ 153.05311788609643, -27.51024846809436 ], [ 153.053079016051186, -27.510639438093541 ], [ 153.053066056032634, -27.510797478093487 ], [ 153.053108215930848, -27.511566428103798 ], [ 153.05310890590971, -27.511733488105186 ], [ 153.053129055865668, -27.512064418109823 ], [ 153.053279175820961, -27.512290488126695 ], [ 153.053142005826373, -27.512364468113489 ], [ 153.052955895820077, -27.512572458096436 ], [ 153.052514025876661, -27.512500438051475 ], [ 153.050390636148762, -27.512153847835361 ], [ 153.050137116181219, -27.512112477809548 ], [ 153.050236026226571, -27.511669457815991 ] ] ] ] } },
{ "type": "Feature", "properties": { "sa1_2021": "30302105511", "sa2_2021": "303021055", "sa2_2021_name": "Greenslopes", "sa1_2021_short": 3105511 }, "geometry": { "type": "MultiPolygon", "coordinates": [ [ [ [ 153.048917067436633, -27.503216397616669 ], [ 153.049159567405525, -27.503256287641349 ], [ 153.050218107269785, -27.503430447749086 ], [ 153.051121157153887, -27.503579737841012 ], [ 153.051699897079629, -27.50367541789992 ], [ 153.052532896967335, -27.503855427985048 ], [ 153.052206046975016, -27.504072447953906 ], [ 153.05146516699233, -27.504565417883359 ], [ 153.051063117004276, -27.504813077844911 ], [ 153.05037903702447, -27.505234487779514 ], [ 153.050039507034626, -27.505442987747038 ], [ 153.049822117041145, -27.505576477726251 ], [ 153.049401057054155, -27.505831447685964 ], [ 153.048332077286915, -27.50489841757118 ], [ 153.047362967519661, -27.503880437465774 ], [ 153.047307157538683, -27.503777487459345 ], [ 153.047046037678825, -27.5028904474261 ], [ 153.047825787577324, -27.503030897505557 ], [ 153.048206047527799, -27.503099427544299 ], [ 153.048917067436633, -27.503216397616669 ] ] ] ] } },
{ "type": "Feature", "properties": { "sa1_2021": "30302105512", "sa2_2021": "303021055", "sa2_2021_name": "Greenslopes", "sa1_2021_short": 3105512 }, "geometry": { "type": "MultiPolygon", "coordinates": [ [ [ [ 153.05037903702447, -27.505234487779514 ], [ 153.051063117004276, -27.504813077844911 ], [ 153.05146516699233, -27.504565417883359 ], [ 153.052206046975016, -27.504072447953906 ], [ 153.052532896967335, -27.503855427985048 ], [ 153.052991196908749, -27.503929488031684 ], [ 153.053782106731234, -27.504661458116949 ], [ 153.054129156663123, -27.504905448153757 ], [ 153.053682026676142, -27.505182448111015 ], [ 153.052759486703309, -27.505752028022808 ], [ 153.052426026711402, -27.505971457991027 ], [ 153.052092746722849, -27.506164157959063 ], [ 153.051756036732741, -27.506372447926879 ], [ 153.051420886742562, -27.506579437894821 ], [ 153.05080491676074, -27.506959427835938 ], [ 153.050480216765919, -27.507194417805167 ], [ 153.050269976820374, -27.506942407782045 ], [ 153.049909026935097, -27.506341457741033 ], [ 153.04976002697515, -27.506151447724555 ], [ 153.049529017027794, -27.505931437699608 ], [ 153.049401057054155, -27.505831447685964 ], [ 153.049822117041145, -27.505576477726251 ], [ 153.050039507034626, -27.505442987747038 ], [ 153.05037903702447, -27.505234487779514 ] ] ] ] } },
{ "type": "Feature", "properties": { "sa1_2021": "30302105513", "sa2_2021": "303021055", "sa2_2021_name": "Greenslopes", "sa1_2021_short": 3105513 }, "geometry": { "type": "MultiPolygon", "coordinates": [ [ [ [ 153.054598036566972, -27.505267438203745 ], [ 153.055070196470098, -27.505632468254074 ], [ 153.054924776474081, -27.505724608240183 ], [ 153.053608956510089, -27.506558478114549 ], [ 153.053460076514142, -27.506653088100336 ], [ 153.052799276532085, -27.50707298803724 ], [ 153.052527896539402, -27.507245438011335 ], [ 153.051449036553123, -27.508054447909323 ], [ 153.050739036705352, -27.507453457833218 ], [ 153.050480216765919, -27.507194417805167 ], [ 153.05080491676074, -27.506959427835938 ], [ 153.051420886742562, -27.506579437894821 ], [ 153.051756036732741, -27.506372447926879 ], [ 153.052092746722849, -27.506164157959063 ], [ 153.052426026711402, -27.505971457991027 ], [ 153.052759486703309, -27.505752028022808 ], [ 153.053682026676142, -27.505182448111015 ], [ 153.054129156663123, -27.504905448153757 ], [ 153.054598036566972, -27.505267438203745 ] ] ] ] } },
{ "type": "Feature", "properties": { "sa1_2021": "30302105514", "sa2_2021": "303021055", "sa2_2021_name": "Greenslopes", "sa1_2021_short": 3105514 }, "geometry": { "type": "MultiPolygon", "coordinates": [ [ [ [ 153.052527896539402, -27.507245438011335 ], [ 153.052799276532085, -27.50707298803724 ], [ 153.053460076514142, -27.506653088100336 ], [ 153.053608956510089, -27.506558478114549 ], [ 153.054200036352654, -27.507301438179816 ], [ 153.054738996210034, -27.507971478239273 ], [ 153.054918976159598, -27.508217448259305 ], [ 153.053855186188343, -27.508894418157745 ], [ 153.052838916208941, -27.509595438061158 ], [ 153.052155996380918, -27.508815627986372 ], [ 153.052098036395506, -27.508749437980029 ], [ 153.051449036553123, -27.508054447909323 ], [ 153.052527896539402, -27.507245438011335 ] ] ] ] } },
{ "type": "Feature", "properties": { "sa1_2021": "30302105515", "sa2_2021": "303021055", "sa2_2021_name": "Greenslopes", "sa1_2021_short": 3105515 }, "geometry": { "type": "MultiPolygon", "coordinates": [ [ [ [ 153.054924776474081, -27.505724608240183 ], [ 153.055070196470098, -27.505632468254074 ], [ 153.055384096442197, -27.505586468285262 ], [ 153.055727196409634, -27.505552448319474 ], [ 153.056832046309211, -27.505407468429368 ], [ 153.057418136236777, -27.50548244848887 ], [ 153.058377866119116, -27.505597458586244 ], [ 153.058878976012295, -27.506016408639926 ], [ 153.059444905904314, -27.506389468699748 ], [ 153.059889875818072, -27.506693478746882 ], [ 153.060273995741056, -27.506976438787731 ], [ 153.060329075714122, -27.507142488794578 ], [ 153.058742165758474, -27.508140418642952 ], [ 153.058369975858625, -27.507664488601787 ], [ 153.05790587599563, -27.506975448549689 ], [ 153.057199936053905, -27.507114408479829 ], [ 153.055710986176251, -27.507412498332538 ], [ 153.054738996210034, -27.507971478239273 ], [ 153.054200036352654, -27.507301438179816 ], [ 153.053608956510089, -27.506558478114549 ], [ 153.054924776474081, -27.505724608240183 ] ] ] ] } },
{ "type": "Feature", "properties": { "sa1_2021": "30302105516", "sa2_2021": "303021055", "sa2_2021_name": "Greenslopes", "sa1_2021_short": 3105516 }, "geometry": { "type": "MultiPolygon", "coordinates": [ [ [ [ 153.05310890590971, -27.511733488105186 ], [ 153.053108215930848, -27.511566428103798 ], [ 153.053066056032634, -27.510797478093487 ], [ 153.053079016051186, -27.510639438093541 ], [ 153.05311788609643, -27.51024846809436 ], [ 153.053093066131737, -27.509990458089817 ], [ 153.0530279161583, -27.509835458082051 ], [ 153.052933956185228, -27.509702448071558 ], [ 153.052838916208941, -27.509595438061158 ], [ 153.053855186188343, -27.508894418157745 ], [ 153.054627015984806, -27.509848428242851 ], [ 153.055128125972431, -27.509520458290623 ], [ 153.055588935845265, -27.510134458341781 ], [ 153.056371935638623, -27.511103488428134 ], [ 153.055981015648769, -27.51135547839084 ], [ 153.055880205652272, -27.511413438381158 ], [ 153.05535602566701, -27.511742478331087 ], [ 153.054907115681118, -27.512012488288107 ], [ 153.053628045713708, -27.512842448166115 ], [ 153.053279175820961, -27.512290488126695 ], [ 153.053129055865668, -27.512064418109823 ], [ 153.05310890590971, -27.511733488105186 ] ] ] ] } },
{ "type": "Feature", "properties": { "sa1_2021": "30302105517", "sa2_2021": "303021055", "sa2_2021_name": "Greenslopes", "sa1_2021_short": 3105517 }, "geometry": { "type": "MultiPolygon", "coordinates": [ [ [ [ 153.047691976146524, -27.514466417582479 ], [ 153.045493106427898, -27.514110477358752 ], [ 153.045303016472474, -27.513919487338146 ], [ 153.045062366503771, -27.513876577313631 ], [ 153.043688076682486, -27.513631497173634 ], [ 153.043684856689083, -27.513581987172923 ], [ 153.043159256754507, -27.513511517119568 ], [ 153.042767026747526, -27.513900447083238 ], [ 153.042435976743576, -27.51421342705245 ], [ 153.042054036812772, -27.513990407012329 ], [ 153.041769996866464, -27.513807446982355 ], [ 153.041370026948613, -27.513497476939715 ], [ 153.040970067039126, -27.513121466896589 ], [ 153.040599987134755, -27.512679466855921 ], [ 153.040305177223814, -27.512225416822723 ], [ 153.040134947281501, -27.511913916803152 ], [ 153.03905811764821, -27.509927436679302 ], [ 153.039021037662735, -27.509843836674925 ], [ 153.039102617665151, -27.509755556682418 ], [ 153.039168607645877, -27.509851946689807 ], [ 153.039507037603045, -27.509902926724202 ], [ 153.039576857597467, -27.509887576731089 ], [ 153.039845057570489, -27.509872906757913 ], [ 153.040075817493886, -27.510283026784336 ], [ 153.040269517457546, -27.510405976804758 ], [ 153.040611487343625, -27.511016716843933 ], [ 153.04064601732739, -27.511115456848188 ], [ 153.041331157374799, -27.510157486909428 ], [ 153.042281147366367, -27.509416266999001 ], [ 153.042256757354295, -27.509532466997463 ], [ 153.042104557272722, -27.510307596988298 ], [ 153.042478677224636, -27.510369827026377 ], [ 153.042680777195358, -27.51042938704715 ], [ 153.043534807085621, -27.510571427134057 ], [ 153.044387336976058, -27.510713247220824 ], [ 153.044493046963055, -27.510726257231546 ], [ 153.044490156961587, -27.510740427231362 ], [ 153.044581046913663, -27.51104245724288 ], [ 153.044686016884782, -27.511181447254522 ], [ 153.044830016861226, -27.511245457269496 ], [ 153.045365026793746, -27.511324447323858 ], [ 153.046340196668694, -27.511484457423105 ], [ 153.047294196546204, -27.511642487520195 ], [ 153.048133046438721, -27.511779437605558 ], [ 153.048239916424961, -27.511797477616433 ], [ 153.049185996303578, -27.511953427712729 ], [ 153.050137116181219, -27.512112477809548 ], [ 153.050390636148762, -27.512153847835361 ], [ 153.052514025876661, -27.512500438051475 ], [ 153.052955895820077, -27.512572458096436 ], [ 153.052469895805075, -27.513104448051795 ], [ 153.052198115799399, -27.513380488026673 ], [ 153.051515165774106, -27.514161407964217 ], [ 153.050981425766508, -27.514675227914637 ], [ 153.050895985765322, -27.514757477906706 ], [ 153.050233945820935, -27.514880407841158 ], [ 153.049265305944232, -27.514728707742634 ], [ 153.047691976146524, -27.514466417582479 ] ] ] ] } },
{ "type": "Feature", "properties": { "sa1_2021": "30302105519", "sa2_2021": "303021055", "sa2_2021_name": "Greenslopes", "sa1_2021_short": 3105519 }, "geometry": { "type": "MultiPolygon", "coordinates": [ [ [ [ 153.046678958141058, -27.499544407362787 ], [ 153.046690018241435, -27.498740457357542 ], [ 153.047610988139382, -27.498765467450273 ], [ 153.048671928018337, -27.498821447557305 ], [ 153.049347327938335, -27.498880207625636 ], [ 153.049695027897172, -27.498910447660794 ], [ 153.05014904785105, -27.498889457706262 ], [ 153.050734037791869, -27.498860447764802 ], [ 153.05119404774473, -27.498842427810899 ], [ 153.051130057714801, -27.499133897806768 ], [ 153.051067277684808, -27.499424487802756 ], [ 153.050863647587676, -27.500365937789734 ], [ 153.050764767538567, -27.500838747783533 ], [ 153.050707647510194, -27.501111937779953 ], [ 153.050212227572644, -27.501038637729597 ], [ 153.049716997634874, -27.500967407679276 ], [ 153.048309047817696, -27.500717477535822 ], [ 153.048000297856873, -27.500670117504438 ], [ 153.046561978039279, -27.500449467358191 ], [ 153.046586068072571, -27.50016541735836 ], [ 153.046614018094374, -27.499969447359618 ], [ 153.046678958141058, -27.499544407362787 ] ] ] ] } },
{ "type": "Feature", "properties": { "sa1_2021": "30302105523", "sa2_2021": "303021055", "sa2_2021_name": "Greenslopes", "sa1_2021_short": 3105523 }, "geometry": { "type": "MultiPolygon", "coordinates": [ [ [ [ 153.054918976159598, -27.508217448259305 ], [ 153.054738996210034, -27.507971478239273 ], [ 153.055710986176251, -27.507412498332538 ], [ 153.057199936053905, -27.507114408479829 ], [ 153.05790587599563, -27.506975448549689 ], [ 153.058369975858625, -27.507664488601787 ], [ 153.058742165758474, -27.508140418642952 ], [ 153.059331135605561, -27.508849428707755 ], [ 153.059524105550537, -27.509120418729292 ], [ 153.058350855582063, -27.509868408617276 ], [ 153.058044145592646, -27.510045438587841 ], [ 153.056371935638623, -27.511103488428134 ], [ 153.055588935845265, -27.510134458341781 ], [ 153.055128125972431, -27.509520458290623 ], [ 153.054627015984806, -27.509848428242851 ], [ 153.053855186188343, -27.508894418157745 ], [ 153.054918976159598, -27.508217448259305 ] ] ] ] } },
{ "type": "Feature", "properties": { "sa1_2021": "30302105524", "sa2_2021": "303021055", "sa2_2021_name": "Greenslopes", "sa1_2021_short": 3105524 }, "geometry": { "type": "MultiPolygon", "coordinates": [ [ [ [ 153.044887538143371, -27.501049627194714 ], [ 153.044463878273518, -27.500379447146852 ], [ 153.043962048427403, -27.499588417090184 ], [ 153.043243098649924, -27.498438407008884 ], [ 153.043225108673454, -27.49826740700572 ], [ 153.044432198501426, -27.49860247712963 ], [ 153.044623018474027, -27.498657447149224 ], [ 153.045326008393687, -27.49869544722015 ], [ 153.045526028370432, -27.498709447240351 ], [ 153.046690018241435, -27.498740457357542 ], [ 153.046678958141058, -27.499544407362787 ], [ 153.046614018094374, -27.499969447359618 ], [ 153.046586068072571, -27.50016541735836 ], [ 153.046561978039279, -27.500449467358191 ], [ 153.046516938000394, -27.500795417356386 ], [ 153.046501087970313, -27.501047427356792 ], [ 153.046502917954143, -27.501173427357976 ], [ 153.046511937939925, -27.501278447359702 ], [ 153.046528097926455, -27.501371417362066 ], [ 153.046557047905651, -27.50151143736608 ], [ 153.046616027873654, -27.501714437373618 ], [ 153.046897047764986, -27.502335447406747 ], [ 153.047036037684194, -27.502856447424826 ], [ 153.047046037678825, -27.5028904474261 ], [ 153.04687116770117, -27.502862437408314 ], [ 153.046469077751567, -27.50280547736747 ], [ 153.045939137819005, -27.502722417313567 ], [ 153.045215238042573, -27.501568607231732 ], [ 153.044925798131572, -27.501110217199031 ], [ 153.044918608133798, -27.501098837198214 ], [ 153.044887538143371, -27.501049627194714 ] ] ] ] } },
{ "type": "Feature", "properties": { "sa1_2021": "30302105525", "sa2_2021": "303021055", "sa2_2021_name": "Greenslopes", "sa1_2021_short": 3105525 }, "geometry": { "type": "MultiPolygon", "coordinates": [ [ [ [ 153.045062366503771, -27.513876577313631 ], [ 153.045303016472474, -27.513919487338146 ], [ 153.045493106427898, -27.514110477358752 ], [ 153.047691976146524, -27.514466417582479 ], [ 153.049265305944232, -27.514728707742634 ], [ 153.050233945820935, -27.514880407841158 ], [ 153.050895985765322, -27.514757477906706 ], [ 153.050981425766508, -27.514675227914637 ], [ 153.051515165774106, -27.514161407964217 ], [ 153.052131145651003, -27.514611398029665 ], [ 153.05226903562388, -27.51470842804429 ], [ 153.053184135439068, -27.515392438141653 ], [ 153.053262425422901, -27.515453728150003 ], [ 153.053295745424037, -27.515416538153069 ], [ 153.053456235428513, -27.515244228167823 ], [ 153.05369257537896, -27.515435338193083 ], [ 153.053677135378507, -27.51545218819167 ], [ 153.053264135365993, -27.515902348153716 ], [ 153.053099705360324, -27.516086908138664 ], [ 153.052987065357598, -27.516204378128258 ], [ 153.052826395351076, -27.516392818113612 ], [ 153.052776425364016, -27.516332918108123 ], [ 153.052452265386449, -27.516430968076314 ], [ 153.05220936540951, -27.516455218052094 ], [ 153.051860235447606, -27.516450728016967 ], [ 153.051252115519759, -27.516397097955444 ], [ 153.050673985588361, -27.516346087896956 ], [ 153.050689395550449, -27.51663315790076 ], [ 153.050436705584701, -27.516577007874929 ], [ 153.050270515607338, -27.516539067857931 ], [ 153.049843175662602, -27.51646546781441 ], [ 153.048811065794979, -27.516295937709373 ], [ 153.048094025888702, -27.516164437636288 ], [ 153.048049235866188, -27.516380627633495 ], [ 153.046941796054313, -27.515834437517917 ], [ 153.046655526028587, -27.516281307492683 ], [ 153.044440336403511, -27.515199427261589 ], [ 153.043658356535786, -27.514817547180016 ], [ 153.042916936661271, -27.514455447102684 ], [ 153.042435976743576, -27.51421342705245 ], [ 153.042767026747526, -27.513900447083238 ], [ 153.043159256754507, -27.513511517119568 ], [ 153.043684856689083, -27.513581987172923 ], [ 153.043688076682486, -27.513631497173634 ], [ 153.045062366503771, -27.513876577313631 ] ] ] ] } },
{ "type": "Feature", "properties": { "sa1_2021": "30302105526", "sa2_2021": "303021055", "sa2_2021_name": "Greenslopes", "sa1_2021_short": 3105526 }, "geometry": { "type": "MultiPolygon", "coordinates": [ [ [ [ 153.046528097926455, -27.501371417362066 ], [ 153.046511937939925, -27.501278447359702 ], [ 153.046502917954143, -27.501173427357976 ], [ 153.046501087970313, -27.501047427356792 ], [ 153.046516938000394, -27.500795417356386 ], [ 153.046561978039279, -27.500449467358191 ], [ 153.048000297856873, -27.500670117504438 ], [ 153.048309047817696, -27.500717477535822 ], [ 153.049716997634874, -27.500967407679276 ], [ 153.049529057546636, -27.501825457667174 ], [ 153.049472227553821, -27.501816927661395 ], [ 153.049450037543011, -27.501921457659986 ], [ 153.049372037506515, -27.502276447654957 ], [ 153.049274037461174, -27.502718457648598 ], [ 153.047931017633061, -27.502500447511945 ], [ 153.047919047622685, -27.502592447511461 ], [ 153.047846557585501, -27.50294846750699 ], [ 153.047825787577324, -27.503030897505557 ], [ 153.047046037678825, -27.5028904474261 ], [ 153.047036037684194, -27.502856447424826 ], [ 153.046897047764986, -27.502335447406747 ], [ 153.046616027873654, -27.501714437373618 ], [ 153.046557047905651, -27.50151143736608 ], [ 153.046528097926455, -27.501371417362066 ] ] ] ] } },
{ "type": "Feature", "properties": { "sa1_2021": "30302105527", "sa2_2021": "303021055", "sa2_2021_name": "Greenslopes", "sa1_2021_short": 3105527 }, "geometry": { "type": "MultiPolygon", "coordinates": [ [ [ [ 153.043510758449344, -27.499798327046509 ], [ 153.043540548447908, -27.499784467049395 ], [ 153.043962048427403, -27.499588417090184 ], [ 153.044463878273518, -27.500379447146852 ], [ 153.043757918304465, -27.500734867078741 ], [ 153.043293878324846, -27.500968487033965 ], [ 153.043031728401587, -27.500583517004596 ], [ 153.042740898486841, -27.500156426972012 ], [ 153.043510758449344, -27.499798327046509 ] ] ] ] } },
{ "type": "Feature", "properties": { "sa1_2021": "30302105528", "sa2_2021": "303021055", "sa2_2021_name": "Greenslopes", "sa1_2021_short": 3105528 }, "geometry": { "type": "MultiPolygon", "coordinates": [ [ [ [ 153.049450037543011, -27.501921457659986 ], [ 153.049472227553821, -27.501816927661395 ], [ 153.049529057546636, -27.501825457667174 ], [ 153.049716997634874, -27.500967407679276 ], [ 153.050212227572644, -27.501038637729597 ], [ 153.050707647510194, -27.501111937779953 ], [ 153.050463497390268, -27.502268277764564 ], [ 153.050312567316183, -27.502982837755042 ], [ 153.050218107269785, -27.503430447749086 ], [ 153.049159567405525, -27.503256287641349 ], [ 153.048917067436633, -27.503216397616669 ], [ 153.048206047527799, -27.503099427544299 ], [ 153.047825787577324, -27.503030897505557 ], [ 153.047846557585501, -27.50294846750699 ], [ 153.047919047622685, -27.502592447511461 ], [ 153.047931017633061, -27.502500447511945 ], [ 153.049274037461174, -27.502718457648598 ], [ 153.049372037506515, -27.502276447654957 ], [ 153.049450037543011, -27.501921457659986 ] ] ] ] } },
{ "type": "Feature", "properties": { "sa1_2021": "30302105529", "sa2_2021": "303021055", "sa2_2021_name": "Greenslopes", "sa1_2021_short": 3105529 }, "geometry": { "type": "MultiPolygon", "coordinates": [ [ [ [ 153.044600028662529, -27.49718445713528 ], [ 153.045385028602084, -27.496995437212647 ], [ 153.045859018565324, -27.496883447259382 ], [ 153.046788018476548, -27.496796457352019 ], [ 153.046794148453841, -27.496970877354023 ], [ 153.046828898441646, -27.497037917358043 ], [ 153.046793058365267, -27.497672777359458 ], [ 153.046724038366307, -27.497723457352915 ], [ 153.046709438304759, -27.49822300735541 ], [ 153.046690018241435, -27.498740457357542 ], [ 153.045526028370432, -27.498709447240351 ], [ 153.045326008393687, -27.49869544722015 ], [ 153.044623018474027, -27.498657447149224 ], [ 153.044432198501426, -27.49860247712963 ], [ 153.043225108673454, -27.49826740700572 ], [ 153.043010268704279, -27.498205896983656 ], [ 153.0427180087556, -27.498048446953053 ], [ 153.042741048763475, -27.497966446954724 ], [ 153.042834008776339, -27.497785446962617 ], [ 153.042971028778652, -27.497650456975318 ], [ 153.043079038781741, -27.497534436985251 ], [ 153.043204008772989, -27.497497436997516 ], [ 153.043397018759066, -27.497443457016473 ], [ 153.043500028751168, -27.497418447026632 ], [ 153.044600028662529, -27.49718445713528 ] ] ] ] } },
{ "type": "Feature", "properties": { "sa1_2021": "30302105530", "sa2_2021": "303021055", "sa2_2021_name": "Greenslopes", "sa1_2021_short": 3105530 }, "geometry": { "type": "MultiPolygon", "coordinates": [ [ [ [ 153.044029498096478, -27.502150137117216 ], [ 153.043791008171496, -27.50175941709016 ], [ 153.044242228155611, -27.501501287133454 ], [ 153.044840868134571, -27.50115880719088 ], [ 153.044925798131572, -27.501110217199031 ], [ 153.045215238042573, -27.501568607231732 ], [ 153.045939137819005, -27.502722417313567 ], [ 153.045449887881944, -27.50264041726377 ], [ 153.04446891801021, -27.50245943716379 ], [ 153.044199988045051, -27.502412447136404 ], [ 153.044029498096478, -27.502150137117216 ] ] ] ] } },
{ "type": "Feature", "properties": { "sa1_2021": "30302105531", "sa2_2021": "303021055", "sa2_2021_name": "Greenslopes", "sa1_2021_short": 3105531 }, "geometry": { "type": "MultiPolygon", "coordinates": [ [ [ [ 153.047610988139382, -27.498765467450273 ], [ 153.046690018241435, -27.498740457357542 ], [ 153.046709438304759, -27.49822300735541 ], [ 153.046724038366307, -27.497723457352915 ], [ 153.046793058365267, -27.497672777359458 ], [ 153.046828898441646, -27.497037917358043 ], [ 153.046794148453841, -27.496970877354023 ], [ 153.046788018476548, -27.496796457352019 ], [ 153.047255038453159, -27.496584447397272 ], [ 153.047621788449646, -27.496300527431877 ], [ 153.047803228469832, -27.49598630744762 ], [ 153.047928718503982, -27.495609457457249 ], [ 153.047958028549857, -27.495221437457126 ], [ 153.04798704857177, -27.49502345745848 ], [ 153.048123048595073, -27.494723457469775 ], [ 153.048369018560919, -27.494784447494965 ], [ 153.048430048548937, -27.494827447501443 ], [ 153.048482018524908, -27.49497344750781 ], [ 153.04851603851543, -27.495019457511596 ], [ 153.048579038502368, -27.495069447518318 ], [ 153.048626008489123, -27.495134457523555 ], [ 153.048836038444165, -27.495311437546054 ], [ 153.048859028436539, -27.495352457548695 ], [ 153.048873048423388, -27.495444437550823 ], [ 153.049194028410795, -27.495271447581704 ], [ 153.049404008348688, -27.495584447605285 ], [ 153.049666048338224, -27.495444437630507 ], [ 153.049754048334563, -27.49539844763898 ], [ 153.049908878288477, -27.49563149765638 ], [ 153.050171168211705, -27.496016107685783 ], [ 153.050381038149112, -27.496333457709376 ], [ 153.050486018118136, -27.496489447721157 ], [ 153.050640008072122, -27.496722457738464 ], [ 153.050773018013871, -27.497070437754587 ], [ 153.050687167990844, -27.497325467747981 ], [ 153.050665017983874, -27.497399447746329 ], [ 153.050685017890629, -27.49812044775404 ], [ 153.050693047881168, -27.498188447755382 ], [ 153.050698047830736, -27.498583447759003 ], [ 153.050734037791869, -27.498860447764802 ], [ 153.05014904785105, -27.498889457706262 ], [ 153.049695027897172, -27.498910447660794 ], [ 153.049347327938335, -27.498880207625636 ], [ 153.048671928018337, -27.498821447557305 ], [ 153.047610988139382, -27.498765467450273 ] ] ] ] } },
{ "type": "Feature", "properties": { "sa1_2021": "30302105532", "sa2_2021": "303021055", "sa2_2021_name": "Greenslopes", "sa1_2021_short": 3105532 }, "geometry": { "type": "MultiPolygon", "coordinates": [ [ [ [ 153.05226903562388, -27.51470842804429 ], [ 153.052131145651003, -27.514611398029665 ], [ 153.051515165774106, -27.514161407964217 ], [ 153.052198115799399, -27.513380488026673 ], [ 153.052469895805075, -27.513104448051795 ], [ 153.052955895820077, -27.512572458096436 ], [ 153.053142005826373, -27.512364468113489 ], [ 153.053279175820961, -27.512290488126695 ], [ 153.053628045713708, -27.512842448166115 ], [ 153.053508875715664, -27.51292839815482 ], [ 153.053724875658048, -27.513200478178675 ], [ 153.054119775574208, -27.513527798220952 ], [ 153.054472945499242, -27.513820488258752 ], [ 153.05459335547431, -27.513915268271603 ], [ 153.054550105473055, -27.513961788267629 ], [ 153.054626025405781, -27.514429568278945 ], [ 153.054084225389346, -27.515020118229167 ], [ 153.05369257537896, -27.515435338193083 ], [ 153.053456235428513, -27.515244228167823 ], [ 153.053295745424037, -27.515416538153069 ], [ 153.053262425422901, -27.515453728150003 ], [ 153.053184135439068, -27.515392438141653 ], [ 153.05226903562388, -27.51470842804429 ] ] ] ] } },
{ "type": "Feature", "properties": { "sa1_2021": "30302105533", "sa2_2021": "303021055", "sa2_2021_name": "Greenslopes", "sa1_2021_short": 3105533 }, "geometry": { "type": "MultiPolygon", "coordinates": [ [ [ [ 153.043516878256042, -27.501323277059182 ], [ 153.043293878324846, -27.500968487033965 ], [ 153.043757918304465, -27.500734867078741 ], [ 153.044463878273518, -27.500379447146852 ], [ 153.044887538143371, -27.501049627194714 ], [ 153.044918608133798, -27.501098837198214 ], [ 153.044925798131572, -27.501110217199031 ], [ 153.044840868134571, -27.50115880719088 ], [ 153.044242228155611, -27.501501287133454 ], [ 153.043791008171496, -27.50175941709016 ], [ 153.043516878256042, -27.501323277059182 ] ] ] ] } },
{ "type": "Feature", "properties": { "sa1_2021": "30302105534", "sa2_2021": "303021055", "sa2_2021_name": "Greenslopes", "sa1_2021_short": 3105534 }, "geometry": { "type": "MultiPolygon", "coordinates": [ [ [ [ 153.042740898486841, -27.500156426972012 ], [ 153.043031728401587, -27.500583517004596 ], [ 153.043293878324846, -27.500968487033965 ], [ 153.043516878256042, -27.501323277059182 ], [ 153.043791008171496, -27.50175941709016 ], [ 153.044029498096478, -27.502150137117216 ], [ 153.044199988045051, -27.502412447136404 ], [ 153.04316714817611, -27.502253417031397 ], [ 153.042159888303161, -27.502104476929045 ], [ 153.04211003830946, -27.502097056923976 ], [ 153.042130548318568, -27.502007426925321 ], [ 153.042204128362357, -27.501598226929481 ], [ 153.041905048400139, -27.501553456899092 ], [ 153.041980018443752, -27.501144456903393 ], [ 153.042012028462949, -27.50096544690518 ], [ 153.041407008539551, -27.500873446843688 ], [ 153.041305138551877, -27.500862696833366 ], [ 153.041654078755158, -27.498956436853359 ], [ 153.041841028864326, -27.497933466864044 ], [ 153.042129998830518, -27.497955456893251 ], [ 153.042273038815608, -27.497951446907585 ], [ 153.0427180087556, -27.498048446953053 ], [ 153.043010268704279, -27.498205896983656 ], [ 153.043225108673454, -27.49826740700572 ], [ 153.043243098649924, -27.498438407008884 ], [ 153.043962048427403, -27.499588417090184 ], [ 153.043540548447908, -27.499784467049395 ], [ 153.043510758449344, -27.499798327046509 ], [ 153.042740898486841, -27.500156426972012 ] ] ] ] } },
{ "type": "Feature", "properties": { "sa1_2021": "30302105601", "sa2_2021": "303021056", "sa2_2021_name": "Holland Park", "sa1_2021_short": 3105601 }, "geometry": { "type": "MultiPolygon", "coordinates": [ [ [ [ 153.073880212760912, -27.518976400250615 ], [ 153.074670032739363, -27.518475460326101 ], [ 153.075150992736155, -27.518092440371444 ], [ 153.076130912605237, -27.518294480471603 ], [ 153.076382172573176, -27.518334440497188 ], [ 153.07814907232958, -27.518758440678265 ], [ 153.078811102235534, -27.518939420746293 ], [ 153.07882804214114, -27.519670490753771 ], [ 153.076702022197367, -27.521032460550675 ], [ 153.075121032241043, -27.522030460399545 ], [ 153.074438182422767, -27.521174480324095 ], [ 153.073644052444934, -27.521674430248183 ], [ 153.072314182801449, -27.5199864901011 ], [ 153.072531972800476, -27.519809460121607 ], [ 153.072914642787993, -27.519582720158297 ], [ 153.073093962782167, -27.5194764601755 ], [ 153.073880212760912, -27.518976400250615 ] ] ] ] } },
{ "type": "Feature", "properties": { "sa1_2021": "30302105602", "sa2_2021": "303021056", "sa2_2021_name": "Holland Park", "sa1_2021_short": 3105602 }, "geometry": { "type": "MultiPolygon", "coordinates": [ [ [ [ 153.081885021980526, -27.518343451050807 ], [ 153.082351021958402, -27.518122441095947 ], [ 153.082553011959078, -27.517945451114876 ], [ 153.082934761975451, -27.5174920211497 ], [ 153.08300003197823, -27.517414451155648 ], [ 153.083194021983218, -27.517210451173558 ], [ 153.08334502198116, -27.517098451187859 ], [ 153.083480401994478, -27.516878541199748 ], [ 153.084707611861148, -27.516889531323308 ], [ 153.08457398179462, -27.517528481314908 ], [ 153.084220111606584, -27.519314451293418 ], [ 153.084180871578695, -27.519568421291478 ], [ 153.084115761550038, -27.519849901287159 ], [ 153.083896061452407, -27.52080796127262 ], [ 153.083784121402971, -27.521293461265195 ], [ 153.082235061766539, -27.519736461097033 ], [ 153.081754101873997, -27.519296451045172 ], [ 153.081489151919556, -27.519161441017456 ], [ 153.081146991970144, -27.519052460982174 ], [ 153.081224051991597, -27.518817450988067 ], [ 153.081328032004336, -27.518628460997029 ], [ 153.081437022003996, -27.518538451007281 ], [ 153.081885021980526, -27.518343451050807 ] ] ] ] } },
{ "type": "Feature", "properties": { "sa1_2021": "30302105603", "sa2_2021": "303021056", "sa2_2021_name": "Holland Park", "sa1_2021_short": 3105603 }, "geometry": { "type": "MultiPolygon", "coordinates": [ [ [ [ 153.081178022352617, -27.516003450961197 ], [ 153.081943422224299, -27.516367651041083 ], [ 153.08300185204692, -27.516870401151543 ], [ 153.083480401994478, -27.516878541199748 ], [ 153.08334502198116, -27.517098451187859 ], [ 153.083194021983218, -27.517210451173558 ], [ 153.08300003197823, -27.517414451155648 ], [ 153.082934761975451, -27.5174920211497 ], [ 153.082553011959078, -27.517945451114876 ], [ 153.082351021958402, -27.518122441095947 ], [ 153.081885021980526, -27.518343451050807 ], [ 153.081437022003996, -27.518538451007281 ], [ 153.081328032004336, -27.518628460997029 ], [ 153.081224051991597, -27.518817450988067 ], [ 153.081146991970144, -27.519052460982174 ], [ 153.080817032014949, -27.518978480948391 ], [ 153.080590952042144, -27.51895544092546 ], [ 153.078811102235534, -27.518939420746293 ], [ 153.07814907232958, -27.518758440678265 ], [ 153.076382172573176, -27.518334440497188 ], [ 153.076556062668885, -27.51743049050754 ], [ 153.076639942714422, -27.516999480512567 ], [ 153.076724912762444, -27.516547480517538 ], [ 153.076877882859407, -27.515651460525845 ], [ 153.079092992557918, -27.51615247075263 ], [ 153.079315282676106, -27.515029740766114 ], [ 153.08006327258002, -27.515153730842343 ], [ 153.080773272424238, -27.515781710918727 ], [ 153.081178022352617, -27.516003450961197 ] ] ] ] } },
{ "type": "Feature", "properties": { "sa1_2021": "30302105604", "sa2_2021": "303021056", "sa2_2021_name": "Holland Park", "sa1_2021_short": 3105604 }, "geometry": { "type": "MultiPolygon", "coordinates": [ [ [ [ 153.072767073380675, -27.515023440107434 ], [ 153.074409023342128, -27.513933430263961 ], [ 153.074625033346564, -27.513714450283953 ], [ 153.075099893287842, -27.513775500332187 ], [ 153.075693023236369, -27.513678450391083 ], [ 153.075813033228656, -27.513637450402829 ], [ 153.075845003214226, -27.513724460406735 ], [ 153.07686149304044, -27.514234610513007 ], [ 153.078037092839338, -27.514825430635927 ], [ 153.079315282676106, -27.515029740766114 ], [ 153.079092992557918, -27.51615247075263 ], [ 153.076877882859407, -27.515651460525845 ], [ 153.076724912762444, -27.516547480517538 ], [ 153.076639942714422, -27.516999480512567 ], [ 153.076556062668885, -27.51743049050754 ], [ 153.076382172573176, -27.518334440497188 ], [ 153.076130912605237, -27.518294480471603 ], [ 153.075150992736155, -27.518092440371444 ], [ 153.074670032739363, -27.518475460326101 ], [ 153.073880212760912, -27.518976400250615 ], [ 153.073093962782167, -27.5194764601755 ], [ 153.072914642787993, -27.519582720158297 ], [ 153.072862262802431, -27.519512980152484 ], [ 153.071345503204185, -27.51762639998503 ], [ 153.070486113431798, -27.516557379890166 ], [ 153.070433923446984, -27.516481829884317 ], [ 153.071837893408713, -27.51559142001847 ], [ 153.072767073380675, -27.515023440107434 ] ] ] ] } },
{ "type": "Feature", "properties": { "sa1_2021": "30302105605", "sa2_2021": "303021056", "sa2_2021_name": "Holland Park", "sa1_2021_short": 3105605 }, "geometry": { "type": "MultiPolygon", "coordinates": [ [ [ [ 153.069051153487408, -27.517337419752035 ], [ 153.068218043510541, -27.517862449672414 ], [ 153.06794600351472, -27.518060449646615 ], [ 153.067387953531835, -27.518399429593188 ], [ 153.06585401394338, -27.516449489423554 ], [ 153.066689203920021, -27.515924419503385 ], [ 153.06752187389651, -27.515402429582974 ], [ 153.068267093877125, -27.514922439654118 ], [ 153.068375063871088, -27.514878429664623 ], [ 153.06888986373508, -27.515516439721438 ], [ 153.069344213615523, -27.516075439771534 ], [ 153.069966973456985, -27.516799489839876 ], [ 153.06935895347695, -27.517158409781576 ], [ 153.069051153487408, -27.517337419752035 ] ] ] ] } },
{ "type": "Feature", "properties": { "sa1_2021": "30302105606", "sa2_2021": "303021056", "sa2_2021_name": "Holland Park", "sa1_2021_short": 3105606 }, "geometry": { "type": "MultiPolygon", "coordinates": [ [ [ [ 153.065506014237059, -27.514423439372553 ], [ 153.066336024214593, -27.513895449451827 ], [ 153.067240204190313, -27.513319219538193 ], [ 153.067446974184776, -27.513187419557937 ], [ 153.068600083999229, -27.513674419677731 ], [ 153.067900964020424, -27.514100619610801 ], [ 153.067697884026614, -27.51422439959136 ], [ 153.068267093877125, -27.514922439654118 ], [ 153.06752187389651, -27.515402429582974 ], [ 153.066689203920021, -27.515924419503385 ], [ 153.06585401394338, -27.516449489423554 ], [ 153.063917903997719, -27.517665479238502 ], [ 153.063621484079761, -27.517268689205565 ], [ 153.063354854153488, -27.516912429175949 ], [ 153.062750054314108, -27.516156449109172 ], [ 153.064674984260222, -27.51494647929314 ], [ 153.065506014237059, -27.514423439372553 ] ] ] ] } },
{ "type": "Feature", "properties": { "sa1_2021": "30302105607", "sa2_2021": "303021056", "sa2_2021_name": "Holland Park", "sa1_2021_short": 3105607 }, "geometry": { "type": "MultiPolygon", "coordinates": [ [ [ [ 153.068574863271039, -27.51945242972085 ], [ 153.068477043289249, -27.519391449710536 ], [ 153.068306003335351, -27.519172449691609 ], [ 153.06827100335164, -27.519073459687309 ], [ 153.068300053355358, -27.519019449689797 ], [ 153.068394003357525, -27.51892245969848 ], [ 153.068503033362617, -27.518789439708396 ], [ 153.06794600351472, -27.518060449646615 ], [ 153.068218043510541, -27.517862449672414 ], [ 153.069051153487408, -27.517337419752035 ], [ 153.06935895347695, -27.517158409781576 ], [ 153.069966973456985, -27.516799489839876 ], [ 153.070037203457787, -27.516733429846418 ], [ 153.070433923446984, -27.516481829884317 ], [ 153.070486113431798, -27.516557379890166 ], [ 153.071345503204185, -27.51762639998503 ], [ 153.072862262802431, -27.519512980152484 ], [ 153.072914642787993, -27.519582720158297 ], [ 153.072531972800476, -27.519809460121607 ], [ 153.072314182801449, -27.5199864901011 ], [ 153.071516072825034, -27.520478420024723 ], [ 153.071124422835709, -27.520726779987299 ], [ 153.070403952855401, -27.521183749918457 ], [ 153.069830902870962, -27.52154743986371 ], [ 153.069284062959866, -27.521309479806838 ], [ 153.068757033048541, -27.521056489751846 ], [ 153.068749043064429, -27.520937439750096 ], [ 153.069008043084409, -27.520559449773152 ], [ 153.069119193096896, -27.520366459782799 ], [ 153.069036913118282, -27.520267079773756 ], [ 153.068744043193902, -27.519918439741538 ], [ 153.068635013215101, -27.519843439729993 ], [ 153.068574863271039, -27.51945242972085 ] ] ] ] } },
{ "type": "Feature", "properties": { "sa1_2021": "30302105608", "sa2_2021": "303021056", "sa2_2021_name": "Holland Park", "sa1_2021_short": 3105608 }, "geometry": { "type": "MultiPolygon", "coordinates": [ [ [ [ 153.072456532477673, -27.522424860134681 ], [ 153.071744632497399, -27.522873780066632 ], [ 153.070487172532296, -27.523666489946443 ], [ 153.069851082549718, -27.524069419885674 ], [ 153.0691109025706, -27.5245334498149 ], [ 153.068526282601198, -27.524788509758125 ], [ 153.068120512606185, -27.525093969719737 ], [ 153.067923082616005, -27.525184409700604 ], [ 153.067419962738029, -27.524647489645773 ], [ 153.066761912898585, -27.523937479574002 ], [ 153.066158453046313, -27.523282649508158 ], [ 153.065973143091696, -27.523081499487937 ], [ 153.065414843222612, -27.522521059427365 ], [ 153.065056923305946, -27.522166449388578 ], [ 153.065889993287726, -27.521602419467889 ], [ 153.067122963251904, -27.520837429585807 ], [ 153.068058973113096, -27.521139459682303 ], [ 153.068757033048541, -27.521056489751846 ], [ 153.069284062959866, -27.521309479806838 ], [ 153.069830902870962, -27.52154743986371 ], [ 153.070403952855401, -27.521183749918457 ], [ 153.071124422835709, -27.520726779987299 ], [ 153.071516072825034, -27.520478420024723 ], [ 153.072314182801449, -27.5199864901011 ], [ 153.073644052444934, -27.521674430248183 ], [ 153.073327892453591, -27.521874430217967 ], [ 153.072456532477673, -27.522424860134681 ] ] ] ] } },
{ "type": "Feature", "properties": { "sa1_2021": "30302105609", "sa2_2021": "303021056", "sa2_2021_name": "Holland Park", "sa1_2021_short": 3105609 }, "geometry": { "type": "MultiPolygon", "coordinates": [ [ [ [ 153.067122963251904, -27.520837429585807 ], [ 153.065889993287726, -27.521602419467889 ], [ 153.065056923305946, -27.522166449388578 ], [ 153.06423111347911, -27.521499469300288 ], [ 153.063435883637368, -27.520924449215798 ], [ 153.064313893617197, -27.520337489299429 ], [ 153.064929863600184, -27.519948409358278 ], [ 153.065541863581444, -27.519576429416869 ], [ 153.065617083579298, -27.519529459424067 ], [ 153.065982163570652, -27.519287449458854 ], [ 153.066540133555321, -27.518934459512174 ], [ 153.067387953531835, -27.518399429593188 ], [ 153.06794600351472, -27.518060449646615 ], [ 153.068503033362617, -27.518789439708396 ], [ 153.068394003357525, -27.51892245969848 ], [ 153.068300053355358, -27.519019449689797 ], [ 153.06827100335164, -27.519073459687309 ], [ 153.068306003335351, -27.519172449691609 ], [ 153.068477043289249, -27.519391449710536 ], [ 153.068574863271039, -27.51945242972085 ], [ 153.068635013215101, -27.519843439729993 ], [ 153.068744043193902, -27.519918439741538 ], [ 153.069036913118282, -27.520267079773756 ], [ 153.069119193096896, -27.520366459782799 ], [ 153.069008043084409, -27.520559449773152 ], [ 153.068749043064429, -27.520937439750096 ], [ 153.068757033048541, -27.521056489751846 ], [ 153.068058973113096, -27.521139459682303 ], [ 153.067122963251904, -27.520837429585807 ] ] ] ] } },
{ "type": "Feature", "properties": { "sa1_2021": "30302105610", "sa2_2021": "303021056", "sa2_2021_name": "Holland Park", "sa1_2021_short": 3105610 }, "geometry": { "type": "MultiPolygon", "coordinates": [ [ [ [ 153.062196053903449, -27.519874429082854 ], [ 153.061379184071313, -27.519241448995736 ], [ 153.062713114032675, -27.518413379123292 ], [ 153.063917903997719, -27.517665479238502 ], [ 153.06585401394338, -27.516449489423554 ], [ 153.067387953531835, -27.518399429593188 ], [ 153.066540133555321, -27.518934459512174 ], [ 153.065982163570652, -27.519287449458854 ], [ 153.065617083579298, -27.519529459424067 ], [ 153.065541863581444, -27.519576429416869 ], [ 153.064929863600184, -27.519948409358278 ], [ 153.064313893617197, -27.520337489299429 ], [ 153.063435883637368, -27.520924449215798 ], [ 153.062196053903449, -27.519874429082854 ] ] ] ] } },
{ "type": "Feature", "properties": { "sa1_2021": "30302105611", "sa2_2021": "303021056", "sa2_2021_name": "Holland Park", "sa1_2021_short": 3105611 }, "geometry": { "type": "MultiPolygon", "coordinates": [ [ [ [ 153.060628924231025, -27.518616408915385 ], [ 153.060547934247722, -27.51855339890675 ], [ 153.05980888439683, -27.518002428828108 ], [ 153.061011994362957, -27.51724742894308 ], [ 153.062750054314108, -27.516156449109172 ], [ 153.063354854153488, -27.516912429175949 ], [ 153.063621484079761, -27.517268689205565 ], [ 153.063917903997719, -27.517665479238502 ], [ 153.062713114032675, -27.518413379123292 ], [ 153.061379184071313, -27.519241448995736 ], [ 153.060628924231025, -27.518616408915385 ] ] ] ] } },
{ "type": "Feature", "properties": { "sa1_2021": "30302105612", "sa2_2021": "303021056", "sa2_2021_name": "Holland Park", "sa1_2021_short": 3105612 }, "geometry": { "type": "MultiPolygon", "coordinates": [ [ [ [ 153.068600083999229, -27.513674419677731 ], [ 153.067446974184776, -27.513187419557937 ], [ 153.066766944294159, -27.512900409487298 ], [ 153.066186994448799, -27.512170439423219 ], [ 153.066679124422478, -27.511960459471041 ], [ 153.067571914288067, -27.512264479563211 ], [ 153.068778974096716, -27.512751469688425 ], [ 153.069254164034305, -27.512841469736919 ], [ 153.070237003932192, -27.512813479835533 ], [ 153.070999123848509, -27.512827429912278 ], [ 153.072537043600022, -27.513485420072147 ], [ 153.072587093582342, -27.513582430077943 ], [ 153.072594463574063, -27.513641540079153 ], [ 153.072767073380675, -27.515023440107434 ], [ 153.071837893408713, -27.51559142001847 ], [ 153.070433923446984, -27.516481829884317 ], [ 153.070037203457787, -27.516733429846418 ], [ 153.069966973456985, -27.516799489839876 ], [ 153.069344213615523, -27.516075439771534 ], [ 153.06888986373508, -27.515516439721438 ], [ 153.068375063871088, -27.514878429664623 ], [ 153.068267093877125, -27.514922439654118 ], [ 153.067697884026614, -27.51422439959136 ], [ 153.067900964020424, -27.514100619610801 ], [ 153.068600083999229, -27.513674419677731 ] ] ] ] } },
{ "type": "Feature", "properties": { "sa1_2021": "30302105613", "sa2_2021": "303021056", "sa2_2021_name": "Holland Park", "sa1_2021_short": 3105613 }, "geometry": { "type": "MultiPolygon", "coordinates": [ [ [ [ 153.061590844961131, -27.512025438959999 ], [ 153.06162701496774, -27.511942448962973 ], [ 153.061090105113294, -27.511247678903519 ], [ 153.061590085065944, -27.511196908953377 ], [ 153.061833175029307, -27.511280238978468 ], [ 153.062219124992879, -27.511240189016952 ], [ 153.062274164996779, -27.511162429021873 ], [ 153.062625874947997, -27.511249449057914 ], [ 153.063327884958653, -27.510568429123119 ], [ 153.063999994862542, -27.510757429192182 ], [ 153.064160194836688, -27.510825469208822 ], [ 153.066679124422478, -27.511960459471041 ], [ 153.066186994448799, -27.512170439423219 ], [ 153.066766944294159, -27.512900409487298 ], [ 153.067446974184776, -27.513187419557937 ], [ 153.067240204190313, -27.513319219538193 ], [ 153.066336024214593, -27.513895449451827 ], [ 153.065506014237059, -27.514423439372553 ], [ 153.064674984260222, -27.51494647929314 ], [ 153.06408890441719, -27.514203439228343 ], [ 153.063579874431554, -27.514522489179683 ], [ 153.063281084510749, -27.51415021914671 ], [ 153.063054974570662, -27.513868459121749 ], [ 153.06216904479831, -27.512821489024422 ], [ 153.061590844961131, -27.512025438959999 ] ] ] ] } },
{ "type": "Feature", "properties": { "sa1_2021": "30302105614", "sa2_2021": "303021056", "sa2_2021_name": "Holland Park", "sa1_2021_short": 3105614 }, "geometry": { "type": "MultiPolygon", "coordinates": [ [ [ [ 153.056327585259851, -27.514136838447651 ], [ 153.058034065150224, -27.513553458614556 ], [ 153.05840487515664, -27.513187418648926 ], [ 153.059143955081083, -27.513156468722986 ], [ 153.059652985033097, -27.513103468773714 ], [ 153.060330135008883, -27.512719428838757 ], [ 153.06216904479831, -27.512821489024422 ], [ 153.063054974570662, -27.513868459121749 ], [ 153.063281084510749, -27.51415021914671 ], [ 153.063579874431554, -27.514522489179683 ], [ 153.06408890441719, -27.514203439228343 ], [ 153.064674984260222, -27.51494647929314 ], [ 153.062750054314108, -27.516156449109172 ], [ 153.061011994362957, -27.51724742894308 ], [ 153.05980888439683, -27.518002428828108 ], [ 153.059515124459296, -27.517758438796641 ], [ 153.059053954558408, -27.51736649874719 ], [ 153.058666684639206, -27.517056838705823 ], [ 153.058594964654191, -27.51699947869816 ], [ 153.057122914951009, -27.515903438541542 ], [ 153.056706015036553, -27.515581428497093 ], [ 153.056281045124081, -27.515250448451759 ], [ 153.055479575290406, -27.514616568366201 ], [ 153.055649925293807, -27.514444698381968 ], [ 153.05591192530099, -27.51416480840609 ], [ 153.056020215301885, -27.514066058416194 ], [ 153.05619413526847, -27.5141824584346 ], [ 153.056327585259851, -27.514136838447651 ] ] ] ] } },
{ "type": "Feature", "properties": { "sa1_2021": "30302105615", "sa2_2021": "303021056", "sa2_2021_name": "Holland Park", "sa1_2021_short": 3105615 }, "geometry": { "type": "MultiPolygon", "coordinates": [ [ [ [ 153.058854145373232, -27.511092408677531 ], [ 153.059091035375275, -27.510874418699633 ], [ 153.058773855469354, -27.510400488663997 ], [ 153.058350855582063, -27.509868408617276 ], [ 153.059524105550537, -27.509120418729292 ], [ 153.059889145452416, -27.509586428769662 ], [ 153.060496105432179, -27.509230488827868 ], [ 153.061262935226608, -27.51020445891265 ], [ 153.061692025158635, -27.510377458957151 ], [ 153.062013155055098, -27.51092347899375 ], [ 153.062274164996779, -27.511162429021873 ], [ 153.062219124992879, -27.511240189016952 ], [ 153.061833175029307, -27.511280238978468 ], [ 153.061590085065944, -27.511196908953377 ], [ 153.061090105113294, -27.511247678903519 ], [ 153.06162701496774, -27.511942448962973 ], [ 153.061590844961131, -27.512025438959999 ], [ 153.06216904479831, -27.512821489024422 ], [ 153.060330135008883, -27.512719428838757 ], [ 153.059652985033097, -27.513103468773714 ], [ 153.059143955081083, -27.513156468722986 ], [ 153.05840487515664, -27.513187418648926 ], [ 153.057477155344714, -27.512488488550169 ], [ 153.058854145373232, -27.511092408677531 ] ] ] ] } },
{ "type": "Feature", "properties": { "sa1_2021": "30302105616", "sa2_2021": "303021056", "sa2_2021_name": "Holland Park", "sa1_2021_short": 3105616 }, "geometry": { "type": "MultiPolygon", "coordinates": [ [ [ [ 153.055981015648769, -27.51135547839084 ], [ 153.056371935638623, -27.511103488428134 ], [ 153.058044145592646, -27.510045438587841 ], [ 153.058350855582063, -27.509868408617276 ], [ 153.058773855469354, -27.510400488663997 ], [ 153.059091035375275, -27.510874418699633 ], [ 153.058854145373232, -27.511092408677531 ], [ 153.057477155344714, -27.512488488550169 ], [ 153.05840487515664, -27.513187418648926 ], [ 153.058034065150224, -27.513553458614556 ], [ 153.056327585259851, -27.514136838447651 ], [ 153.05619413526847, -27.5141824584346 ], [ 153.056020215301885, -27.514066058416194 ], [ 153.05591192530099, -27.51416480840609 ], [ 153.055649925293807, -27.514444698381968 ], [ 153.055479575290406, -27.514616568366201 ], [ 153.05459335547431, -27.513915268271603 ], [ 153.054472945499242, -27.513820488258752 ], [ 153.054119775574208, -27.513527798220952 ], [ 153.053724875658048, -27.513200478178675 ], [ 153.053508875715664, -27.51292839815482 ], [ 153.053628045713708, -27.512842448166115 ], [ 153.054907115681118, -27.512012488288107 ], [ 153.05535602566701, -27.511742478331087 ], [ 153.055880205652272, -27.511413438381158 ], [ 153.055981015648769, -27.51135547839084 ] ] ] ] } },
{ "type": "Feature", "properties": { "sa1_2021": "30302105617", "sa2_2021": "303021056", "sa2_2021_name": "Holland Park", "sa1_2021_short": 3105617 }, "geometry": { "type": "MultiPolygon", "coordinates": [ [ [ [ 153.072382942033272, -27.525999470155515 ], [ 153.073190072010874, -27.525490440232673 ], [ 153.073923021990225, -27.525030440302753 ], [ 153.074712121968304, -27.524533450378193 ], [ 153.075225021954139, -27.524209440427224 ], [ 153.075775001807926, -27.524897460487974 ], [ 153.076764151544637, -27.526137440597264 ], [ 153.075508041580235, -27.526923450477121 ], [ 153.07526301158623, -27.527084450453753 ], [ 153.074700041601744, -27.527440450399943 ], [ 153.074095121618313, -27.527823420342131 ], [ 153.072937011650481, -27.528553480231416 ], [ 153.072520111662556, -27.52881243019154 ], [ 153.0724381716648, -27.528864060183707 ], [ 153.0716618516864, -27.529353410109508 ], [ 153.070436072005236, -27.527875419974556 ], [ 153.070067092098981, -27.527448479934083 ], [ 153.07098003207264, -27.526880470021389 ], [ 153.071692112052602, -27.526433460089478 ], [ 153.072382942033272, -27.525999470155515 ] ] ] ] } },
{ "type": "Feature", "properties": { "sa1_2021": "30302105618", "sa2_2021": "303021056", "sa2_2021_name": "Holland Park", "sa1_2021_short": 3105618 }, "geometry": { "type": "MultiPolygon", "coordinates": [ [ [ [ 153.071744632497399, -27.522873780066632 ], [ 153.072456532477673, -27.522424860134681 ], [ 153.073327892453591, -27.521874430217967 ], [ 153.073644052444934, -27.521674430248183 ], [ 153.074438182422767, -27.521174480324095 ], [ 153.075121032241043, -27.522030460399545 ], [ 153.075689042083724, -27.522791460462685 ], [ 153.074118852127356, -27.523780430312581 ], [ 153.074712121968304, -27.524533450378193 ], [ 153.073923021990225, -27.525030440302753 ], [ 153.073190072010874, -27.525490440232673 ], [ 153.072382942033272, -27.525999470155515 ], [ 153.071692112052602, -27.526433460089478 ], [ 153.07098003207264, -27.526880470021389 ], [ 153.070067092098981, -27.527448479934083 ], [ 153.069393852261697, -27.526734419860734 ], [ 153.068736122419494, -27.526046459789168 ], [ 153.068073022579568, -27.525344459716944 ], [ 153.067923082616005, -27.525184409700604 ], [ 153.068120512606185, -27.525093969719737 ], [ 153.068526282601198, -27.524788509758125 ], [ 153.0691109025706, -27.5245334498149 ], [ 153.069851082549718, -27.524069419885674 ], [ 153.070487172532296, -27.523666489946443 ], [ 153.071744632497399, -27.522873780066632 ] ] ] ] } },
{ "type": "Feature", "properties": { "sa1_2021": "30302105619", "sa2_2021": "303021056", "sa2_2021_name": "Holland Park", "sa1_2021_short": 3105619 }, "geometry": { "type": "MultiPolygon", "coordinates": [ [ [ [ 153.077056111903062, -27.523057470602296 ], [ 153.077890941879701, -27.522532490682128 ], [ 153.078726861856268, -27.522007430762066 ], [ 153.079330021693693, -27.522779950828841 ], [ 153.079716851589382, -27.52327543087166 ], [ 153.079834711558135, -27.523422050884676 ], [ 153.079948741527915, -27.523563940897272 ], [ 153.080252891447316, -27.523942430930862 ], [ 153.079586911466521, -27.52435643086713 ], [ 153.078990031481197, -27.524747480810184 ], [ 153.078569881497828, -27.524973480769702 ], [ 153.078069021510885, -27.525295450721863 ], [ 153.076764151544637, -27.526137440597264 ], [ 153.075775001807926, -27.524897460487974 ], [ 153.075225021954139, -27.524209440427224 ], [ 153.077056111903062, -27.523057470602296 ] ] ] ] } },
{ "type": "Feature", "properties": { "sa1_2021": "30302105620", "sa2_2021": "303021056", "sa2_2021_name": "Holland Park", "sa1_2021_short": 3105620 }, "geometry": { "type": "MultiPolygon", "coordinates": [ [ [ [ 153.081515061779157, -27.520248461028647 ], [ 153.082235061766539, -27.519736461097033 ], [ 153.083784121402971, -27.521293461265195 ], [ 153.083946141360883, -27.521488481283033 ], [ 153.083744191351457, -27.521734461264654 ], [ 153.08208713139669, -27.522784481106239 ], [ 153.080637021437298, -27.523695480967543 ], [ 153.080252891447316, -27.523942430930862 ], [ 153.079948741527915, -27.523563940897272 ], [ 153.079834711558135, -27.523422050884676 ], [ 153.079716851589382, -27.52327543087166 ], [ 153.079330021693693, -27.522779950828841 ], [ 153.078726861856268, -27.522007430762066 ], [ 153.080041961819802, -27.521178440887805 ], [ 153.080738921800844, -27.520736460954428 ], [ 153.081515061779157, -27.520248461028647 ] ] ] ] } },
{ "type": "Feature", "properties": { "sa1_2021": "30302105621", "sa2_2021": "303021056", "sa2_2021_name": "Holland Park", "sa1_2021_short": 3105621 }, "geometry": { "type": "MultiPolygon", "coordinates": [ [ [ [ 153.07882804214114, -27.519670490753771 ], [ 153.078811102235534, -27.518939420746293 ], [ 153.080590952042144, -27.51895544092546 ], [ 153.080817032014949, -27.518978480948391 ], [ 153.081146991970144, -27.519052460982174 ], [ 153.081489151919556, -27.519161441017456 ], [ 153.081754101873997, -27.519296451045172 ], [ 153.082235061766539, -27.519736461097033 ], [ 153.081515061779157, -27.520248461028647 ], [ 153.080738921800844, -27.520736460954428 ], [ 153.080041961819802, -27.521178440887805 ], [ 153.078726861856268, -27.522007430762066 ], [ 153.077890941879701, -27.522532490682128 ], [ 153.077056111903062, -27.523057470602296 ], [ 153.075225021954139, -27.524209440427224 ], [ 153.074712121968304, -27.524533450378193 ], [ 153.074118852127356, -27.523780430312581 ], [ 153.075689042083724, -27.522791460462685 ], [ 153.075121032241043, -27.522030460399545 ], [ 153.076702022197367, -27.521032460550675 ], [ 153.07882804214114, -27.519670490753771 ] ] ] ] } },
{ "type": "Feature", "properties": { "sa1_2021": "30302105703", "sa2_2021": "303021057", "sa2_2021_name": "Holland Park West", "sa1_2021_short": 3105703 }, "geometry": { "type": "MultiPolygon", "coordinates": [ [ [ [ 153.053677135378507, -27.51545218819167 ], [ 153.05369257537896, -27.515435338193083 ], [ 153.054084225389346, -27.515020118229167 ], [ 153.054626025405781, -27.514429568278945 ], [ 153.054550105473055, -27.513961788267629 ], [ 153.05459335547431, -27.513915268271603 ], [ 153.055479575290406, -27.514616568366201 ], [ 153.056281045124081, -27.515250448451759 ], [ 153.054611175233276, -27.515806428288336 ], [ 153.054475975241218, -27.515858838275168 ], [ 153.054286135252312, -27.515932428256672 ], [ 153.053995965213858, -27.516483418231857 ], [ 153.054039875178404, -27.516726418238189 ], [ 153.054025015086097, -27.517469448242569 ], [ 153.054031954845357, -27.519367458258259 ], [ 153.054013954748683, -27.520147488262609 ], [ 153.05303188487008, -27.520022488162937 ], [ 153.052736274906408, -27.519986448132947 ], [ 153.052229834968443, -27.519926438081569 ], [ 153.051889985010803, -27.519880648047067 ], [ 153.051522025057523, -27.519823948009652 ], [ 153.050757025257269, -27.518894407925423 ], [ 153.050246505373053, -27.518413007870329 ], [ 153.050055025416469, -27.518232457849653 ], [ 153.049619065505169, -27.517901437803246 ], [ 153.049074015611552, -27.517523447745486 ], [ 153.048710075678628, -27.517302407707177 ], [ 153.047940505811141, -27.516908807626749 ], [ 153.046655526028587, -27.516281307492683 ], [ 153.046941796054313, -27.515834437517917 ], [ 153.048049235866188, -27.516380627633495 ], [ 153.048094025888702, -27.516164437636288 ], [ 153.048811065794979, -27.516295937709373 ], [ 153.049843175662602, -27.51646546781441 ], [ 153.050270515607338, -27.516539067857931 ], [ 153.050436705584701, -27.516577007874929 ], [ 153.050689395550449, -27.51663315790076 ], [ 153.050673985588361, -27.516346087896956 ], [ 153.051252115519759, -27.516397097955444 ], [ 153.051860235447606, -27.516450728016967 ], [ 153.05220936540951, -27.516455218052094 ], [ 153.052452265386449, -27.516430968076314 ], [ 153.052776425364016, -27.516332918108123 ], [ 153.052826395351076, -27.516392818113612 ], [ 153.052987065357598, -27.516204378128258 ], [ 153.053099705360324, -27.516086908138664 ], [ 153.053264135365993, -27.515902348153716 ], [ 153.053677135378507, -27.51545218819167 ] ] ] ] } },
{ "type": "Feature", "properties": { "sa1_2021": "30302105704", "sa2_2021": "303021057", "sa2_2021_name": "Holland Park West", "sa1_2021_short": 3105704 }, "geometry": { "type": "MultiPolygon", "coordinates": [ [ [ [ 153.054039875178404, -27.516726418238189 ], [ 153.053995965213858, -27.516483418231857 ], [ 153.054286135252312, -27.515932428256672 ], [ 153.054475975241218, -27.515858838275168 ], [ 153.054611175233276, -27.515806428288336 ], [ 153.056281045124081, -27.515250448451759 ], [ 153.056706015036553, -27.515581428497093 ], [ 153.057122914951009, -27.515903438541542 ], [ 153.058594964654191, -27.51699947869816 ], [ 153.058071154669392, -27.51732446864807 ], [ 153.057647094681471, -27.517589418607553 ], [ 153.057198874694564, -27.517867418564691 ], [ 153.057058454698648, -27.517954018551265 ], [ 153.056141904725735, -27.518519468463609 ], [ 153.055509034823075, -27.518287448398176 ], [ 153.05528904485621, -27.518212478375474 ], [ 153.055150124880925, -27.518135448360908 ], [ 153.054025015086097, -27.517469448242569 ], [ 153.054039875178404, -27.516726418238189 ] ] ] ] } },
{ "type": "Feature", "properties": { "sa1_2021": "30302105705", "sa2_2021": "303021057", "sa2_2021_name": "Holland Park West", "sa1_2021_short": 3105705 }, "geometry": { "type": "MultiPolygon", "coordinates": [ [ [ [ 153.057058454698648, -27.517954018551265 ], [ 153.057198874694564, -27.517867418564691 ], [ 153.057647094681471, -27.517589418607553 ], [ 153.058071154669392, -27.51732446864807 ], [ 153.058594964654191, -27.51699947869816 ], [ 153.058666684639206, -27.517056838705823 ], [ 153.059053954558408, -27.51736649874719 ], [ 153.059515124459296, -27.517758438796641 ], [ 153.05980888439683, -27.518002428828108 ], [ 153.060547934247722, -27.51855339890675 ], [ 153.059939034265398, -27.518931448848516 ], [ 153.059125414288843, -27.519437718770742 ], [ 153.058935174294362, -27.519555968752552 ], [ 153.058389034310125, -27.519895478700342 ], [ 153.057599174332864, -27.520387438624837 ], [ 153.056744994357331, -27.520919958543189 ], [ 153.056684074372924, -27.520848418536509 ], [ 153.05650084442226, -27.520614448516238 ], [ 153.055536004543285, -27.520477458418185 ], [ 153.054120244720934, -27.520276578274313 ], [ 153.054029874732095, -27.520265208265144 ], [ 153.054013954748683, -27.520147488262609 ], [ 153.054031954845357, -27.519367458258259 ], [ 153.054025015086097, -27.517469448242569 ], [ 153.055150124880925, -27.518135448360908 ], [ 153.05528904485621, -27.518212478375474 ], [ 153.055509034823075, -27.518287448398176 ], [ 153.056141904725735, -27.518519468463609 ], [ 153.057058454698648, -27.517954018551265 ] ] ] ] } },
{ "type": "Feature", "properties": { "sa1_2021": "30302105706", "sa2_2021": "303021057", "sa2_2021_name": "Holland Park West", "sa1_2021_short": 3105706 }, "geometry": { "type": "MultiPolygon", "coordinates": [ [ [ [ 153.054299094322516, -27.523275618315981 ], [ 153.054067944383064, -27.522993478290527 ], [ 153.052474934808089, -27.520986468114582 ], [ 153.0518769949648, -27.520255488048722 ], [ 153.051522025057523, -27.519823948009652 ], [ 153.051889985010803, -27.519880648047067 ], [ 153.052229834968443, -27.519926438081569 ], [ 153.052736274906408, -27.519986448132947 ], [ 153.05303188487008, -27.520022488162937 ], [ 153.054013954748683, -27.520147488262609 ], [ 153.054029874732095, -27.520265208265144 ], [ 153.054120244720934, -27.520276578274313 ], [ 153.055536004543285, -27.520477458418185 ], [ 153.05650084442226, -27.520614448516238 ], [ 153.056684074372924, -27.520848418536509 ], [ 153.056744994357331, -27.520919958543189 ], [ 153.057599174332864, -27.520387438624837 ], [ 153.058389034310125, -27.519895478700342 ], [ 153.058436914232004, -27.52047247870971 ], [ 153.058750124148531, -27.52086639874431 ], [ 153.059371093983373, -27.521644458812869 ], [ 153.060329073731367, -27.522822458918469 ], [ 153.059498923753608, -27.523352488839208 ], [ 153.059339853757933, -27.523453828824017 ], [ 153.058999933767552, -27.523666488791537 ], [ 153.058965733768531, -27.523687688788272 ], [ 153.058623613778565, -27.523899638755559 ], [ 153.058125173793115, -27.524208458707893 ], [ 153.057823093800152, -27.524409448679108 ], [ 153.057054153822151, -27.524889408605631 ], [ 153.056577023834507, -27.525197458560104 ], [ 153.05651701383627, -27.525234458554355 ], [ 153.056249033845489, -27.525389448528664 ], [ 153.055780443867491, -27.525614088483334 ], [ 153.055654123914309, -27.525351468468564 ], [ 153.055295914037657, -27.524680438427261 ], [ 153.054884084162865, -27.52404044838082 ], [ 153.05436997430391, -27.52336247832379 ], [ 153.054299094322516, -27.523275618315981 ] ] ] ] } },
{ "type": "Feature", "properties": { "sa1_2021": "30302105707", "sa2_2021": "303021057", "sa2_2021_name": "Holland Park West", "sa1_2021_short": 3105707 }, "geometry": { "type": "MultiPolygon", "coordinates": [ [ [ [ 153.059125414288843, -27.519437718770742 ], [ 153.059939034265398, -27.518931448848516 ], [ 153.060547934247722, -27.51855339890675 ], [ 153.060628924231025, -27.518616408915385 ], [ 153.061379184071313, -27.519241448995736 ], [ 153.062196053903449, -27.519874429082854 ], [ 153.063435883637368, -27.520924449215798 ], [ 153.06262587366578, -27.521388419138024 ], [ 153.061793203689177, -27.521911489058461 ], [ 153.061096923708618, -27.52234943899192 ], [ 153.060402153727694, -27.522789438925557 ], [ 153.060329073731367, -27.522822458918469 ], [ 153.059371093983373, -27.521644458812869 ], [ 153.058750124148531, -27.52086639874431 ], [ 153.058436914232004, -27.52047247870971 ], [ 153.058389034310125, -27.519895478700342 ], [ 153.058935174294362, -27.519555968752552 ], [ 153.059125414288843, -27.519437718770742 ] ] ] ] } },
{ "type": "Feature", "properties": { "sa1_2021": "30302105801", "sa2_2021": "303021058", "sa2_2021_name": "Woolloongabba", "sa1_2021_short": 3105801 }, "geometry": { "type": "MultiPolygon", "coordinates": [ [ [ [ 153.035582889355055, -27.499371066246876 ], [ 153.03561795936929, -27.499228426249267 ], [ 153.035625879395724, -27.49901242624836 ], [ 153.035606059429597, -27.498761416244374 ], [ 153.035109699710944, -27.496956036180261 ], [ 153.034899529817636, -27.496289666153896 ], [ 153.035250039768158, -27.496383446189839 ], [ 153.038305159387761, -27.496796806499916 ], [ 153.038293079374341, -27.496913176499632 ], [ 153.038229059337226, -27.497261326495945 ], [ 153.038207859322256, -27.497398036494907 ], [ 153.038244139317698, -27.497403406498591 ], [ 153.03811886924538, -27.498082466491375 ], [ 153.038027769194372, -27.498563626486025 ], [ 153.038008069183377, -27.498667636484868 ], [ 153.037965429159499, -27.498892816482364 ], [ 153.037805039071543, -27.49972544647283 ], [ 153.037695139008207, -27.500320486466503 ], [ 153.037570198938624, -27.500977716459143 ], [ 153.037486868892216, -27.501416036454245 ], [ 153.037133188936366, -27.50136745641834 ], [ 153.036137069063244, -27.50121040631705 ], [ 153.035643039126768, -27.501127456266794 ], [ 153.035500939145123, -27.501103496252323 ], [ 153.035158979190413, -27.501035456217462 ], [ 153.035435099295, -27.499972456236783 ], [ 153.035582889355055, -27.499371066246876 ] ] ] ] } },
{ "type": "Feature", "properties": { "sa1_2021": "30302105802", "sa2_2021": "303021058", "sa2_2021_name": "Woolloongabba", "sa1_2021_short": 3105802 }, "geometry": { "type": "MultiPolygon", "coordinates": [ [ [ [ 153.029706019877011, -27.500238395663619 ], [ 153.029312219925117, -27.500192425623716 ], [ 153.029218969933652, -27.500204465614456 ], [ 153.02881903998906, -27.500105585573515 ], [ 153.029220970008595, -27.499609105609952 ], [ 153.029427960023781, -27.49931260562839 ], [ 153.029758980004971, -27.499179585660574 ], [ 153.030079999994371, -27.498990575691305 ], [ 153.030533989977414, -27.498738585734902 ], [ 153.030904969970123, -27.498480585770103 ], [ 153.031106959966991, -27.498333585789222 ], [ 153.031275959980661, -27.498081575804193 ], [ 153.031511970009944, -27.497648585824475 ], [ 153.031671950027231, -27.497375575838383 ], [ 153.031906970035607, -27.497109585859871 ], [ 153.032576020028898, -27.496593455922977 ], [ 153.033406029924066, -27.496717446007306 ], [ 153.034624029763904, -27.496949446131442 ], [ 153.035002029723302, -27.496949446169403 ], [ 153.035109699710944, -27.496956036180261 ], [ 153.035606059429597, -27.498761416244374 ], [ 153.035625879395724, -27.49901242624836 ], [ 153.03561795936929, -27.499228426249267 ], [ 153.035582889355055, -27.499371066246876 ], [ 153.035435099295, -27.499972456236783 ], [ 153.035158979190413, -27.501035456217462 ], [ 153.035058859204469, -27.501009436207188 ], [ 153.034955199218274, -27.50098846619662 ], [ 153.032345189545936, -27.500614425931577 ], [ 153.029706019877011, -27.500238395663619 ] ] ] ] } },
{ "type": "Feature", "properties": { "sa1_2021": "30302105803", "sa2_2021": "303021058", "sa2_2021_name": "Woolloongabba", "sa1_2021_short": 3105803 }, "geometry": { "type": "MultiPolygon", "coordinates": [ [ [ [ 153.035973980935722, -27.486521426184588 ], [ 153.035212591032263, -27.4864043061072 ], [ 153.034303711147516, -27.486264456014826 ], [ 153.032825061334989, -27.486036965864564 ], [ 153.032418041385085, -27.485986445823286 ], [ 153.031905691446354, -27.48593682577145 ], [ 153.031276001763985, -27.483956415692575 ], [ 153.03123110178359, -27.483839315687135 ], [ 153.032023011683663, -27.483957395767575 ], [ 153.032133821669561, -27.483974565778841 ], [ 153.032880131575553, -27.484084495854649 ], [ 153.033843811455597, -27.484215105952448 ], [ 153.03475503133879, -27.484365476045134 ], [ 153.035892991193151, -27.484551416160887 ], [ 153.03687878107047, -27.484684526260938 ], [ 153.03738476100753, -27.48475284631229 ], [ 153.037756790961225, -27.484803086350052 ], [ 153.039275810768999, -27.485034206504441 ], [ 153.040175720655157, -27.485170076595903 ], [ 153.039803710448865, -27.487120066573951 ], [ 153.039660780373708, -27.487837056565258 ], [ 153.039597210338599, -27.488169246561498 ], [ 153.039592590335985, -27.488193346561225 ], [ 153.039523750297974, -27.488553056557155 ], [ 153.039200770144646, -27.490042046536487 ], [ 153.038544060178509, -27.490332466472829 ], [ 153.038429190192716, -27.490317436461169 ], [ 153.036476920437593, -27.490038446262897 ], [ 153.035621900548222, -27.489889476175851 ], [ 153.035710200575267, -27.48960015618243 ], [ 153.035850030619827, -27.489128446192748 ], [ 153.036007130669873, -27.488598436204335 ], [ 153.035983040840819, -27.487265436191382 ], [ 153.035976280907988, -27.48673892618654 ], [ 153.035973980935722, -27.486521426184588 ] ] ] ] } },
{ "type": "Feature", "properties": { "sa1_2021": "30302105805", "sa2_2021": "303021058", "sa2_2021_name": "Woolloongabba", "sa1_2021_short": 3105805 }, "geometry": { "type": "MultiPolygon", "coordinates": [ [ [ [ 153.04129049913638, -27.49624766679543 ], [ 153.042099339084217, -27.495973006874504 ], [ 153.044332918940114, -27.495214517092872 ], [ 153.044349048939125, -27.495208487094445 ], [ 153.044828188905228, -27.495069447141478 ], [ 153.04623398881526, -27.494586407278895 ], [ 153.047314898745441, -27.494220257384598 ], [ 153.047457868736188, -27.494171827398581 ], [ 153.047666028723597, -27.494094457418885 ], [ 153.047676028718854, -27.494123447420119 ], [ 153.047702018709487, -27.494175447423132 ], [ 153.04796601863859, -27.494512447452323 ], [ 153.04805401861168, -27.494650457462264 ], [ 153.048123048595073, -27.494723457469775 ], [ 153.04798704857177, -27.49502345745848 ], [ 153.047958028549857, -27.495221437457126 ], [ 153.047928718503982, -27.495609457457249 ], [ 153.047803228469832, -27.49598630744762 ], [ 153.047621788449646, -27.496300527431877 ], [ 153.047255038453159, -27.496584447397272 ], [ 153.046788018476548, -27.496796457352019 ], [ 153.045859018565324, -27.496883447259382 ], [ 153.045385028602084, -27.496995437212647 ], [ 153.044600028662529, -27.49718445713528 ], [ 153.043500028751168, -27.497418447026632 ], [ 153.043397018759066, -27.497443457016473 ], [ 153.043204008772989, -27.497497436997516 ], [ 153.043079038781741, -27.497534436985251 ], [ 153.042971028778652, -27.497650456975318 ], [ 153.042834008776339, -27.497785446962617 ], [ 153.042741048763475, -27.497966446954724 ], [ 153.0427180087556, -27.498048446953053 ], [ 153.042273038815608, -27.497951446907585 ], [ 153.042129998830518, -27.497955456893251 ], [ 153.041841028864326, -27.497933466864044 ], [ 153.041654078755158, -27.498956436853359 ], [ 153.041305138551877, -27.500862696833366 ], [ 153.041288858542572, -27.500950016832427 ], [ 153.041130998433033, -27.501951466824476 ], [ 153.040422158521864, -27.501851466752491 ], [ 153.0404192785345, -27.501753476751432 ], [ 153.040569038622323, -27.50093096675997 ], [ 153.040438008768234, -27.499887326738563 ], [ 153.040395478796739, -27.499697676732797 ], [ 153.040168018944769, -27.498719456702215 ], [ 153.040077019009459, -27.498284666689642 ], [ 153.039865499095754, -27.49778150666442 ], [ 153.039788889123486, -27.4976268466555 ], [ 153.039646029142688, -27.497596446640909 ], [ 153.039652859157997, -27.497469466640599 ], [ 153.039765819223362, -27.496855826647092 ], [ 153.039784659238393, -27.496720996647923 ], [ 153.039908059227969, -27.496698446660137 ], [ 153.040189949206137, -27.496631476687913 ], [ 153.040607179180483, -27.496479476728627 ], [ 153.04129049913638, -27.49624766679543 ] ] ] ] } },
{ "type": "Feature", "properties": { "sa1_2021": "30302105807", "sa2_2021": "303021058", "sa2_2021_name": "Woolloongabba", "sa1_2021_short": 3105807 }, "geometry": { "type": "MultiPolygon", "coordinates": [ [ [ [ 153.037356019753702, -27.494706456388073 ], [ 153.036694019925704, -27.493907436315283 ], [ 153.036458049983935, -27.493647436289525 ], [ 153.035891570129877, -27.492973246227297 ], [ 153.035732430165297, -27.492827986210177 ], [ 153.035818820186734, -27.492584876216931 ], [ 153.035860690181408, -27.492591626221198 ], [ 153.036442940107889, -27.492678266280347 ], [ 153.037571659965266, -27.492847556395038 ], [ 153.038571029839005, -27.492997466496586 ], [ 153.040378949713414, -27.492454486673896 ], [ 153.040965029676613, -27.492247486731127 ], [ 153.041196149510711, -27.493364486763163 ], [ 153.041389089380715, -27.494229466789385 ], [ 153.041407119356677, -27.494404426792574 ], [ 153.041395949330251, -27.494623486793177 ], [ 153.041363169266674, -27.495154486794085 ], [ 153.041325029178836, -27.49588240679601 ], [ 153.041296919145594, -27.49616941679546 ], [ 153.04129049913638, -27.49624766679543 ], [ 153.040607179180483, -27.496479476728627 ], [ 153.040189949206137, -27.496631476687913 ], [ 153.039908059227969, -27.496698446660137 ], [ 153.039784659238393, -27.496720996647923 ], [ 153.039464919265356, -27.496779436616269 ], [ 153.03914254929569, -27.496813286584143 ], [ 153.039017759307427, -27.49682638657173 ], [ 153.038902009341172, -27.496657886558772 ], [ 153.038367029487091, -27.495957446499496 ], [ 153.037901039608272, -27.495394446448252 ], [ 153.037449019729053, -27.494822446398334 ], [ 153.037356019753702, -27.494706456388073 ] ] ] ] } },
{ "type": "Feature", "properties": { "sa1_2021": "30302105808", "sa2_2021": "303021058", "sa2_2021_name": "Woolloongabba", "sa1_2021_short": 3105808 }, "geometry": { "type": "MultiPolygon", "coordinates": [ [ [ [ 153.035366040468773, -27.490736446156845 ], [ 153.035621900548222, -27.489889476175851 ], [ 153.036476920437593, -27.490038446262897 ], [ 153.038429190192716, -27.490317436461169 ], [ 153.038544060178509, -27.490332466472829 ], [ 153.039200770144646, -27.490042046536487 ], [ 153.039818780016759, -27.490529046602404 ], [ 153.040225979929147, -27.490876416646056 ], [ 153.040494869841041, -27.491345416676769 ], [ 153.04063094979233, -27.491615416692571 ], [ 153.040710039765031, -27.491764456701695 ], [ 153.040965029676613, -27.492247486731127 ], [ 153.040378949713414, -27.492454486673896 ], [ 153.038571029839005, -27.492997466496586 ], [ 153.037571659965266, -27.492847556395038 ], [ 153.036442940107889, -27.492678266280347 ], [ 153.035860690181408, -27.492591626221198 ], [ 153.035818820186734, -27.492584876216931 ], [ 153.034869170305683, -27.4924504361205 ], [ 153.034916540321916, -27.492281786123925 ], [ 153.035090280381382, -27.491663166136483 ], [ 153.035366040468773, -27.490736446156845 ] ] ] ] } },
{ "type": "Feature", "properties": { "sa1_2021": "30302105809", "sa2_2021": "303021058", "sa2_2021_name": "Woolloongabba", "sa1_2021_short": 3105809 }, "geometry": { "type": "MultiPolygon", "coordinates": [ [ [ [ 153.030046971178251, -27.489641445614104 ], [ 153.030239181287641, -27.48861148562526 ], [ 153.032146121046139, -27.488902445819026 ], [ 153.032064031000061, -27.48933742581422 ], [ 153.031958180938432, -27.489915395808161 ], [ 153.031814190856664, -27.490685445799791 ], [ 153.031738010814024, -27.491088135795323 ], [ 153.03166191077139, -27.491490415790867 ], [ 153.031506020681064, -27.492338475781921 ], [ 153.031691070656933, -27.492372405800765 ], [ 153.03145193051796, -27.493676115787064 ], [ 153.03142900050338, -27.493811425785818 ], [ 153.031353890493193, -27.493956115779415 ], [ 153.03126589051098, -27.49389010577007 ], [ 153.030552890638546, -27.493486105695279 ], [ 153.029451360804046, -27.493112415581734 ], [ 153.029488990817981, -27.492970285584384 ], [ 153.02964810091359, -27.492077475593305 ], [ 153.029594080920418, -27.492069465587814 ], [ 153.029755001010585, -27.491218425597257 ], [ 153.029905091097078, -27.490405465605892 ], [ 153.030046971178251, -27.489641445614104 ] ] ] ] } },
{ "type": "Feature", "properties": { "sa1_2021": "30302105810", "sa2_2021": "303021058", "sa2_2021_name": "Woolloongabba", "sa1_2021_short": 3105810 }, "geometry": { "type": "MultiPolygon", "coordinates": [ [ [ [ 153.03145193051796, -27.493676115787064 ], [ 153.031691070656933, -27.492372405800765 ], [ 153.031506020681064, -27.492338475781921 ], [ 153.03166191077139, -27.491490415790867 ], [ 153.031738010814024, -27.491088135795323 ], [ 153.031814190856664, -27.490685445799791 ], [ 153.031958180938432, -27.489915395808161 ], [ 153.032064031000061, -27.48933742581422 ], [ 153.032146121046139, -27.488902445819026 ], [ 153.032223061091145, -27.488480535823424 ], [ 153.03230201113729, -27.488047455827925 ], [ 153.032876451065306, -27.488129225886247 ], [ 153.033055081042903, -27.488154655904388 ], [ 153.033082781027673, -27.488252025907936 ], [ 153.033245940902873, -27.489101615931038 ], [ 153.03328401088163, -27.489237705935935 ], [ 153.033364710818375, -27.489669735947459 ], [ 153.033551190733164, -27.490186035970265 ], [ 153.033873370692504, -27.490234006002996 ], [ 153.033814720659223, -27.490547565999577 ], [ 153.034035760631326, -27.490580416022027 ], [ 153.033951150583306, -27.491032766017117 ], [ 153.034257750461705, -27.491734876053449 ], [ 153.034916540321916, -27.492281786123925 ], [ 153.034869170305683, -27.4924504361205 ], [ 153.035818820186734, -27.492584876216931 ], [ 153.035732430165297, -27.492827986210177 ], [ 153.035891570129877, -27.492973246227297 ], [ 153.036458049983935, -27.493647436289525 ], [ 153.036694019925704, -27.493907436315283 ], [ 153.037356019753702, -27.494706456388073 ], [ 153.037449019729053, -27.494822446398334 ], [ 153.037901039608272, -27.495394446448252 ], [ 153.038367029487091, -27.495957446499496 ], [ 153.038902009341172, -27.496657886558772 ], [ 153.039017759307427, -27.49682638657173 ], [ 153.038941109314663, -27.4968344365641 ], [ 153.038761379334829, -27.496827606545985 ], [ 153.038305159387761, -27.496796806499916 ], [ 153.035250039768158, -27.496383446189839 ], [ 153.034899529817636, -27.496289666153896 ], [ 153.035109699710944, -27.496956036180261 ], [ 153.035002029723302, -27.496949446169403 ], [ 153.034624029763904, -27.496949446131442 ], [ 153.033406029924066, -27.496717446007306 ], [ 153.032576020028898, -27.496593455922977 ], [ 153.032184040080608, -27.496517435883021 ], [ 153.031758020147436, -27.496350435838927 ], [ 153.032139040144273, -27.496051445874816 ], [ 153.032297050150135, -27.495870455889253 ], [ 153.032448050169023, -27.495592435902221 ], [ 153.032473010190472, -27.495401445903212 ], [ 153.032379030242737, -27.495067445891145 ], [ 153.031381920487007, -27.493981105782435 ], [ 153.031353890493193, -27.493956115779415 ], [ 153.03142900050338, -27.493811425785818 ], [ 153.03145193051796, -27.493676115787064 ] ] ] ] } },
{ "type": "Feature", "properties": { "sa1_2021": "30302105811", "sa2_2021": "303021058", "sa2_2021_name": "Woolloongabba", "sa1_2021_short": 3105811 }, "geometry": { "type": "MultiPolygon", "coordinates": [ [ [ [ 153.027226941435117, -27.490006135333864 ], [ 153.027287931454168, -27.489803135338381 ], [ 153.027425941487593, -27.48942115534922 ], [ 153.027582931488041, -27.489284145363893 ], [ 153.028903201321953, -27.489476425497969 ], [ 153.030046971178251, -27.489641445614104 ], [ 153.029905091097078, -27.490405465605892 ], [ 153.029755001010585, -27.491218425597257 ], [ 153.029594080920418, -27.492069465587814 ], [ 153.02964810091359, -27.492077475593305 ], [ 153.029488990817981, -27.492970285584384 ], [ 153.029451360804046, -27.493112415581734 ], [ 153.029093920857662, -27.492992135544899 ], [ 153.028749940915191, -27.492829125509072 ], [ 153.028433920970429, -27.492660135476012 ], [ 153.028087901043961, -27.492372125439008 ], [ 153.027366371195995, -27.491782025361893 ], [ 153.02734695120003, -27.491766435359825 ], [ 153.027303631209463, -27.49172845535518 ], [ 153.026174391456095, -27.490735725233968 ], [ 153.02605299148243, -27.490630145220948 ], [ 153.025249661678146, -27.489763145133452 ], [ 153.025873961604532, -27.48981514519653 ], [ 153.027061231455747, -27.489983825317054 ], [ 153.027226941435117, -27.490006135333864 ] ] ] ] } },
{ "type": "Feature", "properties": { "sa1_2021": "30302105812", "sa2_2021": "303021058", "sa2_2021_name": "Woolloongabba", "sa1_2021_short": 3105812 }, "geometry": { "type": "MultiPolygon", "coordinates": [ [ [ [ 153.028691871553633, -27.487820735463664 ], [ 153.028736911557985, -27.487748145467616 ], [ 153.028840901571044, -27.487556145476532 ], [ 153.028914881586559, -27.487370145482494 ], [ 153.028959891615216, -27.487105135484917 ], [ 153.028977921661863, -27.486720155483685 ], [ 153.029054061800451, -27.485557425482138 ], [ 153.030400111633952, -27.485731495618651 ], [ 153.030747881590685, -27.485778465653944 ], [ 153.031031191554973, -27.485820405682727 ], [ 153.031272051524923, -27.485853445707164 ], [ 153.031382941510515, -27.485873425718456 ], [ 153.031905691446354, -27.48593682577145 ], [ 153.032418041385085, -27.485986445823286 ], [ 153.032825061334989, -27.486036965864564 ], [ 153.032798051321578, -27.486166005862867 ], [ 153.032694021265002, -27.486702765856649 ], [ 153.032706651257371, -27.486752635858316 ], [ 153.032763151223293, -27.486974565865747 ], [ 153.033086801182435, -27.487022625898621 ], [ 153.032889511075325, -27.488039095886847 ], [ 153.032876451065306, -27.488129225886247 ], [ 153.03230201113729, -27.488047455827925 ], [ 153.032223061091145, -27.488480535823424 ], [ 153.032146121046139, -27.488902445819026 ], [ 153.030239181287641, -27.48861148562526 ], [ 153.030046971178251, -27.489641445614104 ], [ 153.028903201321953, -27.489476425497969 ], [ 153.027582931488041, -27.489284145363893 ], [ 153.027865801487536, -27.489047225390429 ], [ 153.028040931485265, -27.488916135406978 ], [ 153.028213901508622, -27.488584135421718 ], [ 153.028329901520152, -27.488394145431851 ], [ 153.028691871553633, -27.487820735463664 ] ] ] ] } },
{ "type": "Feature", "properties": { "sa1_2021": "30302105815", "sa2_2021": "303021058", "sa2_2021_name": "Woolloongabba", "sa1_2021_short": 3105815 }, "geometry": { "type": "MultiPolygon", "coordinates": [ [ [ [ 153.035072030956798, -27.487121456098748 ], [ 153.035212591032263, -27.4864043061072 ], [ 153.035973980935722, -27.486521426184588 ], [ 153.035976280907988, -27.48673892618654 ], [ 153.035983040840819, -27.487265436191382 ], [ 153.036007130669873, -27.488598436204335 ], [ 153.035435720742441, -27.488509586146254 ], [ 153.035453820754014, -27.488402506147221 ], [ 153.035522550791853, -27.488044496151293 ], [ 153.035014510855945, -27.487968886099686 ], [ 153.03491410086923, -27.487949126089436 ], [ 153.035015600924652, -27.487424156095486 ], [ 153.035072030956798, -27.487121456098748 ] ] ] ] } },
{ "type": "Feature", "properties": { "sa1_2021": "30302105816", "sa2_2021": "303021058", "sa2_2021_name": "Woolloongabba", "sa1_2021_short": 3105816 }, "geometry": { "type": "MultiPolygon", "coordinates": [ [ [ [ 153.033055081042903, -27.488154655904388 ], [ 153.032876451065306, -27.488129225886247 ], [ 153.032889511075325, -27.488039095886847 ], [ 153.033086801182435, -27.487022625898621 ], [ 153.032763151223293, -27.486974565865747 ], [ 153.032706651257371, -27.486752635858316 ], [ 153.032694021265002, -27.486702765856649 ], [ 153.032798051321578, -27.486166005862867 ], [ 153.032825061334989, -27.486036965864564 ], [ 153.034303711147516, -27.486264456014826 ], [ 153.035212591032263, -27.4864043061072 ], [ 153.035072030956798, -27.487121456098748 ], [ 153.035015600924652, -27.487424156095486 ], [ 153.03491410086923, -27.487949126089436 ], [ 153.035014510855945, -27.487968886099686 ], [ 153.035522550791853, -27.488044496151293 ], [ 153.035453820754014, -27.488402506147221 ], [ 153.035435720742441, -27.488509586146254 ], [ 153.036007130669873, -27.488598436204335 ], [ 153.035850030619827, -27.489128446192748 ], [ 153.035710200575267, -27.48960015618243 ], [ 153.035621900548222, -27.489889476175851 ], [ 153.035366040468773, -27.490736446156845 ], [ 153.035090280381382, -27.491663166136483 ], [ 153.034916540321916, -27.492281786123925 ], [ 153.034257750461705, -27.491734876053449 ], [ 153.033951150583306, -27.491032766017117 ], [ 153.034035760631326, -27.490580416022027 ], [ 153.033814720659223, -27.490547565999577 ], [ 153.033873370692504, -27.490234006002996 ], [ 153.033551190733164, -27.490186035970265 ], [ 153.033364710818375, -27.489669735947459 ], [ 153.03328401088163, -27.489237705935935 ], [ 153.033245940902873, -27.489101615931038 ], [ 153.033082781027673, -27.488252025907936 ], [ 153.033055081042903, -27.488154655904388 ] ] ] ] } },
{ "type": "Feature", "properties": { "sa1_2021": "30302105817", "sa2_2021": "303021058", "sa2_2021_name": "Woolloongabba", "sa1_2021_short": 3105817 }, "geometry": { "type": "MultiPolygon", "coordinates": [ [ [ [ 153.03863150911809, -27.498654136547383 ], [ 153.039131199055106, -27.498727666598143 ], [ 153.039208249045259, -27.498740086605984 ], [ 153.03928456900212, -27.499016846615838 ], [ 153.039197968954426, -27.499467886610699 ], [ 153.038997588979214, -27.499442296590374 ], [ 153.038513769040037, -27.499372426541225 ], [ 153.038499209041959, -27.499369566539745 ], [ 153.038516029051266, -27.499281446540738 ], [ 153.038532009060901, -27.499191446541627 ], [ 153.038582019089233, -27.498924456544533 ], [ 153.03863150911809, -27.498654136547383 ] ] ] ] } },
{ "type": "Feature", "properties": { "sa1_2021": "30302105818", "sa2_2021": "303021058", "sa2_2021_name": "Woolloongabba", "sa1_2021_short": 3105818 }, "geometry": { "type": "MultiPolygon", "coordinates": [ [ [ [ 153.041783879646232, -27.491791546809765 ], [ 153.04063094979233, -27.491615416692571 ], [ 153.040494869841041, -27.491345416676769 ], [ 153.040225979929147, -27.490876416646056 ], [ 153.039818780016759, -27.490529046602404 ], [ 153.040807750001477, -27.489809056696046 ], [ 153.041402039913976, -27.489996406757221 ], [ 153.04156515988916, -27.490054466774072 ], [ 153.041701959862081, -27.490152476788584 ], [ 153.042073749740609, -27.490798036831038 ], [ 153.041882999750442, -27.490882446812538 ], [ 153.042423719565335, -27.491888036874801 ], [ 153.041901039631426, -27.491809446821673 ], [ 153.041783879646232, -27.491791546809765 ] ] ] ] } },
{ "type": "Feature", "properties": { "sa1_2021": "30302105819", "sa2_2021": "303021058", "sa2_2021_name": "Woolloongabba", "sa1_2021_short": 3105819 }, "geometry": { "type": "MultiPolygon", "coordinates": [ [ [ [ 153.03917294867793, -27.501678406625658 ], [ 153.038699908739858, -27.501590466577454 ], [ 153.038145838809925, -27.501507036521147 ], [ 153.038108028814548, -27.5015024465173 ], [ 153.038120038824644, -27.501412446517801 ], [ 153.038134018833119, -27.501333446518586 ], [ 153.038184248861512, -27.501065866521511 ], [ 153.038201028871015, -27.500976456522491 ], [ 153.038283048918572, -27.500530436527207 ], [ 153.03841601899444, -27.499816446534915 ], [ 153.038499209041959, -27.499369566539745 ], [ 153.038513769040037, -27.499372426541225 ], [ 153.038997588979214, -27.499442296590374 ], [ 153.039197968954426, -27.499467886610699 ], [ 153.03928456900212, -27.499016846615838 ], [ 153.039208249045259, -27.498740086605984 ], [ 153.039131199055106, -27.498727666598143 ], [ 153.03863150911809, -27.498654136547383 ], [ 153.038712539164493, -27.498217906552068 ], [ 153.038750539185259, -27.498021156554323 ], [ 153.038650019197945, -27.498006376544119 ], [ 153.038722839239881, -27.497612136548309 ], [ 153.038745389254871, -27.497474106549486 ], [ 153.038244139317698, -27.497403406498591 ], [ 153.038207859322256, -27.497398036494907 ], [ 153.038229059337226, -27.497261326495945 ], [ 153.038293079374341, -27.496913176499632 ], [ 153.038305159387761, -27.496796806499916 ], [ 153.038761379334829, -27.496827606545985 ], [ 153.038941109314663, -27.4968344365641 ], [ 153.039017759307427, -27.49682638657173 ], [ 153.03914254929569, -27.496813286584143 ], [ 153.039464919265356, -27.496779436616269 ], [ 153.039784659238393, -27.496720996647923 ], [ 153.039765819223362, -27.496855826647092 ], [ 153.039652859157997, -27.497469466640599 ], [ 153.039646029142688, -27.497596446640909 ], [ 153.039788889123486, -27.4976268466555 ], [ 153.039865499095754, -27.49778150666442 ], [ 153.040077019009459, -27.498284666689642 ], [ 153.040168018944769, -27.498719456702215 ], [ 153.040395478796739, -27.499697676732797 ], [ 153.040438008768234, -27.499887326738563 ], [ 153.040569038622323, -27.50093096675997 ], [ 153.0404192785345, -27.501753476751432 ], [ 153.040422158521864, -27.501851466752491 ], [ 153.040161878554301, -27.501815466726061 ], [ 153.039562848629174, -27.501732496665245 ], [ 153.03917294867793, -27.501678406625658 ] ] ] ] } },
{ "type": "Feature", "properties": { "sa1_2021": "30302105820", "sa2_2021": "303021058", "sa2_2021_name": "Woolloongabba", "sa1_2021_short": 3105820 }, "geometry": { "type": "MultiPolygon", "coordinates": [ [ [ [ 153.043505209428304, -27.492053446984752 ], [ 153.044623679286019, -27.492229007098491 ], [ 153.04476270926844, -27.492250007112624 ], [ 153.045755689142851, -27.492400007213558 ], [ 153.04592201912115, -27.492430457230519 ], [ 153.045944029135057, -27.492301457231715 ], [ 153.046001039199439, -27.491743437233019 ], [ 153.046451019121406, -27.491978447280086 ], [ 153.047067029013164, -27.492311447344619 ], [ 153.04728901896965, -27.49246745736815 ], [ 153.047789028882448, -27.492732447420472 ], [ 153.047887038807886, -27.493239437434337 ], [ 153.047879038786135, -27.493418447434941 ], [ 153.047681028764316, -27.493759437417744 ], [ 153.047647008736391, -27.494009447416285 ], [ 153.047657008727469, -27.494071447417788 ], [ 153.047666028723597, -27.494094457418885 ], [ 153.047457868736188, -27.494171827398581 ], [ 153.047314898745441, -27.494220257384598 ], [ 153.04623398881526, -27.494586407278895 ], [ 153.044828188905228, -27.495069447141478 ], [ 153.044349048939125, -27.495208487094445 ], [ 153.044332918940114, -27.495214517092872 ], [ 153.042099339084217, -27.495973006874504 ], [ 153.04129049913638, -27.49624766679543 ], [ 153.041296919145594, -27.49616941679546 ], [ 153.041325029178836, -27.49588240679601 ], [ 153.041363169266674, -27.495154486794085 ], [ 153.041395949330251, -27.494623486793177 ], [ 153.041407119356677, -27.494404426792574 ], [ 153.041389089380715, -27.494229466789385 ], [ 153.042227049274715, -27.494356246874549 ], [ 153.042340929260291, -27.494373476886132 ], [ 153.042812729515873, -27.491949026914362 ], [ 153.043505209428304, -27.492053446984752 ] ] ] ] } },
{ "type": "Feature", "properties": { "sa1_2021": "30302105821", "sa2_2021": "303021058", "sa2_2021_name": "Woolloongabba", "sa1_2021_short": 3105821 }, "geometry": { "type": "MultiPolygon", "coordinates": [ [ [ [ 153.040965029676613, -27.492247486731127 ], [ 153.041111769662251, -27.492236476745781 ], [ 153.041687909589712, -27.492320706804318 ], [ 153.041761879631622, -27.49192609680863 ], [ 153.041783879646232, -27.491791546809765 ], [ 153.041901039631426, -27.491809446821673 ], [ 153.042423719565335, -27.491888036874801 ], [ 153.042812729515873, -27.491949026914362 ], [ 153.042340929260291, -27.494373476886132 ], [ 153.042227049274715, -27.494356246874549 ], [ 153.041389089380715, -27.494229466789385 ], [ 153.041196149510711, -27.493364486763163 ], [ 153.040965029676613, -27.492247486731127 ] ] ] ] } },
{ "type": "Feature", "properties": { "sa1_2021": "30302105822", "sa2_2021": "303021058", "sa2_2021_name": "Woolloongabba", "sa1_2021_short": 3105822 }, "geometry": { "type": "MultiPolygon", "coordinates": [ [ [ [ 153.037805039071543, -27.49972544647283 ], [ 153.037965429159499, -27.498892816482364 ], [ 153.038008069183377, -27.498667636484868 ], [ 153.038027769194372, -27.498563626486025 ], [ 153.03811886924538, -27.498082466491375 ], [ 153.038244139317698, -27.497403406498591 ], [ 153.038745389254871, -27.497474106549486 ], [ 153.038722839239881, -27.497612136548309 ], [ 153.038650019197945, -27.498006376544119 ], [ 153.038750539185259, -27.498021156554323 ], [ 153.038712539164493, -27.498217906552068 ], [ 153.03863150911809, -27.498654136547383 ], [ 153.038582019089233, -27.498924456544533 ], [ 153.038532009060901, -27.499191446541627 ], [ 153.038516029051266, -27.499281446540738 ], [ 153.038499209041959, -27.499369566539745 ], [ 153.03841601899444, -27.499816446534915 ], [ 153.038283048918572, -27.500530436527207 ], [ 153.038201028871015, -27.500976456522491 ], [ 153.038184248861512, -27.501065866521511 ], [ 153.038134018833119, -27.501333446518586 ], [ 153.038120038824644, -27.501412446517801 ], [ 153.038108028814548, -27.5015024465173 ], [ 153.037486868892216, -27.501416036454245 ], [ 153.037570198938624, -27.500977716459143 ], [ 153.037695139008207, -27.500320486466503 ], [ 153.037805039071543, -27.49972544647283 ] ] ] ] } },
{ "type": "Feature", "properties": { "sa1_2021": "30302105823", "sa2_2021": "303021058", "sa2_2021_name": "Woolloongabba", "sa1_2021_short": 3105823 }, "geometry": { "type": "MultiPolygon", "coordinates": [ [ [ [ 153.040965029676613, -27.492247486731127 ], [ 153.040710039765031, -27.491764456701695 ], [ 153.04063094979233, -27.491615416692571 ], [ 153.041783879646232, -27.491791546809765 ], [ 153.041761879631622, -27.49192609680863 ], [ 153.041687909589712, -27.492320706804318 ], [ 153.041111769662251, -27.492236476745781 ], [ 153.040965029676613, -27.492247486731127 ] ] ] ] } },
{ "type": "Feature", "properties": { "sa1_2021": "30303106301", "sa2_2021": "303031063", "sa2_2021_name": "Mount Gravatt", "sa1_2021_short": 3106301 }, "geometry": { "type": "MultiPolygon", "coordinates": [ [ [ [ 153.084915841166207, -27.522202971386243 ], [ 153.083946141360883, -27.521488481283033 ], [ 153.083784121402971, -27.521293461265195 ], [ 153.083896061452407, -27.52080796127262 ], [ 153.084115761550038, -27.519849901287159 ], [ 153.084216131537374, -27.519864721297367 ], [ 153.086177021288563, -27.520165381497048 ], [ 153.087919821067317, -27.520432871674529 ], [ 153.08871830078192, -27.522009501767343 ], [ 153.088875290653363, -27.522891501790102 ], [ 153.088303590651634, -27.523390471736516 ], [ 153.088199560635985, -27.523602331727723 ], [ 153.088135100637317, -27.523646691721584 ], [ 153.088127910629368, -27.523715461721412 ], [ 153.088235260609281, -27.523783041732749 ], [ 153.088059880603765, -27.523975461716624 ], [ 153.087844930578001, -27.524361481698037 ], [ 153.087290160689463, -27.523952421638985 ], [ 153.084915841166207, -27.522202971386243 ] ] ] ] } },
{ "type": "Feature", "properties": { "sa1_2021": "30303106302", "sa2_2021": "303031063", "sa2_2021_name": "Mount Gravatt", "sa1_2021_short": 3106302 }, "geometry": { "type": "MultiPolygon", "coordinates": [ [ [ [ 153.09256692934818, -27.530063862218299 ], [ 153.091870329534146, -27.52918691214127 ], [ 153.091875109549505, -27.529061512140757 ], [ 153.091997819617234, -27.528422492148053 ], [ 153.091821999690069, -27.527996862126994 ], [ 153.091626439742612, -27.527747752105341 ], [ 153.091439629766882, -27.527714712086279 ], [ 153.091012839781229, -27.527963892045292 ], [ 153.090934509784006, -27.528008752037767 ], [ 153.090278159958444, -27.527188461965235 ], [ 153.088815680346499, -27.52536564180366 ], [ 153.088460900440651, -27.524923431764453 ], [ 153.088244200497854, -27.524655411740536 ], [ 153.087844930578001, -27.524361481698037 ], [ 153.088059880603765, -27.523975461716624 ], [ 153.088174700590201, -27.523985091728242 ], [ 153.08973242039329, -27.524217661886837 ], [ 153.089706500378043, -27.524359941885358 ], [ 153.089914920411871, -27.523915941902818 ], [ 153.093006610019557, -27.524389382217727 ], [ 153.092914479967817, -27.524875812212294 ], [ 153.093699019868467, -27.524994552292195 ], [ 153.093698389868166, -27.52499743229215 ], [ 153.093600029822227, -27.525443522285777 ], [ 153.094218629743779, -27.525537952348799 ], [ 153.09433476972913, -27.525554972360606 ], [ 153.094434019716431, -27.525570902370724 ], [ 153.09561084956735, -27.525749092490589 ], [ 153.095696079556774, -27.525760392499254 ], [ 153.095610739508231, -27.52621588249427 ], [ 153.095538139466953, -27.526603462490026 ], [ 153.095445319414381, -27.527097502484576 ], [ 153.095111999221587, -27.528902452465285 ], [ 153.094999039157642, -27.529503462458678 ], [ 153.094835009069129, -27.530341452448777 ], [ 153.094647868989284, -27.531130462436177 ], [ 153.094539028977323, -27.531317462426699 ], [ 153.09440411897387, -27.53145941241424 ], [ 153.094250058974609, -27.531584412399724 ], [ 153.094105008978431, -27.531677492385857 ], [ 153.093950898982712, -27.531774412371121 ], [ 153.093043909221564, -27.530658672271009 ], [ 153.092850649274112, -27.530407832249569 ], [ 153.092766149295016, -27.530314432240342 ], [ 153.09256692934818, -27.530063862218299 ] ] ] ] } },
{ "type": "Feature", "properties": { "sa1_2021": "30303106303", "sa2_2021": "303031063", "sa2_2021_name": "Mount Gravatt", "sa1_2021_short": 3106303 }, "geometry": { "type": "MultiPolygon", "coordinates": [ [ [ [ 153.092978180202124, -27.522971422203646 ], [ 153.092784140308595, -27.52229543217879 ], [ 153.092711070365851, -27.521905452168344 ], [ 153.092711070409507, -27.521560482165626 ], [ 153.093699970284831, -27.521705492266307 ], [ 153.094047010243628, -27.521736442301478 ], [ 153.094180930233136, -27.521705492314716 ], [ 153.094308020234706, -27.521585422326552 ], [ 153.094364890244464, -27.521460422331291 ], [ 153.094405950259357, -27.521307402334223 ], [ 153.094428980299455, -27.520971442333877 ], [ 153.094471100321897, -27.520758422336439 ], [ 153.094534100358175, -27.520418482340094 ], [ 153.095921170182379, -27.520629442481383 ], [ 153.096157000154875, -27.520646452505243 ], [ 153.096501160117242, -27.520651492539933 ], [ 153.096645150100727, -27.520659412554494 ], [ 153.096344899925697, -27.522296412537202 ], [ 153.096015629738503, -27.524054282517945 ], [ 153.095929089749518, -27.524040452509126 ], [ 153.093249630088621, -27.523637572236236 ], [ 153.093120050110514, -27.523574412222708 ], [ 153.092978180202124, -27.522971422203646 ] ] ] ] } },
{ "type": "Feature", "properties": { "sa1_2021": "30303106304", "sa2_2021": "303031063", "sa2_2021_name": "Mount Gravatt", "sa1_2021_short": 3106304 }, "geometry": { "type": "MultiPolygon", "coordinates": [ [ [ [ 153.093006610019557, -27.524389382217727 ], [ 153.089914920411871, -27.523915941902818 ], [ 153.090035180463559, -27.523405671910893 ], [ 153.090180270475429, -27.52318850192378 ], [ 153.090554320425525, -27.523265281962036 ], [ 153.090563660430234, -27.523220181962611 ], [ 153.090607250441906, -27.523090931965985 ], [ 153.090678500449286, -27.522972151972215 ], [ 153.090775730451924, -27.522868551981183 ], [ 153.09089381044987, -27.522784571992389 ], [ 153.09102879044309, -27.522723562005496 ], [ 153.091133540436374, -27.522687652015769 ], [ 153.091143980472481, -27.522393802014488 ], [ 153.091493540450102, -27.522273662048718 ], [ 153.091602640406393, -27.522526372061698 ], [ 153.091678230401527, -27.522500452069096 ], [ 153.09156917044524, -27.522247722056129 ], [ 153.09227690039998, -27.522004472125438 ], [ 153.092475970366451, -27.522100312146232 ], [ 153.092577150336751, -27.522249002157587 ], [ 153.092626460332752, -27.522238642162463 ], [ 153.092654170331457, -27.522225412165142 ], [ 153.092670770332688, -27.522201572166637 ], [ 153.092784140308595, -27.52229543217879 ], [ 153.092978180202124, -27.522971422203646 ], [ 153.093120050110514, -27.523574412222708 ], [ 153.093249630088621, -27.523637572236236 ], [ 153.095929089749518, -27.524040452509126 ], [ 153.096015629738503, -27.524054282517945 ], [ 153.095778949603869, -27.525317942504103 ], [ 153.095696079556774, -27.525760392499254 ], [ 153.09561084956735, -27.525749092490589 ], [ 153.094434019716431, -27.525570902370724 ], [ 153.09433476972913, -27.525554972360606 ], [ 153.094218629743779, -27.525537952348799 ], [ 153.093600029822227, -27.525443522285777 ], [ 153.093698389868166, -27.52499743229215 ], [ 153.093699019868467, -27.524994552292195 ], [ 153.092914479967817, -27.524875812212294 ], [ 153.093006610019557, -27.524389382217727 ] ] ] ] } },
{ "type": "Feature", "properties": { "sa1_2021": "30303106309", "sa2_2021": "303031063", "sa2_2021_name": "Mount Gravatt", "sa1_2021_short": 3106309 }, "geometry": { "type": "MultiPolygon", "coordinates": [ [ [ [ 153.088199560635985, -27.523602331727723 ], [ 153.088303590651634, -27.523390471736516 ], [ 153.088875290653363, -27.522891501790102 ], [ 153.08871830078192, -27.522009501767343 ], [ 153.087919821067317, -27.520432871674529 ], [ 153.086177021288563, -27.520165381497048 ], [ 153.084216131537374, -27.519864721297367 ], [ 153.084115761550038, -27.519849901287159 ], [ 153.084180871578695, -27.519568421291478 ], [ 153.084220111606584, -27.519314451293418 ], [ 153.08457398179462, -27.517528481314908 ], [ 153.084707611861148, -27.516889531323308 ], [ 153.086494941785247, -27.5159714914959 ], [ 153.086700141771701, -27.515904441516017 ], [ 153.087808941675434, -27.515723461626159 ], [ 153.088014141651001, -27.515742441646957 ], [ 153.088571091571964, -27.515893451704198 ], [ 153.089236931440382, -27.516368031774956 ], [ 153.089953061298758, -27.516878451851053 ], [ 153.090189981267258, -27.516926481875277 ], [ 153.091072181167789, -27.516963071964351 ], [ 153.091551031113823, -27.516982922012705 ], [ 153.09153453110261, -27.51708539201185 ], [ 153.091219940916119, -27.518825391993936 ], [ 153.091722720852971, -27.51889767204511 ], [ 153.091398710660911, -27.520689232026658 ], [ 153.091350530632383, -27.520955522023907 ], [ 153.092355010505429, -27.521105272126192 ], [ 153.092319020505357, -27.521136502122808 ], [ 153.09228011041472, -27.521885312124809 ], [ 153.092596930361367, -27.522037772157901 ], [ 153.092580400359623, -27.522065572156464 ], [ 153.092652380347488, -27.522100312163985 ], [ 153.092671800336149, -27.522173482166515 ], [ 153.092670770332688, -27.522201572166637 ], [ 153.092654170331457, -27.522225412165142 ], [ 153.092626460332752, -27.522238642162463 ], [ 153.092577150336751, -27.522249002157587 ], [ 153.092475970366451, -27.522100312146232 ], [ 153.09227690039998, -27.522004472125438 ], [ 153.09156917044524, -27.522247722056129 ], [ 153.091678230401527, -27.522500452069096 ], [ 153.091602640406393, -27.522526372061698 ], [ 153.091493540450102, -27.522273662048718 ], [ 153.091143980472481, -27.522393802014488 ], [ 153.091133540436374, -27.522687652015769 ], [ 153.09102879044309, -27.522723562005496 ], [ 153.09089381044987, -27.522784571992389 ], [ 153.090775730451924, -27.522868551981183 ], [ 153.090678500449286, -27.522972151972215 ], [ 153.090607250441906, -27.523090931965985 ], [ 153.090563660430234, -27.523220181962611 ], [ 153.090554320425525, -27.523265281962036 ], [ 153.090180270475429, -27.52318850192378 ], [ 153.090035180463559, -27.523405671910893 ], [ 153.089914920411871, -27.523915941902818 ], [ 153.089706500378043, -27.524359941885358 ], [ 153.08973242039329, -27.524217661886837 ], [ 153.088174700590201, -27.523985091728242 ], [ 153.088059880603765, -27.523975461716624 ], [ 153.088235260609281, -27.523783041732749 ], [ 153.088127910629368, -27.523715461721412 ], [ 153.088135100637317, -27.523646691721584 ], [ 153.088199560635985, -27.523602331727723 ] ] ] ] } },
{ "type": "Feature", "properties": { "sa1_2021": "30303106335", "sa2_2021": "303031063", "sa2_2021_name": "Mount Gravatt", "sa1_2021_short": 3106335 }, "geometry": { "type": "MultiPolygon", "coordinates": [ [ [ [ 153.094534100358175, -27.520418482340094 ], [ 153.094471100321897, -27.520758422336439 ], [ 153.094428980299455, -27.520971442333877 ], [ 153.094405950259357, -27.521307402334223 ], [ 153.094364890244464, -27.521460422331291 ], [ 153.094308020234706, -27.521585422326552 ], [ 153.094180930233136, -27.521705492314716 ], [ 153.094047010243628, -27.521736442301478 ], [ 153.093699970284831, -27.521705492266307 ], [ 153.092711070409507, -27.521560482165626 ], [ 153.092711070365851, -27.521905452168344 ], [ 153.092784140308595, -27.52229543217879 ], [ 153.092670770332688, -27.522201572166637 ], [ 153.092671800336149, -27.522173482166515 ], [ 153.092652380347488, -27.522100312163985 ], [ 153.092580400359623, -27.522065572156464 ], [ 153.092596930361367, -27.522037772157901 ], [ 153.09228011041472, -27.521885312124809 ], [ 153.092319020505357, -27.521136502122808 ], [ 153.092355010505429, -27.521105272126192 ], [ 153.09239031052644, -27.520909532128197 ], [ 153.092190510551546, -27.520880812107858 ], [ 153.09214948056939, -27.520774442102898 ], [ 153.092181640588564, -27.520596172104714 ], [ 153.092217850602111, -27.520458252107275 ], [ 153.092466990607704, -27.52020257213033 ], [ 153.092517040601393, -27.520209762135423 ], [ 153.092539700614765, -27.520085292136706 ], [ 153.093496590587364, -27.519489132228323 ], [ 153.093569660567795, -27.519582022236406 ], [ 153.093647440565718, -27.519532352243843 ], [ 153.093671170562686, -27.519535842246263 ], [ 153.093703580581803, -27.519357562248114 ], [ 153.094276370561005, -27.519035362303217 ], [ 153.094403430580996, -27.518769852313913 ], [ 153.09453662057291, -27.518720622326935 ], [ 153.094765580516906, -27.518968492351931 ], [ 153.094818620517458, -27.518919302356885 ], [ 153.094770980490324, -27.519173692354098 ], [ 153.096860940226975, -27.519479492566887 ], [ 153.096645150100727, -27.520659412554494 ], [ 153.096501160117242, -27.520651492539933 ], [ 153.096157000154875, -27.520646452505243 ], [ 153.095921170182379, -27.520629442481383 ], [ 153.094534100358175, -27.520418482340094 ] ] ] ] } },
{ "type": "Feature", "properties": { "sa1_2021": "30303106337", "sa2_2021": "303031063", "sa2_2021_name": "Mount Gravatt", "sa1_2021_short": 3106337 }, "geometry": { "type": "MultiPolygon", "coordinates": [ [ [ [ 153.093603500882438, -27.517067962219954 ], [ 153.094102520826254, -27.517088652270328 ], [ 153.094218010813165, -27.517093442282 ], [ 153.09445993078225, -27.517132492306661 ], [ 153.094626990758314, -27.517179462323842 ], [ 153.094912860711645, -27.517305432353627 ], [ 153.095011120695688, -27.517348502363845 ], [ 153.095478030622075, -27.517533442412304 ], [ 153.095721040586938, -27.517604442437335 ], [ 153.095854960571302, -27.517614432450884 ], [ 153.096141160543596, -27.517590402479506 ], [ 153.096700920491855, -27.517523452535322 ], [ 153.09701811046196, -27.517490432566994 ], [ 153.09712107045155, -27.517485472577334 ], [ 153.097201010442348, -27.517490432585404 ], [ 153.096870870232891, -27.519424442567459 ], [ 153.096860940226975, -27.519479492566887 ], [ 153.094770980490324, -27.519173692354098 ], [ 153.094818620517458, -27.518919302356885 ], [ 153.094765580516906, -27.518968492351931 ], [ 153.09453662057291, -27.518720622326935 ], [ 153.094403430580996, -27.518769852313913 ], [ 153.094276370561005, -27.519035362303217 ], [ 153.093703580581803, -27.519357562248114 ], [ 153.093671170562686, -27.519535842246263 ], [ 153.093647440565718, -27.519532352243843 ], [ 153.093569660567795, -27.519582022236406 ], [ 153.093496590587364, -27.519489132228323 ], [ 153.092539700614765, -27.520085292136706 ], [ 153.092517040601393, -27.520209762135423 ], [ 153.092466990607704, -27.52020257213033 ], [ 153.092217850602111, -27.520458252107275 ], [ 153.092181640588564, -27.520596172104714 ], [ 153.09214948056939, -27.520774442102898 ], [ 153.092190510551546, -27.520880812107858 ], [ 153.09239031052644, -27.520909532128197 ], [ 153.092355010505429, -27.521105272126192 ], [ 153.091350530632383, -27.520955522023907 ], [ 153.091398710660911, -27.520689232026658 ], [ 153.091722720852971, -27.51889767204511 ], [ 153.091219940916119, -27.518825391993936 ], [ 153.09153453110261, -27.51708539201185 ], [ 153.091551031113823, -27.516982922012705 ], [ 153.093001360950353, -27.517043012159149 ], [ 153.093603500882438, -27.517067962219954 ] ] ] ] } },
{ "type": "Feature", "properties": { "sa1_2021": "30501110701", "sa2_2021": "305011107", "sa2_2021_name": "Highgate Hill", "sa1_2021_short": 3110701 }, "geometry": { "type": "MultiPolygon", "coordinates": [ [ [ [ 153.012282023217068, -27.488605443822909 ], [ 153.012700013176811, -27.488568443864555 ], [ 153.013198973128794, -27.488524453914273 ], [ 153.013485173249677, -27.487322413933498 ], [ 153.013944153194586, -27.487368403979907 ], [ 153.014399203140158, -27.487412424025912 ], [ 153.014986013090152, -27.487309454083977 ], [ 153.01541901305464, -27.48722244412674 ], [ 153.015236222949483, -27.488211434116202 ], [ 153.015123142885301, -27.488816424109654 ], [ 153.014896002759031, -27.490010454096296 ], [ 153.014805152687671, -27.490653214092259 ], [ 153.01468518270724, -27.490600214079798 ], [ 153.014667152710558, -27.490589224077901 ], [ 153.014622142716036, -27.490584204073354 ], [ 153.014577172721999, -27.490575214068759 ], [ 153.014524142730124, -27.49055621406329 ], [ 153.014492132736081, -27.490536214059919 ], [ 153.014444132744643, -27.490509214054896 ], [ 153.014409162751434, -27.490485214051205 ], [ 153.014358172760438, -27.490457224045862 ], [ 153.014320142770572, -27.490409214041659 ], [ 153.01428915277657, -27.490388224038387 ], [ 153.01417115279213, -27.490365224026359 ], [ 153.01411716280046, -27.490345204020791 ], [ 153.014039162814356, -27.490301214012618 ], [ 153.013812132851996, -27.490196203989004 ], [ 153.01375417286124, -27.490172213983008 ], [ 153.013581162886766, -27.49011721396521 ], [ 153.013491152899121, -27.490096213956015 ], [ 153.01343815290673, -27.490081213950578 ], [ 153.013397162913378, -27.490063213946318 ], [ 153.013304122930549, -27.490006213936535 ], [ 153.013260142937895, -27.489985213931952 ], [ 153.013220142943993, -27.489971213927827 ], [ 153.013123162957072, -27.489950213917933 ], [ 153.013069172963014, -27.48994921391251 ], [ 153.013040162964813, -27.489959223909683 ], [ 153.012911172967307, -27.490049223897447 ], [ 153.012824192973767, -27.490072233888903 ], [ 153.01264318298891, -27.490106243871004 ], [ 153.012588182993028, -27.490120223865599 ], [ 153.0124611930014, -27.490162243853185 ], [ 153.012405203005414, -27.4901782238477 ], [ 153.012351183009059, -27.490195223842409 ], [ 153.012301223013168, -27.490205233837486 ], [ 153.012269203016587, -27.490205233834271 ], [ 153.012208183024029, -27.490198243828097 ], [ 153.012036193046924, -27.490163243810557 ], [ 153.011909203065244, -27.49012624379753 ], [ 153.011879173069104, -27.490121223794475 ], [ 153.011797193079559, -27.49010824378615 ], [ 153.011736163086852, -27.490102223779971 ], [ 153.011672173092848, -27.490109243773617 ], [ 153.011555193106261, -27.490102223761813 ], [ 153.011501213113348, -27.490092233756314 ], [ 153.011423173121727, -27.490092233748481 ], [ 153.011340173131032, -27.490089243740137 ], [ 153.011274183138624, -27.490085223733487 ], [ 153.011221183144585, -27.490083223728156 ], [ 153.011097193157894, -27.490083223715711 ], [ 153.01105018316207, -27.490090243711059 ], [ 153.011000173164803, -27.490111233706202 ], [ 153.010958203167291, -27.490127243702123 ], [ 153.010857243179515, -27.490116233691911 ], [ 153.010808223184739, -27.49011623368699 ], [ 153.010713253196485, -27.490104223677367 ], [ 153.010690213199098, -27.490103223675042 ], [ 153.010664193201364, -27.490107243672469 ], [ 153.010653243202796, -27.490105243671358 ], [ 153.01062222321309, -27.49005024366781 ], [ 153.010584223220434, -27.490024233663785 ], [ 153.010567213223169, -27.490017233662019 ], [ 153.010548193226811, -27.490004233660009 ], [ 153.010510233232566, -27.489991243656103 ], [ 153.01046924323748, -27.489987253651957 ], [ 153.010394243244747, -27.489993243644484 ], [ 153.010450013300527, -27.489503473646209 ], [ 153.010628163400014, -27.488563253656658 ], [ 153.011166033330454, -27.488656453711361 ], [ 153.011561033286057, -27.488672433751105 ], [ 153.011862373257202, -27.488644423781114 ], [ 153.012282023217068, -27.488605443822909 ] ] ] ] } },
{ "type": "Feature", "properties": { "sa1_2021": "30501110702", "sa2_2021": "305011107", "sa2_2021_name": "Highgate Hill", "sa1_2021_short": 3110702 }, "geometry": { "type": "MultiPolygon", "coordinates": [ [ [ [ 153.018093872491733, -27.489406464412411 ], [ 153.018638202422807, -27.489489434467696 ], [ 153.018700432335692, -27.49012672447898 ], [ 153.018710942320951, -27.490234444480883 ], [ 153.018746932298683, -27.490380434485658 ], [ 153.018782192279616, -27.490501474490145 ], [ 153.018807052271455, -27.490545024492992 ], [ 153.018840042260678, -27.490602454496752 ], [ 153.018947022237086, -27.490698444508244 ], [ 153.019224062181422, -27.490903444537668 ], [ 153.018665032182327, -27.491372434485278 ], [ 153.01818702218344, -27.491770444440451 ], [ 153.018137822181558, -27.491827274435959 ], [ 153.017567432180329, -27.492322564382633 ], [ 153.017561122179529, -27.492334174382098 ], [ 153.017490132192705, -27.492290184374621 ], [ 153.017382122210876, -27.492238184363373 ], [ 153.017321132221326, -27.492207174357013 ], [ 153.01729412222636, -27.492190174354164 ], [ 153.017275112231317, -27.492167174352069 ], [ 153.017157142253097, -27.492095174339671 ], [ 153.01709210226565, -27.492051184332787 ], [ 153.01700012228838, -27.491949194322753 ], [ 153.016869122313665, -27.491860194308899 ], [ 153.016835142322236, -27.491821194305192 ], [ 153.016794112334708, -27.491757204300569 ], [ 153.016733122346807, -27.491713194294093 ], [ 153.016692092354674, -27.491686194289773 ], [ 153.016653152361584, -27.491664204285684 ], [ 153.016626142367016, -27.491644204282817 ], [ 153.016586132376261, -27.491605204278496 ], [ 153.016553142382065, -27.491587204275039 ], [ 153.016519122389127, -27.491560194271415 ], [ 153.016409142407383, -27.491509194259972 ], [ 153.016376112413724, -27.491487194256475 ], [ 153.016330122426353, -27.491426194251396 ], [ 153.016306142432342, -27.491399184248767 ], [ 153.016211132448717, -27.491350204238849 ], [ 153.016184122452756, -27.491341194236064 ], [ 153.016147112457617, -27.491334194232298 ], [ 153.016096122466109, -27.491310204226991 ], [ 153.016006112484121, -27.491244194217437 ], [ 153.01594914249489, -27.49120719421143 ], [ 153.015931102498229, -27.491196184209528 ], [ 153.015845152512782, -27.491154194200579 ], [ 153.015765142528068, -27.491101194192122 ], [ 153.015725132536772, -27.491066184187837 ], [ 153.015680092545892, -27.491032204183046 ], [ 153.015616112560707, -27.490969194176127 ], [ 153.015602132563345, -27.490960204174662 ], [ 153.015557122572602, -27.490925204169862 ], [ 153.01551413258025, -27.490901204165365 ], [ 153.015446132591194, -27.49087219415831 ], [ 153.015366122603837, -27.490840194150021 ], [ 153.015250122620358, -27.490808204138137 ], [ 153.015221142624853, -27.490797194135137 ], [ 153.015176102632068, -27.490778194130463 ], [ 153.01512518263894, -27.490767194125272 ], [ 153.015030172653553, -27.490732204115456 ], [ 153.014920132669033, -27.49070321410419 ], [ 153.014805152687671, -27.490653214092259 ], [ 153.014896002759031, -27.490010454096296 ], [ 153.015866942629742, -27.490208434195281 ], [ 153.016015022693466, -27.489577434205152 ], [ 153.016161022736583, -27.489111444216125 ], [ 153.017088042619207, -27.489252464310269 ], [ 153.017259892597423, -27.489278774327712 ], [ 153.018093872491733, -27.489406464412411 ] ] ] ] } },
{ "type": "Feature", "properties": { "sa1_2021": "30501110703", "sa2_2021": "305011107", "sa2_2021_name": "Highgate Hill", "sa1_2021_short": 3110703 }, "geometry": { "type": "MultiPolygon", "coordinates": [ [ [ [ 153.013117983493089, -27.485705483883866 ], [ 153.013134513502223, -27.485618923884843 ], [ 153.013310923599818, -27.484695393895237 ], [ 153.013371253592311, -27.484703393901359 ], [ 153.014232143485486, -27.484817443988632 ], [ 153.014535963446548, -27.484867484019514 ], [ 153.015333093324102, -27.485159394101817 ], [ 153.015923073233495, -27.485375444162727 ], [ 153.01612214321139, -27.485381474182741 ], [ 153.015996153180879, -27.485730404172859 ], [ 153.015974173170974, -27.485827434171416 ], [ 153.016055173121913, -27.486147464182078 ], [ 153.016220072991786, -27.487038464205668 ], [ 153.016077183004825, -27.487056464191479 ], [ 153.015831973023239, -27.487119474167372 ], [ 153.01541901305464, -27.48722244412674 ], [ 153.014986013090152, -27.487309454083977 ], [ 153.014399203140158, -27.487412424025912 ], [ 153.013944153194586, -27.487368403979907 ], [ 153.013485173249677, -27.487322413933498 ], [ 153.012805103329669, -27.487267413864817 ], [ 153.012881493369576, -27.486886053869476 ], [ 153.013117983493089, -27.485705483883866 ] ] ] ] } },
{ "type": "Feature", "properties": { "sa1_2021": "30501110704", "sa2_2021": "305011107", "sa2_2021_name": "Highgate Hill", "sa1_2021_short": 3110704 }, "geometry": { "type": "MultiPolygon", "coordinates": [ [ [ [ 153.012540003856031, -27.483320443807028 ], [ 153.012637123843746, -27.48333526381689 ], [ 153.013603393721667, -27.483480413914982 ], [ 153.01364212371675, -27.483486243918914 ], [ 153.014078873661532, -27.48355254396326 ], [ 153.015342403501649, -27.483744224091556 ], [ 153.015739003451444, -27.483804444131831 ], [ 153.01632603339965, -27.483715434190032 ], [ 153.016397033352035, -27.48403245419966 ], [ 153.016451013299786, -27.484400454207993 ], [ 153.016444043283883, -27.484532454208338 ], [ 153.016398053272212, -27.484664444204764 ], [ 153.016324103253908, -27.484872424198986 ], [ 153.01612214321139, -27.485381474182741 ], [ 153.015923073233495, -27.485375444162727 ], [ 153.015333093324102, -27.485159394101817 ], [ 153.014535963446548, -27.484867484019514 ], [ 153.014232143485486, -27.484817443988632 ], [ 153.013371253592311, -27.484703393901359 ], [ 153.013310923599818, -27.484695393895237 ], [ 153.012612673685453, -27.484611023824517 ], [ 153.012374293718153, -27.484554283800151 ], [ 153.012120723752503, -27.484498043774273 ], [ 153.01193158377643, -27.484469453755064 ], [ 153.011520483827979, -27.484410813713353 ], [ 153.011409053843238, -27.48438445370196 ], [ 153.011439163864395, -27.484191253703461 ], [ 153.011528153910319, -27.483751253708903 ], [ 153.011570163942793, -27.483458243710821 ], [ 153.0116351339706, -27.483182413715149 ], [ 153.012540003856031, -27.483320443807028 ] ] ] ] } },
{ "type": "Feature", "properties": { "sa1_2021": "30501110705", "sa2_2021": "305011107", "sa2_2021_name": "Highgate Hill", "sa1_2021_short": 3110705 }, "geometry": { "type": "MultiPolygon", "coordinates": [ [ [ [ 153.014566883888932, -27.481334443994697 ], [ 153.015560923764525, -27.481474494095551 ], [ 153.016676913622604, -27.481649444208916 ], [ 153.016432103560589, -27.482349474189892 ], [ 153.016200473498429, -27.4830394041721 ], [ 153.016183033493718, -27.483091444170757 ], [ 153.01632603339965, -27.483715434190032 ], [ 153.015739003451444, -27.483804444131831 ], [ 153.015342403501649, -27.483744224091556 ], [ 153.014078873661532, -27.48355254396326 ], [ 153.01364212371675, -27.483486243918914 ], [ 153.013878093848007, -27.482245243932788 ], [ 153.014040073954874, -27.481260223941245 ], [ 153.014566883888932, -27.481334443994697 ] ] ] ] } },
{ "type": "Feature", "properties": { "sa1_2021": "30501110706", "sa2_2021": "305011107", "sa2_2021_name": "Highgate Hill", "sa1_2021_short": 3110706 }, "geometry": { "type": "MultiPolygon", "coordinates": [ [ [ [ 153.016183033493718, -27.483091444170757 ], [ 153.016200473498429, -27.4830394041721 ], [ 153.016432103560589, -27.482349474189892 ], [ 153.016676913622604, -27.481649444208916 ], [ 153.017046033575809, -27.481706224246409 ], [ 153.018679013368569, -27.481959194412291 ], [ 153.018837053349074, -27.481979194428295 ], [ 153.01893987331303, -27.482177474440196 ], [ 153.019348123208772, -27.482656454484935 ], [ 153.019628923131535, -27.483029414516057 ], [ 153.019675023001327, -27.484022204528546 ], [ 153.019700902934801, -27.484527454535133 ], [ 153.018068033141162, -27.484281444369319 ], [ 153.017370993231651, -27.484157474298392 ], [ 153.016397033352035, -27.48403245419966 ], [ 153.01632603339965, -27.483715434190032 ], [ 153.016183033493718, -27.483091444170757 ] ] ] ] } },
{ "type": "Feature", "properties": { "sa1_2021": "30501110707", "sa2_2021": "305011107", "sa2_2021_name": "Highgate Hill", "sa1_2021_short": 3110707 }, "geometry": { "type": "MultiPolygon", "coordinates": [ [ [ [ 153.016801042920576, -27.487108444264514 ], [ 153.016746042927338, -27.487101474258946 ], [ 153.016469922962699, -27.487056464230886 ], [ 153.016220072991786, -27.487038464205668 ], [ 153.016055173121913, -27.486147464182078 ], [ 153.015974173170974, -27.485827434171416 ], [ 153.015996153180879, -27.485730404172859 ], [ 153.01612214321139, -27.485381474182741 ], [ 153.016324103253908, -27.484872424198986 ], [ 153.016398053272212, -27.484664444204764 ], [ 153.016444043283883, -27.484532454208338 ], [ 153.016451013299786, -27.484400454207993 ], [ 153.016397033352035, -27.48403245419966 ], [ 153.017370993231651, -27.484157474298392 ], [ 153.018068033141162, -27.484281444369319 ], [ 153.019700902934801, -27.484527454535133 ], [ 153.019725022885268, -27.484899434540498 ], [ 153.019713162867077, -27.485053434540529 ], [ 153.019575992790749, -27.485775414532466 ], [ 153.019561072781499, -27.485861324531648 ], [ 153.019450832713261, -27.486495894525593 ], [ 153.019421202694929, -27.486666404523969 ], [ 153.019362142662033, -27.486977444520502 ], [ 153.019276112643269, -27.48719946451363 ], [ 153.019105112623095, -27.48750447449887 ], [ 153.018975902615438, -27.487675494487259 ], [ 153.018760952647341, -27.48760546446513 ], [ 153.018531982690348, -27.487459484441001 ], [ 153.018273862737288, -27.487307474413885 ], [ 153.01807146276866, -27.487230994392977 ], [ 153.017988062781598, -27.487199464384354 ], [ 153.017795082804696, -27.487180484364846 ], [ 153.017718032812581, -27.487183444357132 ], [ 153.017282882862048, -27.487161944313296 ], [ 153.017121882881071, -27.487148444297031 ], [ 153.016801042920576, -27.487108444264514 ] ] ] ] } },
{ "type": "Feature", "properties": { "sa1_2021": "30501110708", "sa2_2021": "305011107", "sa2_2021_name": "Highgate Hill", "sa1_2021_short": 3110708 }, "geometry": { "type": "MultiPolygon", "coordinates": [ [ [ [ 153.019575992790749, -27.485775414532466 ], [ 153.019713162867077, -27.485053434540529 ], [ 153.019725022885268, -27.484899434540498 ], [ 153.021798002624962, -27.485198174750909 ], [ 153.022795952499621, -27.485342154852219 ], [ 153.023351962431093, -27.485412164908571 ], [ 153.023215012350221, -27.486169444900817 ], [ 153.023738022211774, -27.486821434958461 ], [ 153.023900332156813, -27.487118774977109 ], [ 153.023939932105577, -27.48749113498403 ], [ 153.02435297193361, -27.488502145033479 ], [ 153.02386599199528, -27.48842814498401 ], [ 153.023193982080386, -27.488325474915744 ], [ 153.022272032197833, -27.488179484822059 ], [ 153.022134862214699, -27.488162464808152 ], [ 153.021203202333055, -27.488017484713502 ], [ 153.020195912460821, -27.487862414611183 ], [ 153.018975902615438, -27.487675494487259 ], [ 153.019105112623095, -27.48750447449887 ], [ 153.019276112643269, -27.48719946451363 ], [ 153.019362142662033, -27.486977444520502 ], [ 153.019421202694929, -27.486666404523969 ], [ 153.019450832713261, -27.486495894525593 ], [ 153.019561072781499, -27.485861324531648 ], [ 153.019575992790749, -27.485775414532466 ] ] ] ] } },
{ "type": "Feature", "properties": { "sa1_2021": "30501110709", "sa2_2021": "305011107", "sa2_2021_name": "Highgate Hill", "sa1_2021_short": 3110709 }, "geometry": { "type": "MultiPolygon", "coordinates": [ [ [ [ 153.016077183004825, -27.487056464191479 ], [ 153.016220072991786, -27.487038464205668 ], [ 153.016469922962699, -27.487056464230886 ], [ 153.016746042927338, -27.487101474258946 ], [ 153.016801042920576, -27.487108444264514 ], [ 153.017121882881071, -27.487148444297031 ], [ 153.017282882862048, -27.487161944313296 ], [ 153.017718032812581, -27.487183444357132 ], [ 153.017795082804696, -27.487180484364846 ], [ 153.017988062781598, -27.487199464384354 ], [ 153.01807146276866, -27.487230994392977 ], [ 153.018273862737288, -27.487307474413885 ], [ 153.018531982690348, -27.487459484441001 ], [ 153.018760952647341, -27.48760546446513 ], [ 153.018975902615438, -27.487675494487259 ], [ 153.018768142596855, -27.487999484468972 ], [ 153.01868105257995, -27.488207474461877 ], [ 153.018649082565133, -27.488352074459815 ], [ 153.018579142532758, -27.488668464455287 ], [ 153.018638202422807, -27.489489434467696 ], [ 153.018093872491733, -27.489406464412411 ], [ 153.017259892597423, -27.489278774327712 ], [ 153.017088042619207, -27.489252464310269 ], [ 153.016161022736583, -27.489111444216125 ], [ 153.016015022693466, -27.489577434205152 ], [ 153.015866942629742, -27.490208434195281 ], [ 153.014896002759031, -27.490010454096296 ], [ 153.015123142885301, -27.488816424109654 ], [ 153.015236222949483, -27.488211434116202 ], [ 153.01541901305464, -27.48722244412674 ], [ 153.015831973023239, -27.487119474167372 ], [ 153.016077183004825, -27.487056464191479 ] ] ] ] } },
{ "type": "Feature", "properties": { "sa1_2021": "30501110710", "sa2_2021": "305011107", "sa2_2021_name": "Highgate Hill", "sa1_2021_short": 3110710 }, "geometry": { "type": "MultiPolygon", "coordinates": [ [ [ [ 153.02080396219128, -27.489480444684983 ], [ 153.021203202333055, -27.488017484713502 ], [ 153.022134862214699, -27.488162464808152 ], [ 153.022272032197833, -27.488179484822059 ], [ 153.023193982080386, -27.488325474915744 ], [ 153.02386599199528, -27.48842814498401 ], [ 153.024095421932259, -27.488732025009444 ], [ 153.024384981853075, -27.489113165041513 ], [ 153.02392800161337, -27.491401165013734 ], [ 153.022925051740799, -27.491245154911827 ], [ 153.021147031966564, -27.490969494731189 ], [ 153.02061661201634, -27.491026614678407 ], [ 153.020506962026616, -27.49103842466749 ], [ 153.020656472109494, -27.490254164676298 ], [ 153.02080396219128, -27.489480444684983 ] ] ] ] } },
{ "type": "Feature", "properties": { "sa1_2021": "30501110711", "sa2_2021": "305011107", "sa2_2021_name": "Highgate Hill", "sa1_2021_short": 3110711 }, "geometry": { "type": "MultiPolygon", "coordinates": [ [ [ [ 153.018579142532758, -27.488668464455287 ], [ 153.018649082565133, -27.488352074459815 ], [ 153.01868105257995, -27.488207474461877 ], [ 153.018768142596855, -27.487999484468972 ], [ 153.018975902615438, -27.487675494487259 ], [ 153.020195912460821, -27.487862414611183 ], [ 153.021203202333055, -27.488017484713502 ], [ 153.02080396219128, -27.489480444684983 ], [ 153.020656472109494, -27.490254164676298 ], [ 153.020506962026616, -27.49103842466749 ], [ 153.019985052022093, -27.491518444618919 ], [ 153.019224062181422, -27.490903444537668 ], [ 153.018947022237086, -27.490698444508244 ], [ 153.018840042260678, -27.490602454496752 ], [ 153.018807052271455, -27.490545024492992 ], [ 153.018782192279616, -27.490501474490145 ], [ 153.018746932298683, -27.490380434485658 ], [ 153.018710942320951, -27.490234444480883 ], [ 153.018700432335692, -27.49012672447898 ], [ 153.018638202422807, -27.489489434467696 ], [ 153.018579142532758, -27.488668464455287 ] ] ] ] } },
{ "type": "Feature", "properties": { "sa1_2021": "30501110712", "sa2_2021": "305011107", "sa2_2021_name": "Highgate Hill", "sa1_2021_short": 3110712 }, "geometry": { "type": "MultiPolygon", "coordinates": [ [ [ [ 153.022524321530227, -27.493254494887488 ], [ 153.022418181474478, -27.493786484881042 ], [ 153.022254041511303, -27.493634454863361 ], [ 153.021840051603021, -27.493260164818846 ], [ 153.020427611920468, -27.491947154666711 ], [ 153.020360051935626, -27.491884444659426 ], [ 153.019985052022093, -27.491518444618919 ], [ 153.020506962026616, -27.49103842466749 ], [ 153.02061661201634, -27.491026614678407 ], [ 153.021147031966564, -27.490969494731189 ], [ 153.022925051740799, -27.491245154911827 ], [ 153.022586041562647, -27.492945164891239 ], [ 153.022524321530227, -27.493254494887488 ] ] ] ] } },
{ "type": "Feature", "properties": { "sa1_2021": "30501110713", "sa2_2021": "305011107", "sa2_2021_name": "Highgate Hill", "sa1_2021_short": 3110713 }, "geometry": { "type": "MultiPolygon", "coordinates": [ [ [ [ 153.01818702218344, -27.491770444440451 ], [ 153.018665032182327, -27.491372434485278 ], [ 153.019224062181422, -27.490903444537668 ], [ 153.019985052022093, -27.491518444618919 ], [ 153.020360051935626, -27.491884444659426 ], [ 153.020427611920468, -27.491947154666711 ], [ 153.021840051603021, -27.493260164818846 ], [ 153.021302191604974, -27.493702424768365 ], [ 153.020862071701373, -27.493313184721107 ], [ 153.020411921799706, -27.492917444672802 ], [ 153.019971981799358, -27.493294454631631 ], [ 153.019566101798063, -27.493650174593707 ], [ 153.019533111805146, -27.493622184590183 ], [ 153.019460071822209, -27.493549184582264 ], [ 153.01942109182778, -27.493538174578269 ], [ 153.019408091832105, -27.493515184576786 ], [ 153.019369111840433, -27.493482174572609 ], [ 153.019245081862977, -27.493409174559577 ], [ 153.019225121867294, -27.493392174557449 ], [ 153.019186101874254, -27.493370174553352 ], [ 153.019167081876901, -27.493365184551415 ], [ 153.019121091884642, -27.493343184546625 ], [ 153.019089121890971, -27.493320174543232 ], [ 153.019043091901437, -27.493276194538272 ], [ 153.01897710191497, -27.493225194531238 ], [ 153.01886008193523, -27.493164204519008 ], [ 153.018805111945568, -27.493129194513216 ], [ 153.018742081958521, -27.493080194506508 ], [ 153.018696091966262, -27.493058194501725 ], [ 153.018606081985013, -27.492986194492111 ], [ 153.018572061992927, -27.492952194488424 ], [ 153.018546111997892, -27.492935184485699 ], [ 153.018468072014713, -27.492868204477325 ], [ 153.01842208202396, -27.492834194472444 ], [ 153.018376092030906, -27.492818194467706 ], [ 153.018337112038608, -27.492790184463573 ], [ 153.018259072052672, -27.492745174455383 ], [ 153.018207102062433, -27.492712174449899 ], [ 153.018135082075077, -27.492673174442373 ], [ 153.018077082083352, -27.492657174436424 ], [ 153.018005112097399, -27.492607184428813 ], [ 153.017979082101562, -27.492596174426101 ], [ 153.017914112113488, -27.492557174419282 ], [ 153.017856112121706, -27.49254117441334 ], [ 153.017836112125252, -27.492530184411244 ], [ 153.017778112134266, -27.492508174405245 ], [ 153.017758112139319, -27.492485174403061 ], [ 153.017653142159702, -27.492413174391952 ], [ 153.017633142164755, -27.492390174389758 ], [ 153.017561122179529, -27.492334174382098 ], [ 153.017567432180329, -27.492322564382633 ], [ 153.018137822181558, -27.491827274435959 ], [ 153.01818702218344, -27.491770444440451 ] ] ] ] } },
{ "type": "Feature", "properties": { "sa1_2021": "30501110714", "sa2_2021": "305011107", "sa2_2021_name": "Highgate Hill", "sa1_2021_short": 3110714 }, "geometry": { "type": "MultiPolygon", "coordinates": [ [ [ [ 153.013134513502223, -27.485618923884843 ], [ 153.013117983493089, -27.485705483883866 ], [ 153.012881493369576, -27.486886053869476 ], [ 153.012805103329669, -27.487267413864817 ], [ 153.012235953398886, -27.487203423807205 ], [ 153.012161823409315, -27.487183763799621 ], [ 153.012182343417834, -27.487098773801009 ], [ 153.012311953489757, -27.486418133808638 ], [ 153.011800003554185, -27.486343303756669 ], [ 153.011165043634207, -27.48624943369223 ], [ 153.011062083647317, -27.486233373681777 ], [ 153.011111133674348, -27.485977243684662 ], [ 153.011223153737603, -27.48538025369119 ], [ 153.011280133769873, -27.485076253694498 ], [ 153.011409053843238, -27.48438445370196 ], [ 153.011520483827979, -27.484410813713353 ], [ 153.01193158377643, -27.484469453755064 ], [ 153.012120723752503, -27.484498043774273 ], [ 153.012374293718153, -27.484554283800151 ], [ 153.012612673685453, -27.484611023824517 ], [ 153.013310923599818, -27.484695393895237 ], [ 153.013134513502223, -27.485618923884843 ] ] ] ] } },
{ "type": "Feature", "properties": { "sa1_2021": "30501110715", "sa2_2021": "305011107", "sa2_2021_name": "Highgate Hill", "sa1_2021_short": 3110715 }, "geometry": { "type": "MultiPolygon", "coordinates": [ [ [ [ 153.010710253447542, -27.488116733661354 ], [ 153.010902213562304, -27.487043253672127 ], [ 153.010936443581016, -27.486865913674166 ], [ 153.011024193626412, -27.48643125367953 ], [ 153.011062083647317, -27.486233373681777 ], [ 153.011165043634207, -27.48624943369223 ], [ 153.011800003554185, -27.486343303756669 ], [ 153.012311953489757, -27.486418133808638 ], [ 153.012182343417834, -27.487098773801009 ], [ 153.012161823409315, -27.487183763799621 ], [ 153.012235953398886, -27.487203423807205 ], [ 153.012805103329669, -27.487267413864817 ], [ 153.013485173249677, -27.487322413933498 ], [ 153.013198973128794, -27.488524453914273 ], [ 153.012700013176811, -27.488568443864555 ], [ 153.012282023217068, -27.488605443822909 ], [ 153.011862373257202, -27.488644423781114 ], [ 153.011561033286057, -27.488672433751105 ], [ 153.011166033330454, -27.488656453711361 ], [ 153.010628163400014, -27.488563253656658 ], [ 153.010710253447542, -27.488116733661354 ] ] ] ] } },
{ "type": "Feature", "properties": { "sa1_2021": "30501110801", "sa2_2021": "305011108", "sa2_2021_name": "Kangaroo Point", "sa1_2021_short": 3110801 }, "geometry": { "type": "MultiPolygon", "coordinates": [ [ [ [ 153.033992843380616, -27.468838295845853 ], [ 153.033983713389063, -27.46877912584447 ], [ 153.033980723394563, -27.46873813584385 ], [ 153.033950723416609, -27.468589115839656 ], [ 153.033951703418779, -27.468571135839614 ], [ 153.033964733419509, -27.468554135840787 ], [ 153.033964733421669, -27.468537125840651 ], [ 153.033951703425203, -27.468520125839209 ], [ 153.033955683464711, -27.468204135837105 ], [ 153.033938713482513, -27.468077125834405 ], [ 153.033944733483281, -27.46806612583492 ], [ 153.033945723486056, -27.468043125834836 ], [ 153.033920713499725, -27.467956115831637 ], [ 153.033928713515479, -27.467824125831392 ], [ 153.033923713523251, -27.467767125830452 ], [ 153.033910713527547, -27.467744125828954 ], [ 153.033913713556245, -27.467514115827445 ], [ 153.033908703563498, -27.467461135826515 ], [ 153.033911703598989, -27.46717712582458 ], [ 153.033908633606757, -27.467118585823805 ], [ 153.034437883550964, -27.467110485876887 ], [ 153.035360203454928, -27.467087455969324 ], [ 153.035376923369256, -27.467751955976247 ], [ 153.035382873338648, -27.467989415978725 ], [ 153.035396523289165, -27.468369875983111 ], [ 153.035404113261649, -27.468581435985538 ], [ 153.035405903233823, -27.46880042598745 ], [ 153.035417073179104, -27.469224405991927 ], [ 153.035422183132169, -27.469591885995349 ], [ 153.035436163003737, -27.470597436004699 ], [ 153.035434002957771, -27.47096347600738 ], [ 153.035525072931961, -27.471090466017529 ], [ 153.035270192950094, -27.471163465992515 ], [ 153.034806862995907, -27.471194415946229 ], [ 153.034636153013821, -27.471197705929107 ], [ 153.034458323033419, -27.471193655911211 ], [ 153.034452993021631, -27.471291525911461 ], [ 153.034460552985905, -27.471568005914399 ], [ 153.034199033013266, -27.471573445888183 ], [ 153.034171033073847, -27.471117455881771 ], [ 153.03409704313458, -27.470699445871027 ], [ 153.034109023142491, -27.470626445871666 ], [ 153.034073033164532, -27.470482445866903 ], [ 153.034059053182034, -27.470355435864494 ], [ 153.034098033198802, -27.470189435867102 ], [ 153.034026023226858, -27.470028455858603 ], [ 153.033962723233941, -27.470026125852222 ], [ 153.033950753231835, -27.470053135851234 ], [ 153.033867723243787, -27.47002911584271 ], [ 153.033864763274636, -27.469787115840489 ], [ 153.033941743266894, -27.469783125848192 ], [ 153.033953753264058, -27.469795125849494 ], [ 153.033969043267945, -27.46975145585068 ], [ 153.033968023272593, -27.469715455850299 ], [ 153.03398970329502, -27.469519125850923 ], [ 153.033977733304312, -27.469456115849219 ], [ 153.033975033311492, -27.469401445848526 ], [ 153.034005723321485, -27.469296125850772 ], [ 153.033994043349452, -27.46908445584792 ], [ 153.033976053368548, -27.46894844584504 ], [ 153.033974043374343, -27.468904445844487 ], [ 153.033992843380616, -27.468838295845853 ] ] ] ] } },
{ "type": "Feature", "properties": { "sa1_2021": "30501110802", "sa2_2021": "305011108", "sa2_2021_name": "Kangaroo Point", "sa1_2021_short": 3110802 }, "geometry": { "type": "MultiPolygon", "coordinates": [ [ [ [ 153.03621974325165, -27.4679672960626 ], [ 153.036871303184313, -27.467946996127868 ], [ 153.03687203317827, -27.467994306128315 ], [ 153.037124903152176, -27.467985996153651 ], [ 153.03729215313524, -27.467978156170375 ], [ 153.037769023086696, -27.467957456218105 ], [ 153.038017032906566, -27.469173436252635 ], [ 153.037835192926735, -27.469168426234326 ], [ 153.037738942937182, -27.469167296224651 ], [ 153.037671012944315, -27.469168366217847 ], [ 153.037195022994013, -27.469179416170128 ], [ 153.036961353018171, -27.46918660614671 ], [ 153.036631283052543, -27.469194566113629 ], [ 153.036188353097941, -27.46921178606928 ], [ 153.035890033129334, -27.469216706039365 ], [ 153.035417073179104, -27.469224405991927 ], [ 153.035405903233823, -27.46880042598745 ], [ 153.035404113261649, -27.468581435985538 ], [ 153.035396523289165, -27.468369875983111 ], [ 153.035382873338648, -27.467989415978725 ], [ 153.03621974325165, -27.4679672960626 ] ] ] ] } },
{ "type": "Feature", "properties": { "sa1_2021": "30501110803", "sa2_2021": "305011108", "sa2_2021_name": "Kangaroo Point", "sa1_2021_short": 3110803 }, "geometry": { "type": "MultiPolygon", "coordinates": [ [ [ [ 153.035890033129334, -27.469216706039365 ], [ 153.036188353097941, -27.46921178606928 ], [ 153.036631283052543, -27.469194566113629 ], [ 153.036961353018171, -27.46918660614671 ], [ 153.037195022994013, -27.469179416170128 ], [ 153.037200642917952, -27.46977714617541 ], [ 153.03720480286006, -27.470232596179439 ], [ 153.037206552835954, -27.470421966181107 ], [ 153.037210022789935, -27.470783436184309 ], [ 153.035995012914384, -27.470830446062667 ], [ 153.035774622936771, -27.47084025604061 ], [ 153.035760132920501, -27.470981476040276 ], [ 153.035525072931961, -27.471090466017529 ], [ 153.035434002957771, -27.47096347600738 ], [ 153.035436163003737, -27.470597436004699 ], [ 153.035422183132169, -27.469591885995349 ], [ 153.035417073179104, -27.469224405991927 ], [ 153.035890033129334, -27.469216706039365 ] ] ] ] } },
{ "type": "Feature", "properties": { "sa1_2021": "30501110804", "sa2_2021": "305011108", "sa2_2021_name": "Kangaroo Point", "sa1_2021_short": 3110804 }, "geometry": { "type": "MultiPolygon", "coordinates": [ [ [ [ 153.03424002291726, -27.472299435898037 ], [ 153.034209032950486, -27.472062455893056 ], [ 153.034204032969711, -27.471914455891383 ], [ 153.034199033013266, -27.471573445888183 ], [ 153.034460552985905, -27.471568005914399 ], [ 153.034452993021631, -27.471291525911461 ], [ 153.034458323033419, -27.471193655911211 ], [ 153.034636153013821, -27.471197705929107 ], [ 153.034806862995907, -27.471194415946229 ], [ 153.035270192950094, -27.471163465992515 ], [ 153.035525072931961, -27.471090466017529 ], [ 153.035760132920501, -27.470981476040276 ], [ 153.035775022837754, -27.471624446046853 ], [ 153.035811232752849, -27.47226623605556 ], [ 153.035825762708555, -27.472605006059691 ], [ 153.035827112699764, -27.472673476060375 ], [ 153.035822662689981, -27.472754726060572 ], [ 153.035799042614116, -27.473375456063099 ], [ 153.035751702562237, -27.473826946061926 ], [ 153.035693042500554, -27.474365446060293 ], [ 153.035557042521333, -27.474316436046244 ], [ 153.035431012534843, -27.474316436033586 ], [ 153.03485190259434, -27.474337495975597 ], [ 153.034873362495745, -27.475100595983783 ], [ 153.034298012555865, -27.475113455926113 ], [ 153.034225012607095, -27.474769445916063 ], [ 153.034245022627687, -27.474589445916642 ], [ 153.034284032649992, -27.474379445918899 ], [ 153.034301042665732, -27.474240435919516 ], [ 153.034254032703444, -27.473981435912741 ], [ 153.03419005273264, -27.473804445904925 ], [ 153.034156032778355, -27.473471455898874 ], [ 153.034130042807419, -27.473263455894617 ], [ 153.034101022849512, -27.472954445889254 ], [ 153.034200052896693, -27.472496445895583 ], [ 153.033836032934488, -27.472506455859119 ], [ 153.03383005295936, -27.472314445856981 ], [ 153.034195052921973, -27.472300435893523 ], [ 153.03424002291726, -27.472299435898037 ] ] ] ] } },
{ "type": "Feature", "properties": { "sa1_2021": "30501110805", "sa2_2021": "305011108", "sa2_2021_name": "Kangaroo Point", "sa1_2021_short": 3110805 }, "geometry": { "type": "MultiPolygon", "coordinates": [ [ [ [ 153.035654022322916, -27.475805446067756 ], [ 153.03565676229897, -27.475993016069509 ], [ 153.035662972245603, -27.476410456073435 ], [ 153.03566618222797, -27.476547426074845 ], [ 153.035702202108581, -27.477462476085684 ], [ 153.035732061969554, -27.478538416097191 ], [ 153.035742651918383, -27.47893507610139 ], [ 153.035751151877122, -27.479254456104762 ], [ 153.035751151868396, -27.479323486105315 ], [ 153.03576834180015, -27.479849526111206 ], [ 153.035777071765352, -27.480117466114194 ], [ 153.035788931706264, -27.480575466119003 ], [ 153.0357992916596, -27.4809363161229 ], [ 153.035808061620429, -27.481239396126171 ], [ 153.035810211597095, -27.481422476127843 ], [ 153.033861691800467, -27.481468375932533 ], [ 153.033691971818172, -27.481472425915516 ], [ 153.033006861888907, -27.481494475846901 ], [ 153.032520871993881, -27.481076415794806 ], [ 153.032590801997287, -27.480990105801141 ], [ 153.032647782002897, -27.480897105806125 ], [ 153.032654022005204, -27.480873445806566 ], [ 153.032674242007062, -27.480841625808345 ], [ 153.032709792011644, -27.480775105811382 ], [ 153.032742022013309, -27.480734435814298 ], [ 153.03276881201603, -27.480690115816639 ], [ 153.032781772019064, -27.480655115817662 ], [ 153.032821112019718, -27.480616425821299 ], [ 153.032840822021313, -27.480587105823055 ], [ 153.032925032021041, -27.48051745583096 ], [ 153.033119792014048, -27.48040710584964 ], [ 153.033158812022748, -27.480305105852761 ], [ 153.033187792047158, -27.48008710585394 ], [ 153.033175782057185, -27.480018105852196 ], [ 153.033177792072991, -27.4798910958514 ], [ 153.033211772087412, -27.479748115853678 ], [ 153.033237802093169, -27.479680105855742 ], [ 153.033251782098972, -27.479622105856691 ], [ 153.033279042102976, -27.47956744585899 ], [ 153.033441032109153, -27.47938044587379 ], [ 153.033459022111401, -27.479347435875336 ], [ 153.033480052110292, -27.479338445877367 ], [ 153.0335338121196, -27.479219105881832 ], [ 153.033540822128316, -27.479144105881943 ], [ 153.033554802134773, -27.479081115882845 ], [ 153.033574802140549, -27.47901810588435 ], [ 153.033581812146252, -27.478967095884659 ], [ 153.03358758214884, -27.478941885885046 ], [ 153.033570792163459, -27.478840115882534 ], [ 153.033577802169162, -27.478789105882854 ], [ 153.033610792179388, -27.478680105885307 ], [ 153.033643792182289, -27.478629105888206 ], [ 153.033689812183781, -27.478578095892431 ], [ 153.033702812183179, -27.478572105893679 ], [ 153.033741792184628, -27.478527115897247 ], [ 153.033774792188268, -27.478470115900102 ], [ 153.033781792194105, -27.478418105900396 ], [ 153.033822782212781, -27.478235105903074 ], [ 153.033875752222258, -27.478115095907444 ], [ 153.033941772228047, -27.478013105913259 ], [ 153.03399477223752, -27.477893095917636 ], [ 153.034000792241159, -27.477859115917973 ], [ 153.034040802247745, -27.477773105921301 ], [ 153.034042772264172, -27.477641105920469 ], [ 153.034056782270625, -27.477578095921366 ], [ 153.034089782277931, -27.477492115924001 ], [ 153.034142782291667, -27.477338095928111 ], [ 153.034196802306838, -27.477172095932222 ], [ 153.034196802308259, -27.477161105932133 ], [ 153.034209762308961, -27.477144105933302 ], [ 153.034209762311377, -27.477125105933155 ], [ 153.034190782315449, -27.477109105931124 ], [ 153.034178772318995, -27.477091105929762 ], [ 153.034172782324674, -27.477051105928854 ], [ 153.034205782333373, -27.476954115931399 ], [ 153.034212792335524, -27.476931095931921 ], [ 153.034212792337684, -27.476914095931779 ], [ 153.03423279233769, -27.476897115933667 ], [ 153.034251772337029, -27.476886105935474 ], [ 153.034271772339935, -27.476846105937167 ], [ 153.034291772347274, -27.476771105938582 ], [ 153.034331782355167, -27.476674115941837 ], [ 153.034345792363808, -27.47659410594261 ], [ 153.034358752366671, -27.47656009594365 ], [ 153.03435379237456, -27.476502105942682 ], [ 153.034353792382518, -27.476439105942195 ], [ 153.034341782390356, -27.476387105940574 ], [ 153.034342762399604, -27.476313105940086 ], [ 153.034331782417411, -27.47618110593795 ], [ 153.034347762437562, -27.476008115938182 ], [ 153.034349772461212, -27.475819095936888 ], [ 153.034337762466919, -27.475784095935403 ], [ 153.034337762474081, -27.47572709593496 ], [ 153.034325792481184, -27.47568110593339 ], [ 153.03432678249348, -27.475583115932714 ], [ 153.034334042497449, -27.475545445933147 ], [ 153.034367762506378, -27.475446105935742 ], [ 153.034362762519265, -27.475348105934465 ], [ 153.034295022548321, -27.4751754459263 ], [ 153.034298012555865, -27.475113455926113 ], [ 153.034873362495745, -27.475100595983783 ], [ 153.03485190259434, -27.474337495975597 ], [ 153.035431012534843, -27.474316436033586 ], [ 153.035557042521333, -27.474316436046244 ], [ 153.035693042500554, -27.474365446060293 ], [ 153.035688152436421, -27.474877486063843 ], [ 153.035688152425934, -27.474960456064498 ], [ 153.035654022322916, -27.475805446067756 ] ] ] ] } },
{ "type": "Feature", "properties": { "sa1_2021": "30501110806", "sa2_2021": "305011108", "sa2_2021_name": "Kangaroo Point", "sa1_2021_short": 3110806 }, "geometry": { "type": "MultiPolygon", "coordinates": [ [ [ [ 153.035775022837754, -27.471624446046853 ], [ 153.035760132920501, -27.470981476040276 ], [ 153.035774622936771, -27.47084025604061 ], [ 153.035995012914384, -27.470830446062667 ], [ 153.037210022789935, -27.470783436184309 ], [ 153.037324852764556, -27.470886946196664 ], [ 153.037327552751776, -27.470986216197716 ], [ 153.037367852727755, -27.471141946202994 ], [ 153.037415812719701, -27.471164626208001 ], [ 153.038211722635111, -27.471158416287874 ], [ 153.038268052633725, -27.471121356293242 ], [ 153.038972022564764, -27.471069446363529 ], [ 153.039210042419029, -27.472021436394961 ], [ 153.039098022379676, -27.472428436386934 ], [ 153.039143102278189, -27.473194156397515 ], [ 153.038378062355946, -27.47322841632095 ], [ 153.037674492430256, -27.47323789625036 ], [ 153.037263022473695, -27.473243436209081 ], [ 153.036874002514537, -27.473250466170079 ], [ 153.036510022554125, -27.473246416133485 ], [ 153.036408042570997, -27.473199446122862 ], [ 153.03608403259733, -27.473266456090855 ], [ 153.035880032610748, -27.473333446070907 ], [ 153.035799042614116, -27.473375456063099 ], [ 153.035822662689981, -27.472754726060572 ], [ 153.035827112699764, -27.472673476060375 ], [ 153.035825762708555, -27.472605006059691 ], [ 153.035811232752849, -27.47226623605556 ], [ 153.035775022837754, -27.471624446046853 ] ] ] ] } },
{ "type": "Feature", "properties": { "sa1_2021": "30501110807", "sa2_2021": "305011108", "sa2_2021_name": "Kangaroo Point", "sa1_2021_short": 3110807 }, "geometry": { "type": "MultiPolygon", "coordinates": [ [ [ [ 153.037200642917952, -27.46977714617541 ], [ 153.037195022994013, -27.469179416170128 ], [ 153.037671012944315, -27.469168366217847 ], [ 153.037738942937182, -27.469167296224651 ], [ 153.037835192926735, -27.469168426234326 ], [ 153.038017032906566, -27.469173436252635 ], [ 153.038145042900169, -27.469115446265032 ], [ 153.03845901287923, -27.469014446295759 ], [ 153.038792042677244, -27.470331446339618 ], [ 153.038972022564764, -27.471069446363529 ], [ 153.038268052633725, -27.471121356293242 ], [ 153.038211722635111, -27.471158416287874 ], [ 153.037415812719701, -27.471164626208001 ], [ 153.037367852727755, -27.471141946202994 ], [ 153.037327552751776, -27.470986216197716 ], [ 153.037324852764556, -27.470886946196664 ], [ 153.037210022789935, -27.470783436184309 ], [ 153.037206552835954, -27.470421966181107 ], [ 153.03720480286006, -27.470232596179439 ], [ 153.037200642917952, -27.46977714617541 ] ] ] ] } },
{ "type": "Feature", "properties": { "sa1_2021": "30501110810", "sa2_2021": "305011108", "sa2_2021_name": "Kangaroo Point", "sa1_2021_short": 3110810 }, "geometry": { "type": "MultiPolygon", "coordinates": [ [ [ [ 153.03980864164069, -27.477677486499807 ], [ 153.039348991736745, -27.477307486450716 ], [ 153.039252711757456, -27.47722528644039 ], [ 153.03936520175904, -27.477117416450838 ], [ 153.03992803176223, -27.476613456503379 ], [ 153.040122981763545, -27.476437466521578 ], [ 153.040194731748301, -27.476496956529253 ], [ 153.040264411747614, -27.476443696535824 ], [ 153.040825671754703, -27.475910066587986 ], [ 153.040861041754937, -27.475878446591278 ], [ 153.040985031733157, -27.47594543660427 ], [ 153.04103402172484, -27.47596944660938 ], [ 153.041220021727355, -27.475791446626655 ], [ 153.041519031664222, -27.47603743665864 ], [ 153.041572021664962, -27.475986456663545 ], [ 153.041804021615434, -27.476181446688404 ], [ 153.041752661586798, -27.476452056685375 ], [ 153.041913041571917, -27.476433446701353 ], [ 153.041787051522704, -27.476930456692614 ], [ 153.041695871482204, -27.477328536686603 ], [ 153.041616701446827, -27.477676056681403 ], [ 153.041560201416615, -27.477963476677999 ], [ 153.041482971375245, -27.478356576673349 ], [ 153.041372221316038, -27.478919476666668 ], [ 153.041236121339011, -27.47885341665248 ], [ 153.040483451497977, -27.478234316571982 ], [ 153.040445891505925, -27.478203436567963 ], [ 153.04026153154507, -27.478049976548231 ], [ 153.039994131601873, -27.477827426519617 ], [ 153.039950181611118, -27.47779142651493 ], [ 153.03980864164069, -27.477677486499807 ] ] ] ] } },
{ "type": "Feature", "properties": { "sa1_2021": "30501110811", "sa2_2021": "305011108", "sa2_2021_name": "Kangaroo Point", "sa1_2021_short": 3110811 }, "geometry": { "type": "MultiPolygon", "coordinates": [ [ [ [ 153.038706041646947, -27.478565576396075 ], [ 153.038708891652334, -27.478520416396009 ], [ 153.038749961727319, -27.47789141639516 ], [ 153.03880288182998, -27.4770334363937 ], [ 153.038819341850683, -27.476855396393937 ], [ 153.039252711757456, -27.47722528644039 ], [ 153.039348991736745, -27.477307486450716 ], [ 153.03980864164069, -27.477677486499807 ], [ 153.039950181611118, -27.47779142651493 ], [ 153.039994131601873, -27.477827426519617 ], [ 153.04026153154507, -27.478049976548231 ], [ 153.040445891505925, -27.478203436567963 ], [ 153.040483451497977, -27.478234316571982 ], [ 153.041236121339011, -27.47885341665248 ], [ 153.041372221316038, -27.478919476666668 ], [ 153.041259661250848, -27.479531736660203 ], [ 153.04110070115874, -27.480396076651061 ], [ 153.040978721092898, -27.481021056643765 ], [ 153.040926741064311, -27.481291676640677 ], [ 153.040838701015872, -27.481750076635464 ], [ 153.039982851124279, -27.481619366548465 ], [ 153.039023491245786, -27.48147251645095 ], [ 153.038213041348456, -27.481348456368565 ], [ 153.038242711356276, -27.481261636370856 ], [ 153.038315131395876, -27.480886126375161 ], [ 153.038268051401815, -27.480878886370377 ], [ 153.038255711454241, -27.480474556365948 ], [ 153.038244541502166, -27.480104516361898 ], [ 153.03824458150649, -27.480070126361625 ], [ 153.03849113148064, -27.480065446386355 ], [ 153.038613151474806, -27.480007486398144 ], [ 153.038657061554972, -27.479335456397248 ], [ 153.038682141602067, -27.478941416396651 ], [ 153.038706041646947, -27.478565576396075 ] ] ] ] } },
{ "type": "Feature", "properties": { "sa1_2021": "30501110812", "sa2_2021": "305011108", "sa2_2021_name": "Kangaroo Point", "sa1_2021_short": 3110812 }, "geometry": { "type": "MultiPolygon", "coordinates": [ [ [ [ 153.03565676229897, -27.475993016069509 ], [ 153.035654022322916, -27.475805446067756 ], [ 153.035688152425934, -27.474960456064498 ], [ 153.035688152436421, -27.474877486063843 ], [ 153.035693042500554, -27.474365446060293 ], [ 153.035751702562237, -27.473826946061926 ], [ 153.035778162549121, -27.473908456065228 ], [ 153.035860942518781, -27.474078476074876 ], [ 153.035940882491218, -27.474228416084088 ], [ 153.036092062447096, -27.47444945610102 ], [ 153.036273172402474, -27.474649416120794 ], [ 153.03655025233914, -27.474915266150713 ], [ 153.036633872320067, -27.474995476159755 ], [ 153.036688742308229, -27.475042466165629 ], [ 153.03684327227495, -27.475174766182196 ], [ 153.037203012197523, -27.475482476220755 ], [ 153.037271052182859, -27.475540456228043 ], [ 153.037723032086603, -27.475918446276431 ], [ 153.037829062063508, -27.47601148628781 ], [ 153.038517491915542, -27.476598136361595 ], [ 153.038819341850683, -27.476855396393937 ], [ 153.03880288182998, -27.4770334363937 ], [ 153.038749961727319, -27.47789141639516 ], [ 153.038173951850155, -27.477408476333501 ], [ 153.037632141906982, -27.477418466279161 ], [ 153.037563011914216, -27.477420446272223 ], [ 153.036711982003112, -27.477439426186912 ], [ 153.03623788205249, -27.477451486139397 ], [ 153.035702202108581, -27.477462476085684 ], [ 153.03566618222797, -27.476547426074845 ], [ 153.035662972245603, -27.476410456073435 ], [ 153.03565676229897, -27.475993016069509 ] ] ] ] } },
{ "type": "Feature", "properties": { "sa1_2021": "30501110813", "sa2_2021": "305011108", "sa2_2021_name": "Kangaroo Point", "sa1_2021_short": 3110813 }, "geometry": { "type": "MultiPolygon", "coordinates": [ [ [ [ 153.035742651918383, -27.47893507610139 ], [ 153.035732061969554, -27.478538416097191 ], [ 153.035702202108581, -27.477462476085684 ], [ 153.03623788205249, -27.477451486139397 ], [ 153.036711982003112, -27.477439426186912 ], [ 153.037563011914216, -27.477420446272223 ], [ 153.037632141906982, -27.477418466279161 ], [ 153.038173951850155, -27.477408476333501 ], [ 153.038749961727319, -27.47789141639516 ], [ 153.038708891652334, -27.478520416396009 ], [ 153.038706041646947, -27.478565576396075 ], [ 153.038682141602067, -27.478941416396651 ], [ 153.038657061554972, -27.479335456397248 ], [ 153.038613151474806, -27.480007486398144 ], [ 153.03849113148064, -27.480065446386355 ], [ 153.03824458150649, -27.480070126361625 ], [ 153.038244541502166, -27.480104516361898 ], [ 153.038255711454241, -27.480474556365948 ], [ 153.038268051401815, -27.480878886370377 ], [ 153.038315131395876, -27.480886126375161 ], [ 153.038242711356276, -27.481261636370856 ], [ 153.038213041348456, -27.481348456368565 ], [ 153.037508701437702, -27.481240856296974 ], [ 153.037172101480309, -27.481189446262771 ], [ 153.03644841155463, -27.481215936190299 ], [ 153.036452211567052, -27.481114506189883 ], [ 153.036446551592661, -27.480916476187744 ], [ 153.036359241598689, -27.480942616179188 ], [ 153.035953471642046, -27.480944566138451 ], [ 153.0357992916596, -27.4809363161229 ], [ 153.035788931706264, -27.480575466119003 ], [ 153.035777071765352, -27.480117466114194 ], [ 153.03576834180015, -27.479849526111206 ], [ 153.035751151868396, -27.479323486105315 ], [ 153.035751151877122, -27.479254456104762 ], [ 153.035742651918383, -27.47893507610139 ] ] ] ] } },
{ "type": "Feature", "properties": { "sa1_2021": "30501110814", "sa2_2021": "305011108", "sa2_2021_name": "Kangaroo Point", "sa1_2021_short": 3110814 }, "geometry": { "type": "MultiPolygon", "coordinates": [ [ [ [ 153.030476352037795, -27.482467535600499 ], [ 153.030396132058769, -27.482369455591684 ], [ 153.030359122068688, -27.482322315587592 ], [ 153.030233052109736, -27.482104435573216 ], [ 153.030284042105762, -27.482092455578236 ], [ 153.030400032096338, -27.482068435589699 ], [ 153.030470042090201, -27.482057445596631 ], [ 153.0305480420827, -27.48205043560441 ], [ 153.030612022078003, -27.482033455610704 ], [ 153.030669042073413, -27.482021445616326 ], [ 153.030727042069458, -27.482003445622009 ], [ 153.03077803206611, -27.481986445626998 ], [ 153.03084902206075, -27.481968445633974 ], [ 153.030907022055288, -27.481962455639756 ], [ 153.030930012057894, -27.481922455641755 ], [ 153.030969032054429, -27.481916445645631 ], [ 153.031027032048343, -27.481915445651442 ], [ 153.031071052045746, -27.481898445655727 ], [ 153.031264022029603, -27.481862435674813 ], [ 153.031290052028936, -27.48184543567729 ], [ 153.031328052028499, -27.481816445680874 ], [ 153.031366042026576, -27.481799445684558 ], [ 153.031405022022511, -27.481798445688469 ], [ 153.031431052020508, -27.481792455691032 ], [ 153.031482042014233, -27.481798445696196 ], [ 153.031533032008753, -27.481798445701319 ], [ 153.03159804200331, -27.481786445707751 ], [ 153.0316490320009, -27.481762445712675 ], [ 153.0316940319982, -27.48174544571706 ], [ 153.031745021995619, -27.481722455722011 ], [ 153.031809041991778, -27.481698435728241 ], [ 153.031867041989841, -27.481664455733785 ], [ 153.03189803199092, -27.481629455736623 ], [ 153.03196201199566, -27.481537445742319 ], [ 153.032039031996135, -27.481468445749517 ], [ 153.032084031994344, -27.481444455753845 ], [ 153.032109041996677, -27.481404455756042 ], [ 153.032162031995284, -27.481370455761095 ], [ 153.032187041998412, -27.481324445763232 ], [ 153.032226021998639, -27.481289435766879 ], [ 153.032264012000383, -27.481243445770325 ], [ 153.032372022001141, -27.481145455780389 ], [ 153.032520871993881, -27.481076415794806 ], [ 153.033006861888907, -27.481494475846901 ], [ 153.033691971818172, -27.481472425915516 ], [ 153.033861691800467, -27.481468375932533 ], [ 153.035810211597095, -27.481422476127843 ], [ 153.035829991535593, -27.481892446133546 ], [ 153.035829991503789, -27.48214445613554 ], [ 153.03584295146922, -27.482407436138921 ], [ 153.035841851452744, -27.482538466139832 ], [ 153.035850871414453, -27.482834466143089 ], [ 153.035850181404925, -27.482910426143619 ], [ 153.035863131355825, -27.483288436147902 ], [ 153.035872111306759, -27.483669406151812 ], [ 153.035892991193151, -27.484551416160887 ], [ 153.03475503133879, -27.484365476045134 ], [ 153.033843811455597, -27.484215105952448 ], [ 153.032880131575553, -27.484084495854649 ], [ 153.032133821669561, -27.483974565778841 ], [ 153.032023011683663, -27.483957395767575 ], [ 153.03123110178359, -27.483839315687135 ], [ 153.031157191815851, -27.483646455678187 ], [ 153.030930011902001, -27.483157475651513 ], [ 153.030738861969098, -27.4827884956294 ], [ 153.030476352037795, -27.482467535600499 ] ] ] ] } },
{ "type": "Feature", "properties": { "sa1_2021": "30501110816", "sa2_2021": "305011108", "sa2_2021_name": "Kangaroo Point", "sa1_2021_short": 3110816 }, "geometry": { "type": "MultiPolygon", "coordinates": [ [ [ [ 153.035829991535593, -27.481892446133546 ], [ 153.035810211597095, -27.481422476127843 ], [ 153.035808061620429, -27.481239396126171 ], [ 153.0357992916596, -27.4809363161229 ], [ 153.035953471642046, -27.480944566138451 ], [ 153.036359241598689, -27.480942616179188 ], [ 153.036446551592661, -27.480916476187744 ], [ 153.036452211567052, -27.481114506189883 ], [ 153.03644841155463, -27.481215936190299 ], [ 153.037172101480309, -27.481189446262771 ], [ 153.037508701437702, -27.481240856296974 ], [ 153.038213041348456, -27.481348456368565 ], [ 153.039023491245786, -27.48147251645095 ], [ 153.039982851124279, -27.481619366548465 ], [ 153.040838701015872, -27.481750076635464 ], [ 153.040593720882185, -27.483017066620857 ], [ 153.040568710871383, -27.483124066619194 ], [ 153.040045670937189, -27.483047666566058 ], [ 153.039526131002589, -27.482971456513273 ], [ 153.039148061050611, -27.482912446474842 ], [ 153.038068061188, -27.482742446365027 ], [ 153.03584295146922, -27.482407436138921 ], [ 153.035829991503789, -27.48214445613554 ], [ 153.035829991535593, -27.481892446133546 ] ] ] ] } },
{ "type": "Feature", "properties": { "sa1_2021": "30501110817", "sa2_2021": "305011108", "sa2_2021_name": "Kangaroo Point", "sa1_2021_short": 3110817 }, "geometry": { "type": "MultiPolygon", "coordinates": [ [ [ [ 153.034437883550964, -27.467110485876887 ], [ 153.033908633606757, -27.467118585823805 ], [ 153.03390670361091, -27.467087115823361 ], [ 153.033908703629095, -27.466941115822408 ], [ 153.033902723637937, -27.466876125821297 ], [ 153.033910713642911, -27.466830115821729 ], [ 153.033911043703796, -27.466347455817949 ], [ 153.03383304371178, -27.466350445810139 ], [ 153.033851033732532, -27.466170445810523 ], [ 153.033928013725927, -27.466157435818154 ], [ 153.033933713742556, -27.466021135817641 ], [ 153.033947693746114, -27.46598113581873 ], [ 153.033947693751145, -27.465941115818421 ], [ 153.033954693754652, -27.465907135818849 ], [ 153.033948713761873, -27.465855125817836 ], [ 153.033981703761981, -27.465826125820918 ], [ 153.034007693763499, -27.465792115823266 ], [ 153.034024703766221, -27.465756115824686 ], [ 153.034040723773614, -27.465684115825731 ], [ 153.034107703787356, -27.465518115831141 ], [ 153.034153693790387, -27.465455125835259 ], [ 153.034179683793297, -27.465410135837512 ], [ 153.034187673796822, -27.465375125838026 ], [ 153.034232683804106, -27.465279135841794 ], [ 153.034304693808622, -27.465182115848265 ], [ 153.034350683813045, -27.465108115852299 ], [ 153.034395653811771, -27.465080125856591 ], [ 153.034577683810795, -27.464933125873706 ], [ 153.034642683807988, -27.464900125879971 ], [ 153.034707653803764, -27.464878125886326 ], [ 153.034816683797743, -27.464833095896918 ], [ 153.034952683790863, -27.46477210591009 ], [ 153.035042693783964, -27.464750105918963 ], [ 153.035126673776233, -27.464740095927311 ], [ 153.035184673771425, -27.464729105933049 ], [ 153.035287673760109, -27.464731105943411 ], [ 153.035357683753205, -27.464726115950391 ], [ 153.03543565374477, -27.46472711595824 ], [ 153.035608693724413, -27.464741095975732 ], [ 153.035634023721144, -27.464745445978306 ], [ 153.036044213663246, -27.464855446020373 ], [ 153.036113633651951, -27.464886096027584 ], [ 153.036247623625712, -27.464980096041774 ], [ 153.036298653616569, -27.465009106047138 ], [ 153.036381653599477, -27.465074096055979 ], [ 153.036438633585306, -27.465138106062209 ], [ 153.036533643565491, -27.465214106072352 ], [ 153.036577663552805, -27.465277096077273 ], [ 153.036634633540018, -27.465330096083417 ], [ 153.036672673528614, -27.465388096087693 ], [ 153.036761653506602, -27.465487106097413 ], [ 153.036799613495901, -27.465539116101638 ], [ 153.036849653479607, -27.465626096107346 ], [ 153.036867613471088, -27.465678106109561 ], [ 153.036940033452311, -27.465765446117523 ], [ 153.036991643433794, -27.465868096123518 ], [ 153.03704464341854, -27.465944116129446 ], [ 153.037075633408506, -27.46599709613297 ], [ 153.037100673398641, -27.466054096135938 ], [ 153.037138633385752, -27.466124106140299 ], [ 153.037163633375087, -27.466187116143306 ], [ 153.037188673365847, -27.466239096146239 ], [ 153.037213633357965, -27.466280116149065 ], [ 153.03723864334799, -27.466338106152037 ], [ 153.037287623325966, -27.466471086158013 ], [ 153.037306643315191, -27.466540096160465 ], [ 153.03731664331147, -27.466561086161633 ], [ 153.037356643295965, -27.466650096166358 ], [ 153.037380663283272, -27.466730086169409 ], [ 153.03741865327035, -27.466800096173777 ], [ 153.037444483259236, -27.466866376176892 ], [ 153.037455633252648, -27.466909096178345 ], [ 153.037517643223396, -27.467088086185992 ], [ 153.037536663215548, -27.467134096188268 ], [ 153.037684053139202, -27.467613446206858 ], [ 153.037769023086696, -27.467957456218105 ], [ 153.03729215313524, -27.467978156170375 ], [ 153.037124903152176, -27.467985996153651 ], [ 153.03687203317827, -27.467994306128315 ], [ 153.036871303184313, -27.467946996127868 ], [ 153.03621974325165, -27.4679672960626 ], [ 153.035382873338648, -27.467989415978725 ], [ 153.035376923369256, -27.467751955976247 ], [ 153.035360203454928, -27.467087455969324 ], [ 153.034437883550964, -27.467110485876887 ] ] ] ] } },
{ "type": "Feature", "properties": { "sa1_2021": "30501110818", "sa2_2021": "305011108", "sa2_2021_name": "Kangaroo Point", "sa1_2021_short": 3110818 }, "geometry": { "type": "MultiPolygon", "coordinates": [ [ [ [ 153.037474691103512, -27.483916276314712 ], [ 153.03791692104744, -27.48398440635966 ], [ 153.037756790961225, -27.484803086350052 ], [ 153.03738476100753, -27.48475284631229 ], [ 153.03687878107047, -27.484684526260938 ], [ 153.035892991193151, -27.484551416160887 ], [ 153.035872111306759, -27.483669406151812 ], [ 153.037474691103512, -27.483916276314712 ] ] ] ] } },
{ "type": "Feature", "properties": { "sa1_2021": "30501110819", "sa2_2021": "305011108", "sa2_2021_name": "Kangaroo Point", "sa1_2021_short": 3110819 }, "geometry": { "type": "MultiPolygon", "coordinates": [ [ [ [ 153.039428450855695, -27.484217806513318 ], [ 153.039832580804386, -27.484280206554409 ], [ 153.040332740741007, -27.484357076605249 ], [ 153.040175720655157, -27.485170076595903 ], [ 153.039275810768999, -27.485034206504441 ], [ 153.037756790961225, -27.484803086350052 ], [ 153.03791692104744, -27.48398440635966 ], [ 153.039428450855695, -27.484217806513318 ] ] ] ] } },
{ "type": "Feature", "properties": { "sa1_2021": "30501110820", "sa2_2021": "305011108", "sa2_2021_name": "Kangaroo Point", "sa1_2021_short": 3110820 }, "geometry": { "type": "MultiPolygon", "coordinates": [ [ [ [ 153.039199891918287, -27.475996586425378 ], [ 153.039643041924279, -27.475572436466528 ], [ 153.039719031908135, -27.475635456474663 ], [ 153.040157031913651, -27.475219446515357 ], [ 153.04018503191395, -27.475193446517967 ], [ 153.04021601190621, -27.47522844652136 ], [ 153.040277041887151, -27.475327446528265 ], [ 153.04040505184625, -27.475542456542819 ], [ 153.040456041834233, -27.475594456548368 ], [ 153.040647041787111, -27.475805446569215 ], [ 153.040678691779448, -27.475839066572657 ], [ 153.040780671762434, -27.475887066583287 ], [ 153.040825671754703, -27.475910066587986 ], [ 153.040264411747614, -27.476443696535824 ], [ 153.040194731748301, -27.476496956529253 ], [ 153.040122981763545, -27.476437466521578 ], [ 153.03992803176223, -27.476613456503379 ], [ 153.03936520175904, -27.477117416450838 ], [ 153.039252711757456, -27.47722528644039 ], [ 153.038819341850683, -27.476855396393937 ], [ 153.038517491915542, -27.476598136361595 ], [ 153.038640131915997, -27.476490466373054 ], [ 153.038832371916328, -27.476324186391054 ], [ 153.039023921916709, -27.476158466408982 ], [ 153.039199891918287, -27.475996586425378 ] ] ] ] } },
{ "type": "Feature", "properties": { "sa1_2021": "30501110821", "sa2_2021": "305011108", "sa2_2021_name": "Kangaroo Point", "sa1_2021_short": 3110821 }, "geometry": { "type": "MultiPolygon", "coordinates": [ [ [ [ 153.037944662320456, -27.473878156282556 ], [ 153.037597982315987, -27.474208156250342 ], [ 153.03753472231358, -27.474280656244567 ], [ 153.037356352351566, -27.474131716225482 ], [ 153.036882982452227, -27.473736466174813 ], [ 153.036874002514537, -27.473250466170079 ], [ 153.037263022473695, -27.473243436209081 ], [ 153.037674492430256, -27.47323789625036 ], [ 153.038378062355946, -27.47322841632095 ], [ 153.038385252318477, -27.473519086323968 ], [ 153.038396182261693, -27.47395944632855 ], [ 153.038303642258114, -27.474066656320101 ], [ 153.038243772257346, -27.47412353631454 ], [ 153.038228592259998, -27.474115476312953 ], [ 153.037944662320456, -27.473878156282556 ] ] ] ] } },
{ "type": "Feature", "properties": { "sa1_2021": "30501110822", "sa2_2021": "305011108", "sa2_2021_name": "Kangaroo Point", "sa1_2021_short": 3110822 }, "geometry": { "type": "MultiPolygon", "coordinates": [ [ [ [ 153.038033902207417, -27.474697486297998 ], [ 153.038111022208597, -27.474622446305144 ], [ 153.038405072215426, -27.474318396332272 ], [ 153.038402042231297, -27.474195556331004 ], [ 153.038396182261693, -27.47395944632855 ], [ 153.038385252318477, -27.473519086323968 ], [ 153.038378062355946, -27.47322841632095 ], [ 153.039143102278189, -27.473194156397515 ], [ 153.039185042261778, -27.473288446402478 ], [ 153.039278042224623, -27.473503436413516 ], [ 153.039319032220362, -27.473502436417622 ], [ 153.039360022207887, -27.47356644642224 ], [ 153.039576022127363, -27.474020436447528 ], [ 153.039581022108052, -27.474169436449206 ], [ 153.039544012111918, -27.474170456445496 ], [ 153.039562042102148, -27.474232446447804 ], [ 153.039584022083488, -27.474361446451031 ], [ 153.039590042078913, -27.474392456451881 ], [ 153.039675052074728, -27.474353436460113 ], [ 153.040156042047215, -27.474162446506909 ], [ 153.040381031966092, -27.474613436533076 ], [ 153.039976031961487, -27.474994446495405 ], [ 153.039957671958717, -27.475032076493864 ], [ 153.039994681949707, -27.475072066497898 ], [ 153.040019681943335, -27.47510105650063 ], [ 153.040057681934087, -27.475142076504778 ], [ 153.04010268192485, -27.475177076509571 ], [ 153.040146661914321, -27.475223066514342 ], [ 153.040157031913651, -27.475219446515357 ], [ 153.039719031908135, -27.475635456474663 ], [ 153.039643041924279, -27.475572436466528 ], [ 153.039199891918287, -27.475996586425378 ], [ 153.039023921916709, -27.476158466408982 ], [ 153.038832371916328, -27.476324186391054 ], [ 153.038640131915997, -27.476490466373054 ], [ 153.038517491915542, -27.476598136361595 ], [ 153.037829062063508, -27.47601148628781 ], [ 153.037723032086603, -27.475918446276431 ], [ 153.037271052182859, -27.475540456228043 ], [ 153.037203012197523, -27.475482476220755 ], [ 153.03684327227495, -27.475174766182196 ], [ 153.037171622279317, -27.47486081621269 ], [ 153.037467972216177, -27.475109086244416 ], [ 153.037543052200533, -27.475169236252434 ], [ 153.037960062205883, -27.474772446291169 ], [ 153.038033902207417, -27.474697486297998 ] ] ] ] } },
{ "type": "Feature", "properties": { "sa1_2021": "30501110823", "sa2_2021": "305011108", "sa2_2021_name": "Kangaroo Point", "sa1_2021_short": 3110823 }, "geometry": { "type": "MultiPolygon", "coordinates": [ [ [ [ 153.035850871414453, -27.482834466143089 ], [ 153.035841851452744, -27.482538466139832 ], [ 153.03584295146922, -27.482407436138921 ], [ 153.038068061188, -27.482742446365027 ], [ 153.039148061050611, -27.482912446474842 ], [ 153.039526131002589, -27.482971456513273 ], [ 153.040045670937189, -27.483047666566058 ], [ 153.040568710871383, -27.483124066619194 ], [ 153.040486700826136, -27.483552066614347 ], [ 153.040381760768923, -27.484094076608088 ], [ 153.040332740741007, -27.484357076605249 ], [ 153.039832580804386, -27.484280206554409 ], [ 153.039428450855695, -27.484217806513318 ], [ 153.03791692104744, -27.48398440635966 ], [ 153.037474691103512, -27.483916276314712 ], [ 153.035872111306759, -27.483669406151812 ], [ 153.035863131355825, -27.483288436147902 ], [ 153.035850181404925, -27.482910426143619 ], [ 153.035850871414453, -27.482834466143089 ] ] ] ] } },
{ "type": "Feature", "properties": { "sa1_2021": "30501110824", "sa2_2021": "305011108", "sa2_2021_name": "Kangaroo Point", "sa1_2021_short": 3110824 }, "geometry": { "type": "MultiPolygon", "coordinates": [ [ [ [ 153.03655025233914, -27.474915266150713 ], [ 153.036273172402474, -27.474649416120794 ], [ 153.036092062447096, -27.47444945610102 ], [ 153.035940882491218, -27.474228416084088 ], [ 153.035860942518781, -27.474078476074876 ], [ 153.035778162549121, -27.473908456065228 ], [ 153.035751702562237, -27.473826946061926 ], [ 153.035799042614116, -27.473375456063099 ], [ 153.035880032610748, -27.473333446070907 ], [ 153.03608403259733, -27.473266456090855 ], [ 153.036408042570997, -27.473199446122862 ], [ 153.036510022554125, -27.473246416133485 ], [ 153.036874002514537, -27.473250466170079 ], [ 153.036882982452227, -27.473736466174813 ], [ 153.037356352351566, -27.474131716225482 ], [ 153.03753472231358, -27.474280656244567 ], [ 153.037597982315987, -27.474208156250342 ], [ 153.037944662320456, -27.473878156282556 ], [ 153.038228592259998, -27.474115476312953 ], [ 153.038243772257346, -27.47412353631454 ], [ 153.038303642258114, -27.474066656320101 ], [ 153.038396182261693, -27.47395944632855 ], [ 153.038402042231297, -27.474195556331004 ], [ 153.038405072215426, -27.474318396332272 ], [ 153.038111022208597, -27.474622446305144 ], [ 153.038033902207417, -27.474697486297998 ], [ 153.037960062205883, -27.474772446291169 ], [ 153.037543052200533, -27.475169236252434 ], [ 153.037467972216177, -27.475109086244416 ], [ 153.037171622279317, -27.47486081621269 ], [ 153.03684327227495, -27.475174766182196 ], [ 153.036688742308229, -27.475042466165629 ], [ 153.036633872320067, -27.474995476159755 ], [ 153.03655025233914, -27.474915266150713 ] ] ] ] } },
{ "type": "Feature", "properties": { "sa1_2021": "30501111001", "sa2_2021": "305011110", "sa2_2021_name": "South Brisbane", "sa1_2021_short": 3111001 }, "geometry": { "type": "MultiPolygon", "coordinates": [ [ [ [ 153.026252062413363, -27.483085435181298 ], [ 153.026338022417718, -27.482977455189079 ], [ 153.026886142334149, -27.483173425245653 ], [ 153.027260922283546, -27.483255395283912 ], [ 153.027672062232455, -27.483310495325625 ], [ 153.028421622137984, -27.483421525401756 ], [ 153.028478932130724, -27.483430015407588 ], [ 153.028861672082485, -27.483486735446448 ], [ 153.029179182042441, -27.483533985478704 ], [ 153.02951104200082, -27.483581445512403 ], [ 153.02992422194842, -27.483644845554377 ], [ 153.030559941868262, -27.483739435618958 ], [ 153.03123110178359, -27.483839315687135 ], [ 153.031276001763985, -27.483956415692575 ], [ 153.031905691446354, -27.48593682577145 ], [ 153.031382941510515, -27.485873425718456 ], [ 153.031272051524923, -27.485853445707164 ], [ 153.031031191554973, -27.485820405682727 ], [ 153.030747881590685, -27.485778465653944 ], [ 153.030400111633952, -27.485731495618651 ], [ 153.029054061800451, -27.485557425482138 ], [ 153.028977921661863, -27.486720155483685 ], [ 153.028959891615216, -27.487105135484917 ], [ 153.028914881586559, -27.487370145482494 ], [ 153.028840901571044, -27.487556145476532 ], [ 153.028736911557985, -27.487748145467616 ], [ 153.025633861949359, -27.487287585152455 ], [ 153.025424211975803, -27.487256445131159 ], [ 153.025320151929918, -27.487708425124293 ], [ 153.02477805207559, -27.487015445064397 ], [ 153.023533102408464, -27.485437454926952 ], [ 153.023351962431093, -27.485412164908571 ], [ 153.023343822459452, -27.485194404906036 ], [ 153.023435362456411, -27.485140494914802 ], [ 153.023609172450932, -27.485036044931419 ], [ 153.023613082455029, -27.485000314931533 ], [ 153.023602672499948, -27.484653164927746 ], [ 153.023548582543242, -27.484356104919971 ], [ 153.022967322560902, -27.484710904864425 ], [ 153.022913192575459, -27.484641394858439 ], [ 153.022776022618984, -27.484413444842865 ], [ 153.022851982665713, -27.483978464847059 ], [ 153.022943082714619, -27.483513434852522 ], [ 153.023087042807049, -27.48265843486022 ], [ 153.02428048265881, -27.48281772498127 ], [ 153.025230032540861, -27.482944445077589 ], [ 153.025667002487353, -27.482996455121871 ], [ 153.025850022465448, -27.483014455140374 ], [ 153.026112052432637, -27.483051455166969 ], [ 153.026252062413363, -27.483085435181298 ] ] ] ] } },
{ "type": "Feature", "properties": { "sa1_2021": "30501111002", "sa2_2021": "305011110", "sa2_2021_name": "South Brisbane", "sa1_2021_short": 3111002 }, "geometry": { "type": "MultiPolygon", "coordinates": [ [ [ [ 153.025320151929918, -27.487708425124293 ], [ 153.025424211975803, -27.487256445131159 ], [ 153.025633861949359, -27.487287585152455 ], [ 153.028736911557985, -27.487748145467616 ], [ 153.028691871553633, -27.487820735463664 ], [ 153.028329901520152, -27.488394145431851 ], [ 153.028213901508622, -27.488584135421718 ], [ 153.028040931485265, -27.488916135406978 ], [ 153.027865801487536, -27.489047225390429 ], [ 153.027582931488041, -27.489284145363893 ], [ 153.027425941487593, -27.48942115534922 ], [ 153.027287931454168, -27.489803135338381 ], [ 153.027226941435117, -27.490006135333864 ], [ 153.027061231455747, -27.489983825317054 ], [ 153.025873961604532, -27.48981514519653 ], [ 153.025249661678146, -27.489763145133452 ], [ 153.024759941797498, -27.489234155080116 ], [ 153.02435297193361, -27.488502145033479 ], [ 153.023939932105577, -27.48749113498403 ], [ 153.023900332156813, -27.487118774977109 ], [ 153.023738022211774, -27.486821434958461 ], [ 153.023215012350221, -27.486169444900817 ], [ 153.023351962431093, -27.485412164908571 ], [ 153.023533102408464, -27.485437454926952 ], [ 153.02477805207559, -27.487015445064397 ], [ 153.025320151929918, -27.487708425124293 ] ] ] ] } },
{ "type": "Feature", "properties": { "sa1_2021": "30501111008", "sa2_2021": "305011110", "sa2_2021_name": "South Brisbane", "sa1_2021_short": 3111008 }, "geometry": { "type": "MultiPolygon", "coordinates": [ [ [ [ 153.020802033716194, -27.47739744458929 ], [ 153.020717023716969, -27.477463454581279 ], [ 153.020227853736117, -27.477728074534287 ], [ 153.01906102407807, -27.476010444403602 ], [ 153.017833054437574, -27.474205434266093 ], [ 153.018193054425552, -27.473994444300551 ], [ 153.01834602442338, -27.473881444315005 ], [ 153.018444024422223, -27.473807444324255 ], [ 153.019474014380023, -27.473265454423352 ], [ 153.019613044377593, -27.473166444436512 ], [ 153.019934934370553, -27.472948384467099 ], [ 153.020052944336612, -27.473117214480279 ], [ 153.020026044334259, -27.4731584444779 ], [ 153.020117954307295, -27.473294214488199 ], [ 153.020100864307835, -27.47330446448656 ], [ 153.020127034299946, -27.473344444489513 ], [ 153.020141894298149, -27.473346404491011 ], [ 153.020461594204363, -27.473817674526828 ], [ 153.020526024186239, -27.473906444533991 ], [ 153.020584014176734, -27.473932454540023 ], [ 153.020762024125077, -27.474190454559917 ], [ 153.021030044045972, -27.474589444589981 ], [ 153.021203024004336, -27.474772444608778 ], [ 153.021285034000925, -27.474729454616671 ], [ 153.021420053961492, -27.474927434631791 ], [ 153.021342053963934, -27.47497444462434 ], [ 153.021387013950886, -27.475039454629364 ], [ 153.021443043937808, -27.475095454635422 ], [ 153.021498053924603, -27.475153454641408 ], [ 153.021551053911452, -27.475212444647198 ], [ 153.021602043898298, -27.475273444652792 ], [ 153.02165003388518, -27.475336454658102 ], [ 153.021703033870153, -27.475410454664019 ], [ 153.021924043805711, -27.475733444688743 ], [ 153.022003023782048, -27.475853454697621 ], [ 153.022071023760759, -27.475964454705331 ], [ 153.022140053738838, -27.476079454713165 ], [ 153.022211043716936, -27.476192444721189 ], [ 153.022286053694813, -27.476304444729593 ], [ 153.022337043688054, -27.476314434734796 ], [ 153.022386023680781, -27.476330444739823 ], [ 153.022432053672958, -27.47635345474464 ], [ 153.022474023664756, -27.476382444749074 ], [ 153.022511033656627, -27.476415444753055 ], [ 153.02254104364863, -27.476453444756359 ], [ 153.022565023640738, -27.476495444759106 ], [ 153.022582023633248, -27.476540454761164 ], [ 153.022592033626353, -27.476586444762535 ], [ 153.022593053620341, -27.476633454763014 ], [ 153.022587023615188, -27.476679444762766 ], [ 153.022707043583097, -27.476831434776013 ], [ 153.023248043443147, -27.477480434835449 ], [ 153.023304033443821, -27.477427454840647 ], [ 153.023552053390915, -27.477635444867182 ], [ 153.023525043390578, -27.477661444864687 ], [ 153.02354803338531, -27.477683434867174 ], [ 153.023619033369897, -27.477745444874788 ], [ 153.023677023356697, -27.477800444881034 ], [ 153.023758023337166, -27.477886434889847 ], [ 153.023832043317867, -27.47797644489799 ], [ 153.02390004329871, -27.478070434905558 ], [ 153.023962023279694, -27.478168454912556 ], [ 153.024017023261166, -27.478268444918861 ], [ 153.024064033242979, -27.478372454924411 ], [ 153.024097033229111, -27.478454444928367 ], [ 153.024128023214672, -27.478542444932174 ], [ 153.024165033211972, -27.478532434935808 ], [ 153.024260043165413, -27.47882044494763 ], [ 153.024189053170659, -27.47883944494064 ], [ 153.024214013153596, -27.478953444944043 ], [ 153.024810022977931, -27.479838445010877 ], [ 153.025054022967339, -27.479714445034386 ], [ 153.025220032928871, -27.47987844505235 ], [ 153.025575022830935, -27.48035245509173 ], [ 153.025821032767908, -27.480642435118721 ], [ 153.026488042637368, -27.481109455189369 ], [ 153.026436022623017, -27.481267445185395 ], [ 153.026503042610386, -27.481310435192462 ], [ 153.026573042597079, -27.481356445199854 ], [ 153.026638012589075, -27.481364435206437 ], [ 153.027111022507029, -27.481612445255887 ], [ 153.027124052499033, -27.481664455257597 ], [ 153.027072042503249, -27.48167544525246 ], [ 153.027111022479488, -27.481830455257615 ], [ 153.027400022455794, -27.48177243528616 ], [ 153.02741302244857, -27.481818445287836 ], [ 153.02743802244666, -27.481812455290292 ], [ 153.027476022444091, -27.481800445294017 ], [ 153.027533032438726, -27.481794455299692 ], [ 153.027577012434136, -27.4817934553041 ], [ 153.027684032421348, -27.48180344531492 ], [ 153.027773022411964, -27.481802445323837 ], [ 153.027823022404419, -27.481819445328995 ], [ 153.027874012397575, -27.481830455334208 ], [ 153.027937012389572, -27.481840445340605 ], [ 153.027993042380757, -27.481862435346404 ], [ 153.028166012356394, -27.481908445364134 ], [ 153.028208032351586, -27.481910445368364 ], [ 153.028285042339803, -27.481938435376332 ], [ 153.028416042322959, -27.48196045538965 ], [ 153.028381042304034, -27.482140435387553 ], [ 153.028363552296184, -27.482217345386417 ], [ 153.027901022355053, -27.482144455339402 ], [ 153.027792032368524, -27.482130445328345 ], [ 153.027689032379442, -27.482131445318007 ], [ 153.027539022392261, -27.482157445303159 ], [ 153.027423022400086, -27.482194445291807 ], [ 153.027295012405602, -27.482259445279468 ], [ 153.027031012412607, -27.4824284452543 ], [ 153.026578042422869, -27.48273243521124 ], [ 153.026449052424084, -27.482832455199077 ], [ 153.026387042420936, -27.482910445193468 ], [ 153.026338022417718, -27.482977455189079 ], [ 153.026252062413363, -27.483085435181298 ], [ 153.026112052432637, -27.483051455166969 ], [ 153.025850022465448, -27.483014455140374 ], [ 153.025667002487353, -27.482996455121871 ], [ 153.025230032540861, -27.482944445077589 ], [ 153.02428048265881, -27.48281772498127 ], [ 153.024323042691265, -27.482524444983223 ], [ 153.023464052942359, -27.481265444887054 ], [ 153.023170043028415, -27.480833454854132 ], [ 153.021980543372081, -27.479122034721204 ], [ 153.021866043405169, -27.478957444708414 ], [ 153.020802033716194, -27.47739744458929 ] ] ] ] } },
{ "type": "Feature", "properties": { "sa1_2021": "30501111010", "sa2_2021": "305011110", "sa2_2021_name": "South Brisbane", "sa1_2021_short": 3111010 }, "geometry": { "type": "MultiPolygon", "coordinates": [ [ [ [ 153.029069942200266, -27.482376275458584 ], [ 153.029033032204609, -27.482373445454854 ], [ 153.028623032258707, -27.48229345541306 ], [ 153.028383012293688, -27.482220455388394 ], [ 153.028363552296184, -27.482217345386417 ], [ 153.028381042304034, -27.482140435387553 ], [ 153.028416042322959, -27.48196045538965 ], [ 153.028510032307082, -27.482006445399449 ], [ 153.028588032298074, -27.482011435407319 ], [ 153.028646032290453, -27.482022445413232 ], [ 153.028703042283723, -27.482027445418989 ], [ 153.02876104227596, -27.482039445424906 ], [ 153.028974012248312, -27.482077445446588 ], [ 153.029019022243489, -27.482077445451115 ], [ 153.029205022227274, -27.482047435469546 ], [ 153.029237032223079, -27.482053455472805 ], [ 153.02926904221826, -27.482064445476116 ], [ 153.029321022211917, -27.482070455481384 ], [ 153.029372052205076, -27.482081445486582 ], [ 153.029443042196817, -27.482086435493756 ], [ 153.029642042175595, -27.482085435513728 ], [ 153.029713032167336, -27.482090455520893 ], [ 153.029758032161112, -27.482101445525494 ], [ 153.029835012149931, -27.4821244355334 ], [ 153.029886042143062, -27.482135445538621 ], [ 153.029951052136113, -27.482135445545143 ], [ 153.030163042117124, -27.482105435566201 ], [ 153.030233052109736, -27.482104435573216 ], [ 153.030359122068688, -27.482322315587592 ], [ 153.030396132058769, -27.482369455591684 ], [ 153.030476352037795, -27.482467535600499 ], [ 153.030738861969098, -27.4827884956294 ], [ 153.030930011902001, -27.483157475651513 ], [ 153.031157191815851, -27.483646455678187 ], [ 153.03123110178359, -27.483839315687135 ], [ 153.030559941868262, -27.483739435618958 ], [ 153.02992422194842, -27.483644845554377 ], [ 153.02951104200082, -27.483581445512403 ], [ 153.029179182042441, -27.483533985478704 ], [ 153.028861672082485, -27.483486735446448 ], [ 153.02888112209169, -27.483397315447696 ], [ 153.028967522140931, -27.482933705452698 ], [ 153.029054792190692, -27.482465025457767 ], [ 153.029069942200266, -27.482376275458584 ] ] ] ] } },
{ "type": "Feature", "properties": { "sa1_2021": "30501111011", "sa2_2021": "305011110", "sa2_2021_name": "South Brisbane", "sa1_2021_short": 3111011 }, "geometry": { "type": "MultiPolygon", "coordinates": [ [ [ [ 153.019628923131535, -27.483029414516057 ], [ 153.019348123208772, -27.482656454484935 ], [ 153.01893987331303, -27.482177474440196 ], [ 153.018837053349074, -27.481979194428295 ], [ 153.019245893297551, -27.482039414469803 ], [ 153.020138023183506, -27.482184454560489 ], [ 153.020350163155456, -27.482226184582114 ], [ 153.020580043124284, -27.482277454605587 ], [ 153.02144461301387, -27.482416774693451 ], [ 153.021635182989542, -27.482447484712825 ], [ 153.023087042807049, -27.48265843486022 ], [ 153.022943082714619, -27.483513434852522 ], [ 153.022851982665713, -27.483978464847059 ], [ 153.022776022618984, -27.484413444842865 ], [ 153.022913192575459, -27.484641394858439 ], [ 153.022967322560902, -27.484710904864425 ], [ 153.023548582543242, -27.484356104919971 ], [ 153.023602672499948, -27.484653164927746 ], [ 153.023613082455029, -27.485000314931533 ], [ 153.023609172450932, -27.485036044931419 ], [ 153.023435362456411, -27.485140494914802 ], [ 153.023343822459452, -27.485194404906036 ], [ 153.023351962431093, -27.485412164908571 ], [ 153.022795952499621, -27.485342154852219 ], [ 153.021798002624962, -27.485198174750909 ], [ 153.019725022885268, -27.484899434540498 ], [ 153.019700902934801, -27.484527454535133 ], [ 153.019675023001327, -27.484022204528546 ], [ 153.019628923131535, -27.483029414516057 ] ] ] ] } },
{ "type": "Feature", "properties": { "sa1_2021": "30501111013", "sa2_2021": "305011110", "sa2_2021_name": "South Brisbane", "sa1_2021_short": 3111013 }, "geometry": { "type": "MultiPolygon", "coordinates": [ [ [ [ 153.018863043790844, -27.47845544440305 ], [ 153.019977933746304, -27.477860074510236 ], [ 153.020227853736117, -27.477728074534287 ], [ 153.020717023716969, -27.477463454581279 ], [ 153.020802033716194, -27.47739744458929 ], [ 153.021866043405169, -27.478957444708414 ], [ 153.021980543372081, -27.479122034721204 ], [ 153.0218370233776, -27.479200434707419 ], [ 153.021142683405401, -27.479570974640662 ], [ 153.020975043412051, -27.479660444624539 ], [ 153.020018053448979, -27.480182454532613 ], [ 153.020281033372413, -27.480565444562039 ], [ 153.020608033277256, -27.48104144459862 ], [ 153.020817033216417, -27.481345434621996 ], [ 153.021188053108347, -27.481886454663513 ], [ 153.020609053127998, -27.482223444608078 ], [ 153.020580043124284, -27.482277454605587 ], [ 153.020350163155456, -27.482226184582114 ], [ 153.020138023183506, -27.482184454560489 ], [ 153.019245893297551, -27.482039414469803 ], [ 153.018837053349074, -27.481979194428295 ], [ 153.019097043478439, -27.480732444444541 ], [ 153.018309333705531, -27.479603204356568 ], [ 153.017881123828914, -27.478989404308734 ], [ 153.018377193809556, -27.478720494356395 ], [ 153.018863043790844, -27.47845544440305 ] ] ] ] } },
{ "type": "Feature", "properties": { "sa1_2021": "30501111014", "sa2_2021": "305011110", "sa2_2021_name": "South Brisbane", "sa1_2021_short": 3111014 }, "geometry": { "type": "MultiPolygon", "coordinates": [ [ [ [ 153.016078024356659, -27.476340444106842 ], [ 153.015932244399494, -27.476124864090519 ], [ 153.015901174408611, -27.476078924087041 ], [ 153.015524204519409, -27.475521434044801 ], [ 153.016479994484428, -27.47498549413648 ], [ 153.017399024455017, -27.474436444224366 ], [ 153.017833054437574, -27.474205434266093 ], [ 153.01906102407807, -27.476010444403602 ], [ 153.020227853736117, -27.477728074534287 ], [ 153.019977933746304, -27.477860074510236 ], [ 153.018863043790844, -27.47845544440305 ], [ 153.018377193809556, -27.478720494356395 ], [ 153.017881123828914, -27.478989404308734 ], [ 153.017617043906199, -27.478601444279164 ], [ 153.016705014173027, -27.477262484177054 ], [ 153.01643090425344, -27.476858314146362 ], [ 153.016353044276286, -27.476743454137637 ], [ 153.016112114346669, -27.476390404110678 ], [ 153.016078024356659, -27.476340444106842 ] ] ] ] } },
{ "type": "Feature", "properties": { "sa1_2021": "30501111019", "sa2_2021": "305011110", "sa2_2021_name": "South Brisbane", "sa1_2021_short": 3111019 }, "geometry": { "type": "MultiPolygon", "coordinates": [ [ [ [ 153.011228855019652, -27.47521065361137 ], [ 153.010585025159941, -27.474646443542323 ], [ 153.01000602515677, -27.475164443488325 ], [ 153.009424105153926, -27.475682293434041 ], [ 153.00877210531371, -27.474970303363008 ], [ 153.008468105391245, -27.474614303329698 ], [ 153.008207125448394, -27.474383313301693 ], [ 153.007899025516991, -27.474101443268555 ], [ 153.007980025514485, -27.474052443276292 ], [ 153.009739035510393, -27.472587443441167 ], [ 153.011890045458983, -27.471164443645726 ], [ 153.012219895447089, -27.470977903677348 ], [ 153.012359075416327, -27.471103423692302 ], [ 153.01257399537198, -27.471272443715197 ], [ 153.013432955182395, -27.472044463807485 ], [ 153.013501465167707, -27.472102813814825 ], [ 153.013694025170054, -27.471920443832705 ], [ 153.013770055149138, -27.472021433841125 ], [ 153.013613035069, -27.472790443831453 ], [ 153.013353044930284, -27.474111433815803 ], [ 153.013348044919496, -27.474201443816021 ], [ 153.013353044904818, -27.474313433817411 ], [ 153.01338004489233, -27.474389413820713 ], [ 153.013350714889839, -27.474434103818123 ], [ 153.013305184885979, -27.474503453814101 ], [ 153.013265184874399, -27.474629433811089 ], [ 153.01325877487136, -27.474659203810671 ], [ 153.013252314868254, -27.474689203810261 ], [ 153.013092064791607, -27.475433413800076 ], [ 153.013071044767827, -27.475639443799587 ], [ 153.013053044749995, -27.475796433799022 ], [ 153.013003044736905, -27.475942433795161 ], [ 153.012535114798283, -27.475854433747525 ], [ 153.01243900481046, -27.475839413737759 ], [ 153.011847154885004, -27.475752463677694 ], [ 153.01130982500203, -27.475281613620055 ], [ 153.011228855019652, -27.47521065361137 ] ] ] ] } },
{ "type": "Feature", "properties": { "sa1_2021": "30501111020", "sa2_2021": "305011110", "sa2_2021_name": "South Brisbane", "sa1_2021_short": 3111020 }, "geometry": { "type": "MultiPolygon", "coordinates": [ [ [ [ 153.013071044767827, -27.475639443799587 ], [ 153.013092064791607, -27.475433413800076 ], [ 153.013252314868254, -27.474689203810261 ], [ 153.01325877487136, -27.474659203810671 ], [ 153.013265184874399, -27.474629433811089 ], [ 153.013305184885979, -27.474503453814101 ], [ 153.013350714889839, -27.474434103818123 ], [ 153.01338004489233, -27.474389413820713 ], [ 153.013857034757734, -27.475050443873798 ], [ 153.0139701047259, -27.475206743886382 ], [ 153.013986604721282, -27.47522956388822 ], [ 153.014312074629572, -27.475679473924437 ], [ 153.014561924556745, -27.476044433952385 ], [ 153.014083034574952, -27.476307443906407 ], [ 153.013609054593076, -27.476567443860908 ], [ 153.013414034605518, -27.476634453841871 ], [ 153.013066044620189, -27.476814433808375 ], [ 153.012904054626858, -27.476899443792799 ], [ 153.012791014629272, -27.476976443782064 ], [ 153.012813064641676, -27.476859443783354 ], [ 153.012833024651513, -27.476764443784599 ], [ 153.012861054660306, -27.476670453786674 ], [ 153.012929604697632, -27.476316763790752 ], [ 153.013003044736905, -27.475942433795161 ], [ 153.013053044749995, -27.475796433799022 ], [ 153.013071044767827, -27.475639443799587 ] ] ] ] } },
{ "type": "Feature", "properties": { "sa1_2021": "30501111021", "sa2_2021": "305011110", "sa2_2021_name": "South Brisbane", "sa1_2021_short": 3111021 }, "geometry": { "type": "MultiPolygon", "coordinates": [ [ [ [ 153.015970934998222, -27.471344894056621 ], [ 153.016188354935338, -27.471658944080914 ], [ 153.016155224936369, -27.471678714077754 ], [ 153.015789144950986, -27.471874344042572 ], [ 153.015690654954341, -27.471931834033136 ], [ 153.015651474965694, -27.471874804028754 ], [ 153.015477635016282, -27.471621764009313 ], [ 153.015562605013656, -27.471570164017425 ], [ 153.015970934998222, -27.471344894056621 ] ] ] ] } },
{ "type": "Feature", "properties": { "sa1_2021": "30501111022", "sa2_2021": "305011110", "sa2_2021_name": "South Brisbane", "sa1_2021_short": 3111022 }, "geometry": { "type": "MultiPolygon", "coordinates": [ [ [ [ 153.015901174408611, -27.476078924087041 ], [ 153.015932244399494, -27.476124864090519 ], [ 153.016078024356659, -27.476340444106842 ], [ 153.016112114346669, -27.476390404110678 ], [ 153.016029784349485, -27.476438014102779 ], [ 153.015637324364604, -27.476652314065102 ], [ 153.015690504349124, -27.476729874071051 ], [ 153.015298124364193, -27.476944344033367 ], [ 153.015212674366978, -27.476995014025199 ], [ 153.015054434413145, -27.476763864007488 ], [ 153.014561924556745, -27.476044433952385 ], [ 153.015524204519409, -27.475521434044801 ], [ 153.015901174408611, -27.476078924087041 ] ] ] ] } },
{ "type": "Feature", "properties": { "sa1_2021": "30501111023", "sa2_2021": "305011110", "sa2_2021_name": "South Brisbane", "sa1_2021_short": 3111023 }, "geometry": { "type": "MultiPolygon", "coordinates": [ [ [ [ 153.015724044872201, -27.472554444041407 ], [ 153.015843144852994, -27.47260542405375 ], [ 153.01625303479068, -27.472750444096043 ], [ 153.016353044773382, -27.472802454106489 ], [ 153.015727034799852, -27.473125444046218 ], [ 153.015493034809964, -27.473244434023677 ], [ 153.015309034822138, -27.473304454005696 ], [ 153.014837024839551, -27.47356844396041 ], [ 153.014364054856969, -27.47383244391504 ], [ 153.01398302496824, -27.473274443872402 ], [ 153.013613035069, -27.472790443831453 ], [ 153.013770055149138, -27.472021433841125 ], [ 153.013694025170054, -27.471920443832705 ], [ 153.014013035165164, -27.471687433862872 ], [ 153.014122025165847, -27.471589443873032 ], [ 153.014303025158625, -27.471492443890426 ], [ 153.014523015099485, -27.471774463914727 ], [ 153.014853155022422, -27.472104413950454 ], [ 153.015182934959654, -27.472321483985265 ], [ 153.015724044872201, -27.472554444041407 ] ] ] ] } },
{ "type": "Feature", "properties": { "sa1_2021": "30501111024", "sa2_2021": "305011110", "sa2_2021_name": "South Brisbane", "sa1_2021_short": 3111024 }, "geometry": { "type": "MultiPolygon", "coordinates": [ [ [ [ 153.016133854194834, -27.477575714122221 ], [ 153.015753174209351, -27.477784484085674 ], [ 153.015265824351445, -27.47707260403115 ], [ 153.015212674366978, -27.476995014025199 ], [ 153.015298124364193, -27.476944344033367 ], [ 153.015690504349124, -27.476729874071051 ], [ 153.015955934271716, -27.477117794100746 ], [ 153.01643090425344, -27.476858314146362 ], [ 153.016705014173027, -27.477262484177054 ], [ 153.016189864192683, -27.477544994127605 ], [ 153.016133854194834, -27.477575714122221 ] ] ] ] } },
{ "type": "Feature", "properties": { "sa1_2021": "30501111025", "sa2_2021": "305011110", "sa2_2021_name": "South Brisbane", "sa1_2021_short": 3111025 }, "geometry": { "type": "MultiPolygon", "coordinates": [ [ [ [ 153.016237324554425, -27.474637114109374 ], [ 153.01618028455664, -27.474667934103902 ], [ 153.015335244590915, -27.47511538402264 ], [ 153.01526741459358, -27.475151854016119 ], [ 153.014781444733472, -27.474456503961857 ], [ 153.014722274750511, -27.474371843955247 ], [ 153.014526994806687, -27.47409242393346 ], [ 153.014471914823304, -27.474007453927253 ], [ 153.014364054856969, -27.47383244391504 ], [ 153.014837024839551, -27.47356844396041 ], [ 153.015309034822138, -27.473304454005696 ], [ 153.016237324554425, -27.474637114109374 ] ] ] ] } },
{ "type": "Feature", "properties": { "sa1_2021": "30501111026", "sa2_2021": "305011110", "sa2_2021_name": "South Brisbane", "sa1_2021_short": 3111026 }, "geometry": { "type": "MultiPolygon", "coordinates": [ [ [ [ 153.013857034757734, -27.475050443873798 ], [ 153.01338004489233, -27.474389413820713 ], [ 153.013490204890843, -27.474307423831114 ], [ 153.013760194880916, -27.47415641385702 ], [ 153.014364054856969, -27.47383244391504 ], [ 153.014471914823304, -27.474007453927253 ], [ 153.014526994806687, -27.47409242393346 ], [ 153.014722274750511, -27.474371843955247 ], [ 153.014781444733472, -27.474456503961857 ], [ 153.01526741459358, -27.475151854016119 ], [ 153.015524204519409, -27.475521434044801 ], [ 153.014561924556745, -27.476044433952385 ], [ 153.014312074629572, -27.475679473924437 ], [ 153.013986604721282, -27.47522956388822 ], [ 153.0139701047259, -27.475206743886382 ], [ 153.013857034757734, -27.475050443873798 ] ] ] ] } },
{ "type": "Feature", "properties": { "sa1_2021": "30501111027", "sa2_2021": "305011110", "sa2_2021_name": "South Brisbane", "sa1_2021_short": 3111027 }, "geometry": { "type": "MultiPolygon", "coordinates": [ [ [ [ 153.016237324554425, -27.474637114109374 ], [ 153.015309034822138, -27.473304454005696 ], [ 153.015493034809964, -27.473244434023677 ], [ 153.015727034799852, -27.473125444046218 ], [ 153.016353044773382, -27.472802454106489 ], [ 153.016462004758182, -27.472830444117637 ], [ 153.016608874735709, -27.47288344413279 ], [ 153.016775174709181, -27.472952464150037 ], [ 153.016931024681497, -27.473039434166356 ], [ 153.01703691466065, -27.473114474177578 ], [ 153.017246054611718, -27.473324444200216 ], [ 153.017833054437574, -27.474205434266093 ], [ 153.017399024455017, -27.474436444224366 ], [ 153.016479994484428, -27.47498549413648 ], [ 153.016237324554425, -27.474637114109374 ] ] ] ] } },
{ "type": "Feature", "properties": { "sa1_2021": "30501111028", "sa2_2021": "305011110", "sa2_2021_name": "South Brisbane", "sa1_2021_short": 3111028 }, "geometry": { "type": "MultiPolygon", "coordinates": [ [ [ [ 153.016240084920355, -27.471733654086705 ], [ 153.01626114491404, -27.471765874089066 ], [ 153.016398254874332, -27.471963654104385 ], [ 153.016378914874309, -27.471980484102584 ], [ 153.015987574889522, -27.472192924064991 ], [ 153.015902274892738, -27.472239874056807 ], [ 153.015889024896609, -27.472220584055314 ], [ 153.015690654954341, -27.471931834033136 ], [ 153.015789144950986, -27.471874344042572 ], [ 153.016155224936369, -27.471678714077754 ], [ 153.016188354935338, -27.471658944080914 ], [ 153.016209954929082, -27.471690134083339 ], [ 153.016220504925997, -27.47170536408451 ], [ 153.016240084920355, -27.471733654086705 ] ] ] ] } },
{ "type": "Feature", "properties": { "sa1_2021": "30501111029", "sa2_2021": "305011110", "sa2_2021_name": "South Brisbane", "sa1_2021_short": 3111029 }, "geometry": { "type": "MultiPolygon", "coordinates": [ [ [ [ 153.012924714548546, -27.477502833799637 ], [ 153.012715134606765, -27.477219453776375 ], [ 153.012740054617097, -27.477116443778055 ], [ 153.012770024625212, -27.477026443780353 ], [ 153.012791014629272, -27.476976443782064 ], [ 153.012904054626858, -27.476899443792799 ], [ 153.013066044620189, -27.476814433808375 ], [ 153.013414034605518, -27.476634453841871 ], [ 153.013609054593076, -27.476567443860908 ], [ 153.013989304482237, -27.477122403903451 ], [ 153.014308244389269, -27.477587863939139 ], [ 153.014519304327791, -27.477895893962742 ], [ 153.01479990424599, -27.478305403994135 ], [ 153.014325034264573, -27.478562243948517 ], [ 153.013845064283061, -27.478824253902435 ], [ 153.012959164538955, -27.477549403803479 ], [ 153.012924714548546, -27.477502833799637 ] ] ] ] } },
{ "type": "Feature", "properties": { "sa1_2021": "30501111030", "sa2_2021": "305011110", "sa2_2021_name": "South Brisbane", "sa1_2021_short": 3111030 }, "geometry": { "type": "MultiPolygon", "coordinates": [ [ [ [ 153.020975043412051, -27.479660444624539 ], [ 153.021142683405401, -27.479570974640662 ], [ 153.0218370233776, -27.479200434707419 ], [ 153.021980543372081, -27.479122034721204 ], [ 153.023170043028415, -27.480833454854132 ], [ 153.023070033032212, -27.480888454844525 ], [ 153.022137053071816, -27.481368474754674 ], [ 153.021188053108347, -27.481886454663513 ], [ 153.020817033216417, -27.481345434621996 ], [ 153.020608033277256, -27.48104144459862 ], [ 153.020281033372413, -27.480565444562039 ], [ 153.020018053448979, -27.480182454532613 ], [ 153.020975043412051, -27.479660444624539 ] ] ] ] } },
{ "type": "Feature", "properties": { "sa1_2021": "30501111031", "sa2_2021": "305011110", "sa2_2021_name": "South Brisbane", "sa1_2021_short": 3111031 }, "geometry": { "type": "MultiPolygon", "coordinates": [ [ [ [ 153.01338004489233, -27.474389413820713 ], [ 153.013353044904818, -27.474313433817411 ], [ 153.013348044919496, -27.474201443816021 ], [ 153.013353044930284, -27.474111433815803 ], [ 153.013613035069, -27.472790443831453 ], [ 153.01398302496824, -27.473274443872402 ], [ 153.014364054856969, -27.47383244391504 ], [ 153.013760194880916, -27.47415641385702 ], [ 153.013490204890843, -27.474307423831114 ], [ 153.01338004489233, -27.474389413820713 ] ] ] ] } },
{ "type": "Feature", "properties": { "sa1_2021": "30501111032", "sa2_2021": "305011110", "sa2_2021_name": "South Brisbane", "sa1_2021_short": 3111032 }, "geometry": { "type": "MultiPolygon", "coordinates": [ [ [ [ 153.013636025390667, -27.470220443813453 ], [ 153.013832035378954, -27.470146443832526 ], [ 153.013920035375804, -27.470096433840958 ], [ 153.014077015367576, -27.470028453856177 ], [ 153.014170015366517, -27.469957443864935 ], [ 153.014407055347903, -27.469903443888303 ], [ 153.014515015319517, -27.470036443900185 ], [ 153.014546005316731, -27.470032243903265 ], [ 153.014565025316983, -27.470014263905028 ], [ 153.01464900531451, -27.469962253913042 ], [ 153.014700005310402, -27.469951253918076 ], [ 153.014777015305839, -27.469922263925579 ], [ 153.01484099530262, -27.469893253931765 ], [ 153.01493100529612, -27.469868263940597 ], [ 153.014969985293078, -27.469859253944435 ], [ 153.015014015291996, -27.469830263948623 ], [ 153.015097045289735, -27.469777443956541 ], [ 153.015200055281582, -27.469754443966686 ], [ 153.015513035268583, -27.469591443996805 ], [ 153.015723025257614, -27.469499444017149 ], [ 153.015860045248473, -27.469455454030545 ], [ 153.015947025240877, -27.469441444039166 ], [ 153.015999035235666, -27.469438454044369 ], [ 153.016138025220414, -27.469441444058337 ], [ 153.016254025206081, -27.469456454070102 ], [ 153.016368055186518, -27.469514444081994 ], [ 153.016491015182652, -27.469440444093749 ], [ 153.016670055162564, -27.469447444111772 ], [ 153.016805025144691, -27.469474454125532 ], [ 153.016882045133627, -27.469496444133437 ], [ 153.017069035101713, -27.469590444152942 ], [ 153.017169045078475, -27.469689434163755 ], [ 153.017260035059479, -27.469762444173472 ], [ 153.017312055052031, -27.469777444178803 ], [ 153.017515935012028, -27.469921224200398 ], [ 153.01754097500455, -27.469959244203217 ], [ 153.017607954982083, -27.470080234210897 ], [ 153.017639964969163, -27.470155234214705 ], [ 153.017694974957607, -27.470200244220571 ], [ 153.017810964928657, -27.47033124423325 ], [ 153.017852974919322, -27.470369244237769 ], [ 153.01793404490391, -27.470422444246317 ], [ 153.018005034893037, -27.470448434253658 ], [ 153.018020044889766, -27.470461444255264 ], [ 153.01815005486057, -27.470582454269259 ], [ 153.018201954847854, -27.47063922427493 ], [ 153.018278934833489, -27.47068723428303 ], [ 153.018474934788998, -27.470873214304159 ], [ 153.018505924782147, -27.470901204307506 ], [ 153.018525934775738, -27.47093521430978 ], [ 153.018564944759959, -27.471027214314407 ], [ 153.018591924745323, -27.471120214317857 ], [ 153.018612944738351, -27.471157214320272 ], [ 153.018634914729347, -27.471210214322891 ], [ 153.018650944721344, -27.471260214324893 ], [ 153.018680944704101, -27.471371214328773 ], [ 153.018807924699161, -27.471302214340973 ], [ 153.019934934370553, -27.472948384467099 ], [ 153.019613044377593, -27.473166444436512 ], [ 153.019474014380023, -27.473265454423352 ], [ 153.018444024422223, -27.473807444324255 ], [ 153.01834602442338, -27.473881444315005 ], [ 153.018193054425552, -27.473994444300551 ], [ 153.017833054437574, -27.474205434266093 ], [ 153.017246054611718, -27.473324444200216 ], [ 153.01703691466065, -27.473114474177578 ], [ 153.016931024681497, -27.473039434166356 ], [ 153.016775174709181, -27.472952464150037 ], [ 153.016608874735709, -27.47288344413279 ], [ 153.016462004758182, -27.472830444117637 ], [ 153.016353044773382, -27.472802454106489 ], [ 153.01625303479068, -27.472750444096043 ], [ 153.015843144852994, -27.47260542405375 ], [ 153.015724044872201, -27.472554444041407 ], [ 153.015182934959654, -27.472321483985265 ], [ 153.014853155022422, -27.472104413950454 ], [ 153.014523015099485, -27.471774463914727 ], [ 153.014303025158625, -27.471492443890426 ], [ 153.014091035214562, -27.471229413867071 ], [ 153.013947845261043, -27.470982973850756 ], [ 153.013755895322674, -27.470657473828926 ], [ 153.013522035395681, -27.470277443802452 ], [ 153.013636025390667, -27.470220443813453 ] ], [ [ 153.015477635016282, -27.471621764009313 ], [ 153.015651474965694, -27.471874804028754 ], [ 153.015690654954341, -27.471931834033136 ], [ 153.015889024896609, -27.472220584055314 ], [ 153.015902274892738, -27.472239874056807 ], [ 153.015987574889522, -27.472192924064991 ], [ 153.016378914874309, -27.471980484102584 ], [ 153.016398254874332, -27.471963654104385 ], [ 153.01626114491404, -27.471765874089066 ], [ 153.016240084920355, -27.471733654086705 ], [ 153.016220504925997, -27.47170536408451 ], [ 153.016209954929082, -27.471690134083339 ], [ 153.016188354935338, -27.471658944080914 ], [ 153.015970934998222, -27.471344894056621 ], [ 153.015562605013656, -27.471570164017425 ], [ 153.015477635016282, -27.471621764009313 ] ] ] ] } },
{ "type": "Feature", "properties": { "sa1_2021": "30501111033", "sa2_2021": "305011110", "sa2_2021_name": "South Brisbane", "sa1_2021_short": 3111033 }, "geometry": { "type": "MultiPolygon", "coordinates": [ [ [ [ 153.027672062232455, -27.483310495325625 ], [ 153.027260922283546, -27.483255395283912 ], [ 153.026886142334149, -27.483173425245653 ], [ 153.026338022417718, -27.482977455189079 ], [ 153.026387042420936, -27.482910445193468 ], [ 153.026449052424084, -27.482832455199077 ], [ 153.026578042422869, -27.48273243521124 ], [ 153.027031012412607, -27.4824284452543 ], [ 153.027295012405602, -27.482259445279468 ], [ 153.027423022400086, -27.482194445291807 ], [ 153.027539022392261, -27.482157445303159 ], [ 153.027689032379442, -27.482131445318007 ], [ 153.027792032368524, -27.482130445328345 ], [ 153.027901022355053, -27.482144455339402 ], [ 153.027785032297231, -27.482701455332151 ], [ 153.027749042278344, -27.482881435329968 ], [ 153.027672062232455, -27.483310495325625 ] ] ] ] } },
{ "type": "Feature", "properties": { "sa1_2021": "30501111034", "sa2_2021": "305011110", "sa2_2021_name": "South Brisbane", "sa1_2021_short": 3111034 }, "geometry": { "type": "MultiPolygon", "coordinates": [ [ [ [ 153.015690504349124, -27.476729874071051 ], [ 153.015637324364604, -27.476652314065102 ], [ 153.016029784349485, -27.476438014102779 ], [ 153.016112114346669, -27.476390404110678 ], [ 153.016353044276286, -27.476743454137637 ], [ 153.01643090425344, -27.476858314146362 ], [ 153.015955934271716, -27.477117794100746 ], [ 153.015690504349124, -27.476729874071051 ] ] ] ] } },
{ "type": "Feature", "properties": { "sa1_2021": "30501111035", "sa2_2021": "305011110", "sa2_2021_name": "South Brisbane", "sa1_2021_short": 3111035 }, "geometry": { "type": "MultiPolygon", "coordinates": [ [ [ [ 153.023087042807049, -27.48265843486022 ], [ 153.021635182989542, -27.482447484712825 ], [ 153.02144461301387, -27.482416774693451 ], [ 153.020580043124284, -27.482277454605587 ], [ 153.020609053127998, -27.482223444608078 ], [ 153.021188053108347, -27.481886454663513 ], [ 153.022137053071816, -27.481368474754674 ], [ 153.023070033032212, -27.480888454844525 ], [ 153.023170043028415, -27.480833454854132 ], [ 153.023464052942359, -27.481265444887054 ], [ 153.024323042691265, -27.482524444983223 ], [ 153.02428048265881, -27.48281772498127 ], [ 153.023087042807049, -27.48265843486022 ] ] ] ] } },
{ "type": "Feature", "properties": { "sa1_2021": "30501111036", "sa2_2021": "305011110", "sa2_2021_name": "South Brisbane", "sa1_2021_short": 3111036 }, "geometry": { "type": "MultiPolygon", "coordinates": [ [ [ [ 153.014229094171355, -27.479382943945385 ], [ 153.013845064283061, -27.478824253902435 ], [ 153.014325034264573, -27.478562243948517 ], [ 153.01479990424599, -27.478305403994135 ], [ 153.015472524220087, -27.477938444058726 ], [ 153.015753174209351, -27.477784484085674 ], [ 153.016133854194834, -27.477575714122221 ], [ 153.016189864192683, -27.477544994127605 ], [ 153.016705014173027, -27.477262484177054 ], [ 153.017617043906199, -27.478601444279164 ], [ 153.017881123828914, -27.478989404308734 ], [ 153.018309333705531, -27.479603204356568 ], [ 153.019097043478439, -27.480732444444541 ], [ 153.018837053349074, -27.481979194428295 ], [ 153.018679013368569, -27.481959194412291 ], [ 153.017046033575809, -27.481706224246409 ], [ 153.016676913622604, -27.481649444208916 ], [ 153.015560923764525, -27.481474494095551 ], [ 153.015560193777191, -27.481374404094684 ], [ 153.015543983788177, -27.481301404092477 ], [ 153.015030063938354, -27.480548234034963 ], [ 153.014229094171355, -27.479382943945385 ] ] ] ] } },
{ "type": "Feature", "properties": { "sa1_2021": "30501111037", "sa2_2021": "305011110", "sa2_2021_name": "South Brisbane", "sa1_2021_short": 3111037 }, "geometry": { "type": "MultiPolygon", "coordinates": [ [ [ [ 153.028478932130724, -27.483430015407588 ], [ 153.028421622137984, -27.483421525401756 ], [ 153.027672062232455, -27.483310495325625 ], [ 153.027749042278344, -27.482881435329968 ], [ 153.027785032297231, -27.482701455332151 ], [ 153.027901022355053, -27.482144455339402 ], [ 153.028363552296184, -27.482217345386417 ], [ 153.028383012293688, -27.482220455388394 ], [ 153.028623032258707, -27.48229345541306 ], [ 153.029033032204609, -27.482373445454854 ], [ 153.029069942200266, -27.482376275458584 ], [ 153.029054792190692, -27.482465025457767 ], [ 153.028967522140931, -27.482933705452698 ], [ 153.02888112209169, -27.483397315447696 ], [ 153.028861672082485, -27.483486735446448 ], [ 153.028478932130724, -27.483430015407588 ] ] ] ] } },
{ "type": "Feature", "properties": { "sa1_2021": "30501111038", "sa2_2021": "305011110", "sa2_2021_name": "South Brisbane", "sa1_2021_short": 3111038 }, "geometry": { "type": "MultiPolygon", "coordinates": [ [ [ [ 153.016237324554425, -27.474637114109374 ], [ 153.016479994484428, -27.47498549413648 ], [ 153.015524204519409, -27.475521434044801 ], [ 153.01526741459358, -27.475151854016119 ], [ 153.015335244590915, -27.47511538402264 ], [ 153.01618028455664, -27.474667934103902 ], [ 153.016237324554425, -27.474637114109374 ] ] ] ] } },
{ "type": "Feature", "properties": { "sa1_2021": "30501111039", "sa2_2021": "305011110", "sa2_2021_name": "South Brisbane", "sa1_2021_short": 3111039 }, "geometry": { "type": "MultiPolygon", "coordinates": [ [ [ [ 153.013501465167707, -27.472102813814825 ], [ 153.013432955182395, -27.472044463807485 ], [ 153.01257399537198, -27.471272443715197 ], [ 153.012359075416327, -27.471103423692302 ], [ 153.012219895447089, -27.470977903677348 ], [ 153.012661035431222, -27.470728433719632 ], [ 153.013078045414829, -27.470503433759692 ], [ 153.013522035395681, -27.470277443802452 ], [ 153.013755895322674, -27.470657473828926 ], [ 153.013947845261043, -27.470982973850756 ], [ 153.014091035214562, -27.471229413867071 ], [ 153.014303025158625, -27.471492443890426 ], [ 153.014122025165847, -27.471589443873032 ], [ 153.014013035165164, -27.471687433862872 ], [ 153.013694025170054, -27.471920443832705 ], [ 153.013501465167707, -27.472102813814825 ] ] ] ] } },
{ "type": "Feature", "properties": { "sa1_2021": "30501111040", "sa2_2021": "305011110", "sa2_2021_name": "South Brisbane", "sa1_2021_short": 3111040 }, "geometry": { "type": "MultiPolygon", "coordinates": [ [ [ [ 153.014308244389269, -27.477587863939139 ], [ 153.013989304482237, -27.477122403903451 ], [ 153.013609054593076, -27.476567443860908 ], [ 153.014083034574952, -27.476307443906407 ], [ 153.014561924556745, -27.476044433952385 ], [ 153.015054434413145, -27.476763864007488 ], [ 153.015212674366978, -27.476995014025199 ], [ 153.015265824351445, -27.47707260403115 ], [ 153.015753174209351, -27.477784484085674 ], [ 153.015472524220087, -27.477938444058726 ], [ 153.01479990424599, -27.478305403994135 ], [ 153.014519304327791, -27.477895893962742 ], [ 153.014308244389269, -27.477587863939139 ] ] ] ] } },
{ "type": "Feature", "properties": { "sa1_2021": "30501111041", "sa2_2021": "305011110", "sa2_2021_name": "South Brisbane", "sa1_2021_short": 3111041 }, "geometry": { "type": "MultiPolygon", "coordinates": [ [ [ [ 153.010066065008857, -27.47628618350322 ], [ 153.009424105153926, -27.475682293434041 ], [ 153.01000602515677, -27.475164443488325 ], [ 153.010585025159941, -27.474646443542323 ], [ 153.011228855019652, -27.47521065361137 ], [ 153.01130982500203, -27.475281613620055 ], [ 153.011847154885004, -27.475752463677694 ], [ 153.01243900481046, -27.475839413737759 ], [ 153.012535114798283, -27.475854433747525 ], [ 153.013003044736905, -27.475942433795161 ], [ 153.012929604697632, -27.476316763790752 ], [ 153.012861054660306, -27.476670453786674 ], [ 153.012833024651513, -27.476764443784599 ], [ 153.012813064641676, -27.476859443783354 ], [ 153.012791014629272, -27.476976443782064 ], [ 153.012770024625212, -27.477026443780353 ], [ 153.012740054617097, -27.477116443778055 ], [ 153.012715134606765, -27.477219453776375 ], [ 153.010807124846309, -27.47694427358277 ], [ 153.010718324865536, -27.476867323573249 ], [ 153.0107129848667, -27.476862753572675 ], [ 153.010701604869155, -27.476853013571464 ], [ 153.010335114948049, -27.476539283532212 ], [ 153.010066065008857, -27.47628618350322 ] ] ] ] } },
{ "type": "Feature", "properties": { "sa1_2021": "30501111202", "sa2_2021": "305011112", "sa2_2021_name": "West End", "sa1_2021_short": 3111202 }, "geometry": { "type": "MultiPolygon", "coordinates": [ [ [ [ 153.012309034342479, -27.479660443754927 ], [ 153.012391014390687, -27.479208443759578 ], [ 153.012473494438211, -27.47876170376432 ], [ 153.01249014444781, -27.478671483765275 ], [ 153.012499014452885, -27.478623443765787 ], [ 153.012715134606765, -27.477219453776375 ], [ 153.012924714548546, -27.477502833799637 ], [ 153.012959164538955, -27.477549403803479 ], [ 153.013845064283061, -27.478824253902435 ], [ 153.014229094171355, -27.479382943945385 ], [ 153.015030063938354, -27.480548234034963 ], [ 153.015543983788177, -27.481301404092477 ], [ 153.015560193777191, -27.481374404094684 ], [ 153.015560923764525, -27.481474494095551 ], [ 153.014566883888932, -27.481334443994697 ], [ 153.014040073954874, -27.481260223941245 ], [ 153.013848053978563, -27.481235433921789 ], [ 153.013059984078865, -27.481111433841736 ], [ 153.012764444116101, -27.481067663811722 ], [ 153.012061014204733, -27.480963463740338 ], [ 153.012309034342479, -27.479660443754927 ] ] ] ] } },
{ "type": "Feature", "properties": { "sa1_2021": "30501111204", "sa2_2021": "305011112", "sa2_2021_name": "West End", "sa1_2021_short": 3111204 }, "geometry": { "type": "MultiPolygon", "coordinates": [ [ [ [ 153.00890416482963, -27.478696463405708 ], [ 153.009452034760074, -27.47878144346134 ], [ 153.010433044637352, -27.478919443560859 ], [ 153.010617034614711, -27.478942413579492 ], [ 153.011643014484861, -27.479098483683657 ], [ 153.012391014390687, -27.479208443759578 ], [ 153.012309034342479, -27.479660443754927 ], [ 153.012061014204733, -27.480963463740338 ], [ 153.011316154298754, -27.480852413664724 ], [ 153.010934184346951, -27.480795433625961 ], [ 153.010636124384376, -27.480752423595707 ], [ 153.010259044432075, -27.480695443557433 ], [ 153.009996064465213, -27.480656483530744 ], [ 153.009366144544572, -27.480563293466819 ], [ 153.008999944591068, -27.480506443429626 ], [ 153.008878984604451, -27.480503463417467 ], [ 153.008742874617951, -27.480512473403881 ], [ 153.008589064631053, -27.480539443388665 ], [ 153.00847109464155, -27.480556483376969 ], [ 153.008324904654245, -27.480580423362483 ], [ 153.008156094669971, -27.480599403345703 ], [ 153.007989034689757, -27.480584473328829 ], [ 153.007328094773243, -27.480485483261745 ], [ 153.006821914837246, -27.480409203210368 ], [ 153.005913464952016, -27.480272303118159 ], [ 153.005669354982871, -27.480235533093381 ], [ 153.005251025035761, -27.480172443050925 ], [ 153.005670815073955, -27.479511863087815 ], [ 153.005783015084177, -27.479335453097669 ], [ 153.006405045141094, -27.478354453152313 ], [ 153.006923015077092, -27.478420953204797 ], [ 153.007307115029619, -27.478470273243708 ], [ 153.007311655029042, -27.478470863244169 ], [ 153.007689884982341, -27.478519433282504 ], [ 153.007756434974453, -27.478525373289216 ], [ 153.007776004972101, -27.478527113291204 ], [ 153.00805995493846, -27.478552453319882 ], [ 153.00890416482963, -27.478696463405708 ] ] ] ] } },
{ "type": "Feature", "properties": { "sa1_2021": "30501111205", "sa2_2021": "305011112", "sa2_2021_name": "West End", "sa1_2021_short": 3111205 }, "geometry": { "type": "MultiPolygon", "coordinates": [ [ [ [ 153.011702404007565, -27.482832373719127 ], [ 153.012061014204733, -27.480963463740338 ], [ 153.012764444116101, -27.481067663811722 ], [ 153.013059984078865, -27.481111433841736 ], [ 153.013848053978563, -27.481235433921789 ], [ 153.014040073954874, -27.481260223941245 ], [ 153.013878093848007, -27.482245243932788 ], [ 153.01364212371675, -27.483486243918914 ], [ 153.013603393721667, -27.483480413914982 ], [ 153.012637123843746, -27.48333526381689 ], [ 153.012540003856031, -27.483320443807028 ], [ 153.0116351339706, -27.483182413715149 ], [ 153.011693054002365, -27.48288145371858 ], [ 153.011702404007565, -27.482832373719127 ] ] ] ] } },
{ "type": "Feature", "properties": { "sa1_2021": "30501111206", "sa2_2021": "305011112", "sa2_2021_name": "West End", "sa1_2021_short": 3111206 }, "geometry": { "type": "MultiPolygon", "coordinates": [ [ [ [ 153.009301904506145, -27.480922713463205 ], [ 153.009366144544572, -27.480563293466819 ], [ 153.009996064465213, -27.480656483530744 ], [ 153.010259044432075, -27.480695443557433 ], [ 153.010636124384376, -27.480752423595707 ], [ 153.010934184346951, -27.480795433625961 ], [ 153.011316154298754, -27.480852413664724 ], [ 153.012061014204733, -27.480963463740338 ], [ 153.011702404007565, -27.482832373719127 ], [ 153.011693054002365, -27.48288145371858 ], [ 153.0116351339706, -27.483182413715149 ], [ 153.011570163942793, -27.483458243710821 ], [ 153.008979284271362, -27.483059003447728 ], [ 153.008904164280921, -27.483047423440095 ], [ 153.009016114338237, -27.482497433446994 ], [ 153.009301904506145, -27.480922713463205 ] ] ] ] } },
{ "type": "Feature", "properties": { "sa1_2021": "30501111207", "sa2_2021": "305011112", "sa2_2021_name": "West End", "sa1_2021_short": 3111207 }, "geometry": { "type": "MultiPolygon", "coordinates": [ [ [ [ 153.008169054373866, -27.482936433365481 ], [ 153.007568224450068, -27.48284347330447 ], [ 153.006910134533513, -27.482742413237656 ], [ 153.007021024596355, -27.482149483244097 ], [ 153.007068144622451, -27.481902433246866 ], [ 153.007230164716788, -27.481016473256119 ], [ 153.00723600472017, -27.480984723256455 ], [ 153.007328094773243, -27.480485483261745 ], [ 153.007989034689757, -27.480584473328829 ], [ 153.008156094669971, -27.480599403345703 ], [ 153.008324904654245, -27.480580423362483 ], [ 153.00847109464155, -27.480556483376969 ], [ 153.008589064631053, -27.480539443388665 ], [ 153.008742874617951, -27.480512473403881 ], [ 153.008878984604451, -27.480503463417467 ], [ 153.008999944591068, -27.480506443429626 ], [ 153.009366144544572, -27.480563293466819 ], [ 153.009301904506145, -27.480922713463205 ], [ 153.009016114338237, -27.482497433446994 ], [ 153.008904164280921, -27.483047423440095 ], [ 153.008169054373866, -27.482936433365481 ] ] ] ] } },
{ "type": "Feature", "properties": { "sa1_2021": "30501111208", "sa2_2021": "305011112", "sa2_2021_name": "West End", "sa1_2021_short": 3111208 }, "geometry": { "type": "MultiPolygon", "coordinates": [ [ [ [ 153.004400214959389, -27.481502462976099 ], [ 153.004710024987048, -27.481019443003351 ], [ 153.004928225006353, -27.480680303022567 ], [ 153.005251025035761, -27.480172443050925 ], [ 153.005669354982871, -27.480235533093381 ], [ 153.005913464952016, -27.480272303118159 ], [ 153.006821914837246, -27.480409203210368 ], [ 153.007328094773243, -27.480485483261745 ], [ 153.00723600472017, -27.480984723256455 ], [ 153.007230164716788, -27.481016473256119 ], [ 153.007068144622451, -27.481902433246866 ], [ 153.007021024596355, -27.482149483244097 ], [ 153.006910134533513, -27.482742413237656 ], [ 153.006839904495536, -27.483103493233472 ], [ 153.006434684546463, -27.483044643192351 ], [ 153.005830134622386, -27.482957413131029 ], [ 153.0053610346813, -27.482889463083435 ], [ 153.00464607477133, -27.482784443010893 ], [ 153.004295824814619, -27.482739332975402 ], [ 153.003629074897049, -27.48265348290786 ], [ 153.004303044951541, -27.481647452967501 ], [ 153.004400214959389, -27.481502462976099 ] ] ] ] } },
{ "type": "Feature", "properties": { "sa1_2021": "30501111209", "sa2_2021": "305011112", "sa2_2021_name": "West End", "sa1_2021_short": 3111209 }, "geometry": { "type": "MultiPolygon", "coordinates": [ [ [ [ 153.005830134622386, -27.482957413131029 ], [ 153.006434684546463, -27.483044643192351 ], [ 153.006839904495536, -27.483103493233472 ], [ 153.006769024456958, -27.483469423229252 ], [ 153.006603054364433, -27.484344473219526 ], [ 153.006599084362193, -27.484365473219288 ], [ 153.006448954281268, -27.48513542321032 ], [ 153.005444224408677, -27.484980423108301 ], [ 153.004539384523326, -27.484842123016456 ], [ 153.004286034555406, -27.484803442990742 ], [ 153.004363124603884, -27.48435340299492 ], [ 153.004261984617244, -27.484333422984612 ], [ 153.002761104808599, -27.484094482832187 ], [ 153.003031134844008, -27.483583452855232 ], [ 153.003629074897049, -27.48265348290786 ], [ 153.004295824814619, -27.482739332975402 ], [ 153.00464607477133, -27.482784443010893 ], [ 153.0053610346813, -27.482889463083435 ], [ 153.005830134622386, -27.482957413131029 ] ] ] ] } },
{ "type": "Feature", "properties": { "sa1_2021": "30501111210", "sa2_2021": "305011112", "sa2_2021_name": "West End", "sa1_2021_short": 3111210 }, "geometry": { "type": "MultiPolygon", "coordinates": [ [ [ [ 153.006769024456958, -27.483469423229252 ], [ 153.006839904495536, -27.483103493233472 ], [ 153.006910134533513, -27.482742413237656 ], [ 153.007568224450068, -27.48284347330447 ], [ 153.008169054373866, -27.482936433365481 ], [ 153.008904164280921, -27.483047423440095 ], [ 153.008979284271362, -27.483059003447728 ], [ 153.011570163942793, -27.483458243710821 ], [ 153.011528153910319, -27.483751253708903 ], [ 153.011439163864395, -27.484191253703461 ], [ 153.011409053843238, -27.48438445370196 ], [ 153.011280133769873, -27.485076253694498 ], [ 153.009276614023236, -27.48477304349111 ], [ 153.009163354037582, -27.484755893479608 ], [ 153.007662944227377, -27.484528753327297 ], [ 153.00713909429362, -27.484449443274119 ], [ 153.006599084362193, -27.484365473219288 ], [ 153.006603054364433, -27.484344473219526 ], [ 153.006769024456958, -27.483469423229252 ] ] ] ] } },
{ "type": "Feature", "properties": { "sa1_2021": "30501111211", "sa2_2021": "305011112", "sa2_2021_name": "West End", "sa1_2021_short": 3111211 }, "geometry": { "type": "MultiPolygon", "coordinates": [ [ [ [ 153.006432054267918, -27.485255463209576 ], [ 153.006448954281268, -27.48513542321032 ], [ 153.006599084362193, -27.484365473219288 ], [ 153.00713909429362, -27.484449443274119 ], [ 153.007662944227377, -27.484528753327297 ], [ 153.009163354037582, -27.484755893479608 ], [ 153.009276614023236, -27.48477304349111 ], [ 153.011280133769873, -27.485076253694498 ], [ 153.011223153737603, -27.48538025369119 ], [ 153.011111133674348, -27.485977243684662 ], [ 153.011062083647317, -27.486233373681777 ], [ 153.011024193626412, -27.48643125367953 ], [ 153.010936443581016, -27.486865913674166 ], [ 153.01032291364686, -27.486866463612614 ], [ 153.009832943699564, -27.486865483563456 ], [ 153.009319973743601, -27.48695341351268 ], [ 153.009391953784672, -27.486566413516844 ], [ 153.007934983968539, -27.486349413368973 ], [ 153.007830693981703, -27.48633387335839 ], [ 153.006263934179401, -27.486100493199388 ], [ 153.006285184189636, -27.486001483200727 ], [ 153.006432054267918, -27.485255463209576 ] ] ] ] } },
{ "type": "Feature", "properties": { "sa1_2021": "30501111212", "sa2_2021": "305011112", "sa2_2021_name": "West End", "sa1_2021_short": 3111212 }, "geometry": { "type": "MultiPolygon", "coordinates": [ [ [ [ 153.002194044756095, -27.48499345278243 ], [ 153.002429974777897, -27.484619512803132 ], [ 153.002761104808599, -27.484094482832187 ], [ 153.004261984617244, -27.484333422984612 ], [ 153.004363124603884, -27.48435340299492 ], [ 153.004286034555406, -27.484803442990742 ], [ 153.004539384523326, -27.484842123016456 ], [ 153.005444224408677, -27.484980423108301 ], [ 153.006448954281268, -27.48513542321032 ], [ 153.006432054267918, -27.485255463209576 ], [ 153.006285184189636, -27.486001483200727 ], [ 153.006263934179401, -27.486100493199388 ], [ 153.006217034147085, -27.486396433197019 ], [ 153.006157024105363, -27.486778443194016 ], [ 153.005997054117898, -27.486815443178255 ], [ 153.00573005414833, -27.486801433151371 ], [ 153.004206174341249, -27.486569462996691 ], [ 153.004128064348777, -27.486576442988902 ], [ 153.004085034348208, -27.486617432984911 ], [ 153.004069044342117, -27.486679452983793 ], [ 153.004002034303539, -27.487042422979954 ], [ 153.002704744470009, -27.486827612848142 ], [ 153.001194054663785, -27.486577472694659 ], [ 153.00171833471228, -27.485746322740663 ], [ 153.002158054752812, -27.485050452779269 ], [ 153.002194044756095, -27.48499345278243 ] ] ] ] } },
{ "type": "Feature", "properties": { "sa1_2021": "30501111213", "sa2_2021": "305011112", "sa2_2021_name": "West End", "sa1_2021_short": 3111213 }, "geometry": { "type": "MultiPolygon", "coordinates": [ [ [ [ 153.002704744470009, -27.486827612848142 ], [ 153.004002034303539, -27.487042422979954 ], [ 153.004069044342117, -27.486679452983793 ], [ 153.004085034348208, -27.486617432984911 ], [ 153.004128064348777, -27.486576442988902 ], [ 153.004206174341249, -27.486569462996691 ], [ 153.00573005414833, -27.486801433151371 ], [ 153.005997054117898, -27.486815443178255 ], [ 153.006157024105363, -27.486778443194016 ], [ 153.006096034092877, -27.486929443189087 ], [ 153.00585605394437, -27.488311423175936 ], [ 153.003914944190598, -27.488012452978886 ], [ 153.003811974203757, -27.487995762968417 ], [ 153.003715104215843, -27.487982482958593 ], [ 153.002515134367172, -27.487804262836832 ], [ 153.002415044379802, -27.487789452826682 ], [ 153.001496964495487, -27.487654082733531 ], [ 153.000603994607985, -27.487522472642947 ], [ 153.000683344615481, -27.487395642649904 ], [ 153.001133204657833, -27.48667649268933 ], [ 153.001194054663785, -27.486577472694659 ], [ 153.002704744470009, -27.486827612848142 ] ] ] ] } },
{ "type": "Feature", "properties": { "sa1_2021": "30501111215", "sa2_2021": "305011112", "sa2_2021_name": "West End", "sa1_2021_short": 3111215 }, "geometry": { "type": "MultiPolygon", "coordinates": [ [ [ [ 152.999868154539655, -27.488691402578397 ], [ 153.000341924583722, -27.487938462619947 ], [ 153.000603994607985, -27.487522472642947 ], [ 153.001496964495487, -27.487654082733531 ], [ 153.002415044379802, -27.487789452826682 ], [ 153.002515134367172, -27.487804262836832 ], [ 153.003715104215843, -27.487982482958593 ], [ 153.003811974203757, -27.487995762968417 ], [ 153.003797924194089, -27.488084452967712 ], [ 153.003640934110933, -27.488877432958226 ], [ 153.003563194069471, -27.489272442953556 ], [ 153.00346602401234, -27.48980844294805 ], [ 153.003502013986093, -27.489985432953048 ], [ 153.003504023921437, -27.490496442957294 ], [ 153.002898013986311, -27.490498442896531 ], [ 153.002843344053844, -27.490009302887177 ], [ 153.00276537406188, -27.490012302879386 ], [ 153.002715334067489, -27.490010302874346 ], [ 153.0026953340695, -27.490011302872357 ], [ 153.002519324086052, -27.490030302854848 ], [ 153.002368324100615, -27.490043302839812 ], [ 153.002314344104519, -27.49005830283452 ], [ 153.002278354108256, -27.490059302830915 ], [ 153.002229374112261, -27.490069312826076 ], [ 153.002199334115488, -27.490069312823064 ], [ 153.002082354129954, -27.49005431281121 ], [ 153.002008034136765, -27.490063452803835 ], [ 153.001924344150837, -27.490023302795127 ], [ 153.001902374153559, -27.490020312792904 ], [ 153.001858354158543, -27.490018312788468 ], [ 153.001808344162754, -27.490027302783524 ], [ 153.001753374167947, -27.49003331277806 ], [ 153.001671364178009, -27.49002330276975 ], [ 153.001614344183366, -27.490029302764093 ], [ 153.001461374199437, -27.490032312748763 ], [ 153.001384324207066, -27.490037312741077 ], [ 153.001331364212888, -27.490036312735757 ], [ 153.001229344223105, -27.490042302725573 ], [ 153.001074404239858, -27.490041302710026 ], [ 153.000905404258674, -27.490036312693036 ], [ 153.00074240427702, -27.490029302676643 ], [ 153.000553404297108, -27.490031332657704 ], [ 153.000493394304414, -27.490024322651642 ], [ 153.000408384313431, -27.49002532264311 ], [ 153.000341414321497, -27.490018332636335 ], [ 153.000256364332017, -27.490007322627719 ], [ 153.000180374342335, -27.489990322619967 ], [ 153.00005839435849, -27.489966322607547 ], [ 153.000023384362095, -27.489967322604041 ], [ 152.999983384365777, -27.489972322600078 ], [ 152.999978384366301, -27.489972322599559 ], [ 152.999936374369923, -27.489979332595414 ], [ 152.999888374375473, -27.489976332590565 ], [ 152.999847384379478, -27.48997933258649 ], [ 152.99979139438588, -27.489976332580842 ], [ 152.999648384404253, -27.489952322566317 ], [ 152.999588384412334, -27.489939332560191 ], [ 152.999483364424776, -27.489930322549601 ], [ 152.99947139442591, -27.489931322548401 ], [ 152.999368354436626, -27.489934322538094 ], [ 152.999276374447533, -27.489926332528814 ], [ 152.99907402446479, -27.48996144250879 ], [ 152.999345074492197, -27.489513462532436 ], [ 152.999815954535308, -27.488770432573777 ], [ 152.999868154539655, -27.488691402578397 ] ] ] ] } },
{ "type": "Feature", "properties": { "sa1_2021": "30501111216", "sa2_2021": "305011112", "sa2_2021_name": "West End", "sa1_2021_short": 3111216 }, "geometry": { "type": "MultiPolygon", "coordinates": [ [ [ [ 153.003640934110933, -27.488877432958226 ], [ 153.003797924194089, -27.488084452967712 ], [ 153.003811974203757, -27.487995762968417 ], [ 153.003914944190598, -27.488012452978886 ], [ 153.00585605394437, -27.488311423175936 ], [ 153.006105893913514, -27.488343473201262 ], [ 153.006318973890558, -27.488343473222635 ], [ 153.006843153842993, -27.488274423274671 ], [ 153.0074400436514, -27.489285393342531 ], [ 153.00821008356462, -27.48931744342002 ], [ 153.008805873483595, -27.489452453480858 ], [ 153.008725973435901, -27.489898483476374 ], [ 153.008737253432571, -27.48991524347764 ], [ 153.008599243447804, -27.489912253463764 ], [ 153.008509273456951, -27.489916243454775 ], [ 153.008384253470894, -27.489912253442199 ], [ 153.008258263482645, -27.48992625342968 ], [ 153.008237273484013, -27.489933243427622 ], [ 153.008174273490681, -27.489934243421303 ], [ 153.00813525349588, -27.489926253417337 ], [ 153.008078243502609, -27.489921283411572 ], [ 153.00804225350609, -27.48992427340799 ], [ 153.008002253510512, -27.489923273403974 ], [ 153.007915233519242, -27.489928273395275 ], [ 153.007787263533771, -27.489922273382394 ], [ 153.007769273535331, -27.48992527338061 ], [ 153.007690243544943, -27.48991626337261 ], [ 153.007663233547731, -27.489917263369911 ], [ 153.007624253552763, -27.489910273365947 ], [ 153.00756326355895, -27.489913263359853 ], [ 153.007524243563893, -27.489907273355893 ], [ 153.007480223568365, -27.48990927335149 ], [ 153.007451243570983, -27.489913263348615 ], [ 153.007380253575349, -27.489939283341698 ], [ 153.007242243591293, -27.489930273327779 ], [ 153.007215233593939, -27.489932263325095 ], [ 153.007158263600559, -27.489928273319343 ], [ 153.007115263605186, -27.489928273315034 ], [ 153.006966273620066, -27.489937263300153 ], [ 153.006911263624687, -27.489947273294717 ], [ 153.006867283630811, -27.489936263290215 ], [ 153.006804283637706, -27.489935263283893 ], [ 153.006708283647242, -27.489941273274308 ], [ 153.006594293659759, -27.48993928326286 ], [ 153.006506293670583, -27.489928273253938 ], [ 153.006477313673201, -27.48993226325107 ], [ 153.006405303680907, -27.489932263243848 ], [ 153.006347263687303, -27.489931273238017 ], [ 153.006174293707403, -27.489919263220571 ], [ 153.006103303716174, -27.489910273213383 ], [ 153.006042273723352, -27.489905273207224 ], [ 153.006004273728564, -27.489896263203338 ], [ 153.005986283732369, -27.489881263201411 ], [ 153.005938283737805, -27.489879263196588 ], [ 153.005926273738964, -27.489880263195388 ], [ 153.005881303742143, -27.489893273190983 ], [ 153.00578129374432, -27.489961273181478 ], [ 153.005699283752136, -27.489969263173325 ], [ 153.00561529376165, -27.489965293164857 ], [ 153.005542293769111, -27.489968283157573 ], [ 153.005434293780439, -27.48997028314675 ], [ 153.005234303803178, -27.489960293126614 ], [ 153.005172253810741, -27.489953283120322 ], [ 153.005082283820798, -27.489950283111284 ], [ 153.005014253827312, -27.489956553104509 ], [ 153.004963333832166, -27.489961293099437 ], [ 153.004930333833954, -27.489975283096239 ], [ 153.004894313836303, -27.48998728309272 ], [ 153.004840293841085, -27.489995293087361 ], [ 153.004771303848514, -27.489995293080437 ], [ 153.004671333859989, -27.489989283070372 ], [ 153.004584313869373, -27.489989283061639 ], [ 153.00456730387134, -27.489988283059937 ], [ 153.004512303878272, -27.489980293054348 ], [ 153.004481313882849, -27.489970283051157 ], [ 153.00443631389021, -27.48995028304649 ], [ 153.004398313894626, -27.489947293042647 ], [ 153.004095323924417, -27.489969283012439 ], [ 153.004040323929445, -27.489976293006976 ], [ 153.003939323940415, -27.489975282996841 ], [ 153.003890303945042, -27.489980292991969 ], [ 153.003727293962299, -27.489982292975629 ], [ 153.003622323972706, -27.489989282965162 ], [ 153.00358932397674, -27.489985292961816 ], [ 153.003502013986093, -27.489985432953048 ], [ 153.00346602401234, -27.48980844294805 ], [ 153.003563194069471, -27.489272442953556 ], [ 153.003640934110933, -27.488877432958226 ] ] ] ] } },
{ "type": "Feature", "properties": { "sa1_2021": "30501111217", "sa2_2021": "305011112", "sa2_2021_name": "West End", "sa1_2021_short": 3111217 }, "geometry": { "type": "MultiPolygon", "coordinates": [ [ [ [ 153.006157024105363, -27.486778443194016 ], [ 153.006217034147085, -27.486396433197019 ], [ 153.006263934179401, -27.486100493199388 ], [ 153.007830693981703, -27.48633387335839 ], [ 153.007934983968539, -27.486349413368973 ], [ 153.009391953784672, -27.486566413516844 ], [ 153.009319973743601, -27.48695341351268 ], [ 153.009832943699564, -27.486865483563456 ], [ 153.01032291364686, -27.486866463612614 ], [ 153.010936443581016, -27.486865913674166 ], [ 153.010902213562304, -27.487043253672127 ], [ 153.010710253447542, -27.488116733661354 ], [ 153.010628163400014, -27.488563253656658 ], [ 153.010015113480364, -27.488448403594248 ], [ 153.00987605349755, -27.488430433580142 ], [ 153.009519043545481, -27.488354443543727 ], [ 153.009083453615744, -27.488168703498559 ], [ 153.009042023630656, -27.488085433493747 ], [ 153.008562813689196, -27.488029353445235 ], [ 153.008452003703241, -27.488012453433981 ], [ 153.008324903716897, -27.488012453421241 ], [ 153.006843153842993, -27.488274423274671 ], [ 153.006318973890558, -27.488343473222635 ], [ 153.006105893913514, -27.488343473201262 ], [ 153.00585605394437, -27.488311423175936 ], [ 153.006096034092877, -27.486929443189087 ], [ 153.006157024105363, -27.486778443194016 ] ] ] ] } },
{ "type": "Feature", "properties": { "sa1_2021": "30501111218", "sa2_2021": "305011112", "sa2_2021_name": "West End", "sa1_2021_short": 3111218 }, "geometry": { "type": "MultiPolygon", "coordinates": [ [ [ [ 153.00821008356462, -27.48931744342002 ], [ 153.0074400436514, -27.489285393342531 ], [ 153.006843153842993, -27.488274423274671 ], [ 153.008324903716897, -27.488012453421241 ], [ 153.008452003703241, -27.488012453433981 ], [ 153.008562813689196, -27.488029353445235 ], [ 153.009042023630656, -27.488085433493747 ], [ 153.009083453615744, -27.488168703498559 ], [ 153.009519043545481, -27.488354443543727 ], [ 153.00987605349755, -27.488430433580142 ], [ 153.010015113480364, -27.488448403594248 ], [ 153.010628163400014, -27.488563253656658 ], [ 153.010450013300527, -27.489503473646209 ], [ 153.010394243244747, -27.489993243644484 ], [ 153.010326243251427, -27.489998253637705 ], [ 153.01024320325368, -27.490051263629791 ], [ 153.010200203257796, -27.490055253625499 ], [ 153.01013421326536, -27.490051263618852 ], [ 153.010041243278408, -27.49002724360934 ], [ 153.010049243282822, -27.489985253609806 ], [ 153.009954233292035, -27.489993243600342 ], [ 153.009904223297013, -27.489996263595348 ], [ 153.009840203305288, -27.489985253588834 ], [ 153.009796223314282, -27.489951253584145 ], [ 153.009744213320516, -27.489946253578896 ], [ 153.009662233328186, -27.489955243570744 ], [ 153.009640223331331, -27.489949253568497 ], [ 153.009606243335213, -27.489947253565063 ], [ 153.009577223337942, -27.489950253562178 ], [ 153.009515213345509, -27.489943253555897 ], [ 153.009459223349751, -27.489957263550394 ], [ 153.009433233352922, -27.489954243547764 ], [ 153.0094002033577, -27.489944253544362 ], [ 153.009376213360895, -27.489939263541931 ], [ 153.009336213367874, -27.489918243537744 ], [ 153.009299203371739, -27.489919243534036 ], [ 153.009263213374311, -27.489929253530505 ], [ 153.009224193375758, -27.489951253526769 ], [ 153.009186233380348, -27.489947253522931 ], [ 153.009109223389828, -27.489937243515122 ], [ 153.009062213394884, -27.489937243510411 ], [ 153.008932193411908, -27.489913253497178 ], [ 153.00887624341803, -27.489912253491561 ], [ 153.00879225342527, -27.48992625348324 ], [ 153.008763233428652, -27.489924253480318 ], [ 153.008737253432571, -27.48991524347764 ], [ 153.008725973435901, -27.489898483476374 ], [ 153.008805873483595, -27.489452453480858 ], [ 153.00821008356462, -27.48931744342002 ] ] ] ] } },
{ "type": "Feature", "properties": { "sa1_2021": "30501111221", "sa2_2021": "305011112", "sa2_2021_name": "West End", "sa1_2021_short": 3111221 }, "geometry": { "type": "MultiPolygon", "coordinates": [ [ [ [ 152.998825344838167, -27.487212322462128 ], [ 152.99833102492201, -27.486968432410624 ], [ 152.998371034926265, -27.486900452414105 ], [ 152.998581054945845, -27.486566452432537 ], [ 152.998654054952851, -27.486448442438906 ], [ 152.998605034961173, -27.486424442433805 ], [ 152.998806034979793, -27.486105452451444 ], [ 152.998380045052414, -27.485892442407039 ], [ 152.99863204507767, -27.485477452429031 ], [ 152.998665035081444, -27.485419452431881 ], [ 152.998760085065669, -27.485463462441768 ], [ 152.998888565043501, -27.485529872455167 ], [ 153.000153034826269, -27.486175432587068 ], [ 153.000416014781138, -27.48630945261451 ], [ 153.001133204657833, -27.48667649268933 ], [ 153.000683344615481, -27.487395642649904 ], [ 153.000603994607985, -27.487522472642947 ], [ 153.000341924583722, -27.487938462619947 ], [ 152.999219104771413, -27.487406482503147 ], [ 152.998825344838167, -27.487212322462128 ] ] ] ] } },
{ "type": "Feature", "properties": { "sa1_2021": "30501111222", "sa2_2021": "305011112", "sa2_2021_name": "West End", "sa1_2021_short": 3111222 }, "geometry": { "type": "MultiPolygon", "coordinates": [ [ [ [ 152.996468035102197, -27.487126442225073 ], [ 152.996556035116612, -27.4869374522324 ], [ 152.996859015130553, -27.486568452259867 ], [ 152.997091055156687, -27.486163442279931 ], [ 152.997489045203338, -27.485454432314235 ], [ 152.997624025206477, -27.485314442326665 ], [ 152.997761045207767, -27.485187442339402 ], [ 152.997922045212448, -27.48501345235417 ], [ 152.998063045184296, -27.485116442369115 ], [ 152.997812035151611, -27.485589442347681 ], [ 152.997785025131577, -27.485771452346427 ], [ 152.997762025113644, -27.485933432345394 ], [ 152.997706035083979, -27.486216452342017 ], [ 152.997663885069699, -27.486365452338969 ], [ 152.997554055053797, -27.48658539232969 ], [ 152.99833102492201, -27.486968432410624 ], [ 152.998825344838167, -27.487212322462128 ], [ 152.999219104771413, -27.487406482503147 ], [ 153.000341924583722, -27.487938462619947 ], [ 152.999868154539655, -27.488691402578397 ], [ 152.999815954535308, -27.488770432573777 ], [ 152.999345074492197, -27.489513462532436 ], [ 152.99907402446479, -27.48996144250879 ], [ 152.998560394537037, -27.489826312456213 ], [ 152.998142034589279, -27.489768452413806 ], [ 152.997463024686198, -27.489578432344214 ], [ 152.996817044796558, -27.489253442276876 ], [ 152.996737474819867, -27.489136342267969 ], [ 152.996688414830174, -27.489096342262734 ], [ 152.996640424839001, -27.489067332257697 ], [ 152.996601474847949, -27.489029332253491 ], [ 152.996523434868465, -27.488933342244895 ], [ 152.996503434874882, -27.488899342242636 ], [ 152.996455434886741, -27.488846332237397 ], [ 152.996427444896057, -27.488796362234197 ], [ 152.996401454904372, -27.488752352231245 ], [ 152.996368424912362, -27.48871735222766 ], [ 152.996337474920978, -27.488675362224225 ], [ 152.996331444924124, -27.488655362223465 ], [ 152.996215044975457, -27.488347442209353 ], [ 152.996242024999162, -27.488136432210396 ], [ 152.996250055049217, -27.487732452208011 ], [ 152.996439055093731, -27.487218442222886 ], [ 152.996468035102197, -27.487126442225073 ] ] ] ] } },
{ "type": "Feature", "properties": { "sa1_2021": "30501111224", "sa2_2021": "305011112", "sa2_2021_name": "West End", "sa1_2021_short": 3111224 }, "geometry": { "type": "MultiPolygon", "coordinates": [ [ [ [ 152.998385045264598, -27.484205442394209 ], [ 152.998553025276891, -27.483964442409153 ], [ 152.998960035302787, -27.483412442445609 ], [ 152.999371025234183, -27.483606452488356 ], [ 153.000168035099307, -27.483997452571366 ], [ 152.999644045055334, -27.484792452525099 ], [ 152.999596045052925, -27.484852442520765 ], [ 152.999520055065005, -27.484821442512892 ], [ 152.999272035107253, -27.484697452487044 ], [ 152.998561055229402, -27.48433444241288 ], [ 152.998385045264598, -27.484205442394209 ] ] ] ] } },
{ "type": "Feature", "properties": { "sa1_2021": "30501111225", "sa2_2021": "305011112", "sa2_2021_name": "West End", "sa1_2021_short": 3111225 }, "geometry": { "type": "MultiPolygon", "coordinates": [ [ [ [ 153.007118185141707, -27.477742453219005 ], [ 153.006405045141094, -27.478354453152313 ], [ 153.005137115420212, -27.477220453016169 ], [ 153.005495025423642, -27.476888433049446 ], [ 153.005822945426644, -27.476585403079941 ], [ 153.006320035429383, -27.476140443126287 ], [ 153.0064651654302, -27.476010403139824 ], [ 153.007761165145268, -27.477166453278958 ], [ 153.007118185141707, -27.477742453219005 ] ] ] ] } },
{ "type": "Feature", "properties": { "sa1_2021": "30501111226", "sa2_2021": "305011112", "sa2_2021_name": "West End", "sa1_2021_short": 3111226 }, "geometry": { "type": "MultiPolygon", "coordinates": [ [ [ [ 153.005789035541625, -27.475702433069557 ], [ 153.005846195541551, -27.475654323074913 ], [ 153.005910175541857, -27.475597323080883 ], [ 153.005981205540792, -27.475545313087594 ], [ 153.00624302554354, -27.47530045311192 ], [ 153.006672045449108, -27.475684433157994 ], [ 153.006746025432705, -27.475751443165937 ], [ 153.0064651654302, -27.476010403139824 ], [ 153.006320035429383, -27.476140443126287 ], [ 153.005822945426644, -27.476585403079941 ], [ 153.005495025423642, -27.476888433049446 ], [ 153.005137115420212, -27.477220453016169 ], [ 153.004736085509393, -27.476854432973056 ], [ 153.004600045541565, -27.476715442958305 ], [ 153.005256175541092, -27.476160333019727 ], [ 153.00530818554131, -27.476114323024586 ], [ 153.005365195540236, -27.476074323029987 ], [ 153.005429215541284, -27.476011333035917 ], [ 153.00549320554174, -27.475953333041872 ], [ 153.005577195540013, -27.47589531304984 ], [ 153.005654205540338, -27.475827333057026 ], [ 153.005789035541625, -27.475702433069557 ] ] ] ] } },
{ "type": "Feature", "properties": { "sa1_2021": "30501111227", "sa2_2021": "305011112", "sa2_2021_name": "West End", "sa1_2021_short": 3111227 }, "geometry": { "type": "MultiPolygon", "coordinates": [ [ [ [ 152.998806034979793, -27.486105452451444 ], [ 152.998605034961173, -27.486424442433805 ], [ 152.998654054952851, -27.486448442438906 ], [ 152.998581054945845, -27.486566452432537 ], [ 152.998371034926265, -27.486900452414105 ], [ 152.99833102492201, -27.486968432410624 ], [ 152.997554055053797, -27.48658539232969 ], [ 152.997663885069699, -27.486365452338969 ], [ 152.997706035083979, -27.486216452342017 ], [ 152.997762025113644, -27.485933432345394 ], [ 152.997785025131577, -27.485771452346427 ], [ 152.997812035151611, -27.485589442347681 ], [ 152.998063045184296, -27.485116442369115 ], [ 152.998117905171938, -27.485167772375029 ], [ 152.998665035081444, -27.485419452431881 ], [ 152.99863204507767, -27.485477452429031 ], [ 152.998380045052414, -27.485892442407039 ], [ 152.998806034979793, -27.486105452451444 ] ] ] ] } },
{ "type": "Feature", "properties": { "sa1_2021": "30501111228", "sa2_2021": "305011112", "sa2_2021_name": "West End", "sa1_2021_short": 3111228 }, "geometry": { "type": "MultiPolygon", "coordinates": [ [ [ [ 152.998385045264598, -27.484205442394209 ], [ 152.998561055229402, -27.48433444241288 ], [ 152.999272035107253, -27.484697452487044 ], [ 152.999520055065005, -27.484821442512892 ], [ 152.999596045052925, -27.484852442520765 ], [ 152.999681055037655, -27.48490145252968 ], [ 152.999402045012232, -27.485340432505161 ], [ 152.999545014987945, -27.485411442520068 ], [ 152.999722044957565, -27.485501442538524 ], [ 152.999899034927438, -27.485589442556961 ], [ 153.000139164886434, -27.485710312582004 ], [ 153.00016402488211, -27.485723442584597 ], [ 153.000253044867009, -27.485767432593882 ], [ 153.000615054805166, -27.485949442631618 ], [ 153.000436014783162, -27.486276442616251 ], [ 153.000416014781138, -27.48630945261451 ], [ 153.000153034826269, -27.486175432587068 ], [ 152.998888565043501, -27.485529872455167 ], [ 152.998760085065669, -27.485463462441768 ], [ 152.998665035081444, -27.485419452431881 ], [ 152.998117905171938, -27.485167772375029 ], [ 152.998063045184296, -27.485116442369115 ], [ 152.997922045212448, -27.48501345235417 ], [ 152.998047025239714, -27.484690442364151 ], [ 152.998385045264598, -27.484205442394209 ] ] ] ] } },
{ "type": "Feature", "properties": { "sa1_2021": "30501111229", "sa2_2021": "305011112", "sa2_2021_name": "West End", "sa1_2021_short": 3111229 }, "geometry": { "type": "MultiPolygon", "coordinates": [ [ [ [ 153.000475035129028, -27.483500442598221 ], [ 152.999745035253397, -27.483135442522133 ], [ 152.999592025279924, -27.483055442506156 ], [ 152.999326015324982, -27.482924452478454 ], [ 152.999998015360518, -27.482070452539094 ], [ 153.001029875182581, -27.482602452646773 ], [ 153.000475035129028, -27.483500442598221 ] ] ] ] } },
{ "type": "Feature", "properties": { "sa1_2021": "30501111230", "sa2_2021": "305011112", "sa2_2021_name": "West End", "sa1_2021_short": 3111230 }, "geometry": { "type": "MultiPolygon", "coordinates": [ [ [ [ 153.000475035129028, -27.483500442598221 ], [ 153.001029875182581, -27.482602452646773 ], [ 153.001738045062325, -27.482953432720567 ], [ 153.002101985000422, -27.483134442758494 ], [ 153.002357834956683, -27.483263392785169 ], [ 153.002410824947617, -27.483290092790693 ], [ 153.00258218491831, -27.483376462808572 ], [ 153.003031134844008, -27.483583452855232 ], [ 153.002761104808599, -27.484094482832187 ], [ 153.002429974777897, -27.484619512803132 ], [ 153.002194044756095, -27.48499345278243 ], [ 153.002158054752812, -27.485050452779269 ], [ 153.002067024767712, -27.485009432769814 ], [ 153.001661834837364, -27.484802422727533 ], [ 153.001288034901592, -27.484611442688543 ], [ 153.001222044920155, -27.484520442681205 ], [ 153.000967024963302, -27.484395442654645 ], [ 153.000168035099307, -27.483997452571366 ], [ 152.999371025234183, -27.483606452488356 ], [ 152.998960035302787, -27.483412442445609 ], [ 152.999246045320859, -27.483025442471227 ], [ 152.999326015324982, -27.482924452478454 ], [ 152.999592025279924, -27.483055442506156 ], [ 152.999745035253397, -27.483135442522133 ], [ 153.000475035129028, -27.483500442598221 ] ] ] ] } },
{ "type": "Feature", "properties": { "sa1_2021": "30501111231", "sa2_2021": "305011112", "sa2_2021_name": "West End", "sa1_2021_short": 3111231 }, "geometry": { "type": "MultiPolygon", "coordinates": [ [ [ [ 153.01249014444781, -27.478671483765275 ], [ 153.010960814640327, -27.478446553610059 ], [ 153.010981764652371, -27.478333353611259 ], [ 153.010531964709031, -27.478267073565615 ], [ 153.010534884710694, -27.478251173565781 ], [ 153.010593234744505, -27.477933683569137 ], [ 153.010638064770433, -27.477689963571699 ], [ 153.010013474849018, -27.477598553508315 ], [ 153.010022854849183, -27.477589103509182 ], [ 153.010436144851241, -27.477220813547731 ], [ 153.010364364867087, -27.477156493540029 ], [ 153.010692364868788, -27.476863713570612 ], [ 153.010701604869155, -27.476853013571464 ], [ 153.0107129848667, -27.476862753572675 ], [ 153.010718324865536, -27.476867323573249 ], [ 153.010807124846309, -27.47694427358277 ], [ 153.012715134606765, -27.477219453776375 ], [ 153.012499014452885, -27.478623443765787 ], [ 153.01249014444781, -27.478671483765275 ] ] ] ] } },
{ "type": "Feature", "properties": { "sa1_2021": "30501111232", "sa2_2021": "305011112", "sa2_2021_name": "West End", "sa1_2021_short": 3111232 }, "geometry": { "type": "MultiPolygon", "coordinates": [ [ [ [ 153.001492035433188, -27.480221452674293 ], [ 153.001964015455997, -27.479638442717032 ], [ 153.002245035405934, -27.479796452746466 ], [ 153.002329015394508, -27.479815452755034 ], [ 153.002494035366169, -27.479899442772254 ], [ 153.003012045276648, -27.48016845282633 ], [ 153.003112055257191, -27.480237432836901 ], [ 153.002710045220709, -27.480869452801578 ], [ 153.00277504520929, -27.480904452808375 ], [ 153.003350035111367, -27.481191442868305 ], [ 153.003671055056486, -27.481353442901785 ], [ 153.004303044951541, -27.481647452967501 ], [ 153.003629074897049, -27.48265348290786 ], [ 153.002765575043867, -27.482224722817861 ], [ 153.002338035116537, -27.482012432773303 ], [ 153.001753125216055, -27.481721452712343 ], [ 153.001681105229068, -27.481679412704786 ], [ 153.001609095240468, -27.481650422697335 ], [ 153.000728015394856, -27.481176442605218 ], [ 153.001492035433188, -27.480221452674293 ] ] ] ] } },
{ "type": "Feature", "properties": { "sa1_2021": "30501111233", "sa2_2021": "305011112", "sa2_2021_name": "West End", "sa1_2021_short": 3111233 }, "geometry": { "type": "MultiPolygon", "coordinates": [ [ [ [ 153.001738045062325, -27.482953432720567 ], [ 153.001029875182581, -27.482602452646773 ], [ 152.999998015360518, -27.482070452539094 ], [ 153.000728015394856, -27.481176442605218 ], [ 153.001609095240468, -27.481650422697335 ], [ 153.001681105229068, -27.481679412704786 ], [ 153.001753125216055, -27.481721452712343 ], [ 153.002338035116537, -27.482012432773303 ], [ 153.002765575043867, -27.482224722817861 ], [ 153.003629074897049, -27.48265348290786 ], [ 153.003031134844008, -27.483583452855232 ], [ 153.00258218491831, -27.483376462808572 ], [ 153.002410824947617, -27.483290092790693 ], [ 153.002357834956683, -27.483263392785169 ], [ 153.002101985000422, -27.483134442758494 ], [ 153.001738045062325, -27.482953432720567 ] ] ] ] } },
{ "type": "Feature", "properties": { "sa1_2021": "30501111234", "sa2_2021": "305011112", "sa2_2021_name": "West End", "sa1_2021_short": 3111234 }, "geometry": { "type": "MultiPolygon", "coordinates": [ [ [ [ 153.001661834837364, -27.484802422727533 ], [ 153.002067024767712, -27.485009432769814 ], [ 153.002158054752812, -27.485050452779269 ], [ 153.00171833471228, -27.485746322740663 ], [ 153.001194054663785, -27.486577472694659 ], [ 153.001133204657833, -27.48667649268933 ], [ 153.000416014781138, -27.48630945261451 ], [ 153.000436014783162, -27.486276442616251 ], [ 153.000615054805166, -27.485949442631618 ], [ 153.000253044867009, -27.485767432593882 ], [ 153.00016402488211, -27.485723442584597 ], [ 153.000139164886434, -27.485710312582004 ], [ 153.00064501493307, -27.484909442626407 ], [ 153.000893034956249, -27.484514452648156 ], [ 153.000943044960707, -27.484436432652558 ], [ 153.000967024963302, -27.484395442654645 ], [ 153.001222044920155, -27.484520442681205 ], [ 153.001288034901592, -27.484611442688543 ], [ 153.001661834837364, -27.484802422727533 ] ] ] ] } },
{ "type": "Feature", "properties": { "sa1_2021": "30501111235", "sa2_2021": "305011112", "sa2_2021_name": "West End", "sa1_2021_short": 3111235 }, "geometry": { "type": "MultiPolygon", "coordinates": [ [ [ [ 153.007311655029042, -27.478470863244169 ], [ 153.007307115029619, -27.478470273243708 ], [ 153.006923015077092, -27.478420953204797 ], [ 153.006405045141094, -27.478354453152313 ], [ 153.007118185141707, -27.477742453219005 ], [ 153.007761165145268, -27.477166453278958 ], [ 153.008341115148085, -27.476650493333047 ], [ 153.009280995153034, -27.475811123420701 ], [ 153.009424105153926, -27.475682293434041 ], [ 153.010066065008857, -27.47628618350322 ], [ 153.010335114948049, -27.476539283532212 ], [ 153.010248894947551, -27.476616803524184 ], [ 153.009590504944356, -27.477202403462758 ], [ 153.009573564944276, -27.477217473461174 ], [ 153.008683124939978, -27.478009483378102 ], [ 153.008639344939894, -27.47804762337401 ], [ 153.008607774939833, -27.478075133371068 ], [ 153.00805995493846, -27.478552453319882 ], [ 153.007776004972101, -27.478527113291204 ], [ 153.007756434974453, -27.478525373289216 ], [ 153.007689884982341, -27.478519433282504 ], [ 153.007311655029042, -27.478470863244169 ] ] ] ] } },
{ "type": "Feature", "properties": { "sa1_2021": "30501111236", "sa2_2021": "305011112", "sa2_2021_name": "West End", "sa1_2021_short": 3111236 }, "geometry": { "type": "MultiPolygon", "coordinates": [ [ [ [ 153.002269045470683, -27.479262442744641 ], [ 153.002617045486915, -27.478837442776186 ], [ 153.003769235503654, -27.477723322882945 ], [ 153.00385920551355, -27.477568332890748 ], [ 153.003917245515254, -27.477505312896064 ], [ 153.003974215515683, -27.477453332901366 ], [ 153.004238045532873, -27.47709243292498 ], [ 153.004600045541565, -27.476715442958305 ], [ 153.004736085509393, -27.476854432973056 ], [ 153.005137115420212, -27.477220453016169 ], [ 153.006405045141094, -27.478354453152313 ], [ 153.005783015084177, -27.479335453097669 ], [ 153.005670815073955, -27.479511863087815 ], [ 153.005251025035761, -27.480172443050925 ], [ 153.004928225006353, -27.480680303022567 ], [ 153.004710024987048, -27.481019443003351 ], [ 153.004400214959389, -27.481502462976099 ], [ 153.004303044951541, -27.481647452967501 ], [ 153.003671055056486, -27.481353442901785 ], [ 153.003350035111367, -27.481191442868305 ], [ 153.00277504520929, -27.480904452808375 ], [ 153.002710045220709, -27.480869452801578 ], [ 153.003112055257191, -27.480237432836901 ], [ 153.003012045276648, -27.48016845282633 ], [ 153.002494035366169, -27.479899442772254 ], [ 153.002329015394508, -27.479815452755034 ], [ 153.002245035405934, -27.479796452746466 ], [ 153.001964015455997, -27.479638442717032 ], [ 153.002269045470683, -27.479262442744641 ] ] ] ] } },
{ "type": "Feature", "properties": { "sa1_2021": "30501111237", "sa2_2021": "305011112", "sa2_2021_name": "West End", "sa1_2021_short": 3111237 }, "geometry": { "type": "MultiPolygon", "coordinates": [ [ [ [ 152.999596045052925, -27.484852442520765 ], [ 152.999644045055334, -27.484792452525099 ], [ 153.000168035099307, -27.483997452571366 ], [ 153.000967024963302, -27.484395442654645 ], [ 153.000943044960707, -27.484436432652558 ], [ 153.000893034956249, -27.484514452648156 ], [ 153.00064501493307, -27.484909442626407 ], [ 153.000139164886434, -27.485710312582004 ], [ 152.999899034927438, -27.485589442556961 ], [ 152.999722044957565, -27.485501442538524 ], [ 152.999545014987945, -27.485411442520068 ], [ 152.999402045012232, -27.485340432505161 ], [ 152.999681055037655, -27.48490145252968 ], [ 152.999596045052925, -27.484852442520765 ] ] ] ] } },
{ "type": "Feature", "properties": { "sa1_2021": "30501111238", "sa2_2021": "305011112", "sa2_2021_name": "West End", "sa1_2021_short": 3111238 }, "geometry": { "type": "MultiPolygon", "coordinates": [ [ [ [ 153.009573564944276, -27.477217473461174 ], [ 153.009590504944356, -27.477202403462758 ], [ 153.010248894947551, -27.476616803524184 ], [ 153.010335114948049, -27.476539283532212 ], [ 153.010701604869155, -27.476853013571464 ], [ 153.010692364868788, -27.476863713570612 ], [ 153.010364364867087, -27.477156493540029 ], [ 153.010436144851241, -27.477220813547731 ], [ 153.010022854849183, -27.477589103509182 ], [ 153.010013474849018, -27.477598553508315 ], [ 153.010638064770433, -27.477689963571699 ], [ 153.010593234744505, -27.477933683569137 ], [ 153.010534884710694, -27.478251173565781 ], [ 153.010531964709031, -27.478267073565615 ], [ 153.010981764652371, -27.478333353611259 ], [ 153.010960814640327, -27.478446553610059 ], [ 153.01249014444781, -27.478671483765275 ], [ 153.012473494438211, -27.47876170376432 ], [ 153.012391014390687, -27.479208443759578 ], [ 153.011643014484861, -27.479098483683657 ], [ 153.010617034614711, -27.478942413579492 ], [ 153.010433044637352, -27.478919443560859 ], [ 153.009452034760074, -27.47878144346134 ], [ 153.00890416482963, -27.478696463405708 ], [ 153.00805995493846, -27.478552453319882 ], [ 153.008607774939833, -27.478075133371068 ], [ 153.008639344939894, -27.47804762337401 ], [ 153.008683124939978, -27.478009483378102 ], [ 153.009573564944276, -27.477217473461174 ] ] ] ] } },
{ "type": "Feature", "properties": { "sa1_2021": "30501111239", "sa2_2021": "305011112", "sa2_2021_name": "West End", "sa1_2021_short": 3111239 }, "geometry": { "type": "MultiPolygon", "coordinates": [ [ [ [ 153.006746025432705, -27.475751443165937 ], [ 153.006672045449108, -27.475684433157994 ], [ 153.00624302554354, -27.47530045311192 ], [ 153.006534035540568, -27.475076453139337 ], [ 153.006651025537764, -27.474999433150462 ], [ 153.007014045530155, -27.474750443184906 ], [ 153.007207025526583, -27.474614453203195 ], [ 153.007401025522654, -27.474480443221594 ], [ 153.00759115551736, -27.474360303239727 ], [ 153.007899025516991, -27.474101443268555 ], [ 153.008207125448394, -27.474383313301693 ], [ 153.008468105391245, -27.474614303329698 ], [ 153.00877210531371, -27.474970303363008 ], [ 153.009424105153926, -27.475682293434041 ], [ 153.009280995153034, -27.475811123420701 ], [ 153.008341115148085, -27.476650493333047 ], [ 153.007761165145268, -27.477166453278958 ], [ 153.0064651654302, -27.476010403139824 ], [ 153.006746025432705, -27.475751443165937 ] ] ] ] } },
{ "type": "Feature", "properties": { "sa1_2021": "30502111301", "sa2_2021": "305021113", "sa2_2021_name": "Balmoral", "sa1_2021_short": 3111301 }, "geometry": { "type": "MultiPolygon", "coordinates": [ [ [ [ 153.069157011269397, -27.455694439275401 ], [ 153.070833161199772, -27.454823419437059 ], [ 153.072574141127518, -27.453918469604972 ], [ 153.072803101114744, -27.453825419627268 ], [ 153.07289486108445, -27.453987399637771 ], [ 153.072980901025915, -27.454377479649512 ], [ 153.073182160942594, -27.454866449673627 ], [ 153.073556210863302, -27.45517648971369 ], [ 153.074008040793132, -27.455348449760482 ], [ 153.076143040520179, -27.455697449977979 ], [ 153.075787020320604, -27.457578459957052 ], [ 153.074582040472762, -27.457396449834416 ], [ 153.07438005035857, -27.4584714498226 ], [ 153.074193020254597, -27.459452449811547 ], [ 153.072795040431288, -27.459240459669282 ], [ 153.072979440535477, -27.458259679680072 ], [ 153.072777520561033, -27.458228749659515 ], [ 153.072861690607766, -27.457787469664495 ], [ 153.072432560661781, -27.457723979620837 ], [ 153.072288890678834, -27.457711299606284 ], [ 153.072241150651791, -27.457965619603499 ], [ 153.072089050565666, -27.458776179594608 ], [ 153.072024050528881, -27.459122449590811 ], [ 153.071902030461303, -27.459760459583585 ], [ 153.071365040528889, -27.459681439528971 ], [ 153.070868090591489, -27.4596072994784 ], [ 153.070923140619385, -27.45934042948182 ], [ 153.070850060654948, -27.459120469472733 ], [ 153.069825330908031, -27.457987379360731 ], [ 153.069592930965399, -27.457730419335345 ], [ 153.069095801089588, -27.4571693492809 ], [ 153.068903851137549, -27.456952709259888 ], [ 153.068115881334364, -27.456063439173622 ], [ 153.068547171307614, -27.45590943921577 ], [ 153.069157011269397, -27.455694439275401 ] ] ] ] } },
{ "type": "Feature", "properties": { "sa1_2021": "30502111302", "sa2_2021": "305021113", "sa2_2021_name": "Balmoral", "sa1_2021_short": 3111302 }, "geometry": { "type": "MultiPolygon", "coordinates": [ [ [ [ 153.063282851238483, -27.460923438726144 ], [ 153.063228861272705, -27.460698438718936 ], [ 153.063155101339106, -27.460235478707865 ], [ 153.06316696139811, -27.459758478705286 ], [ 153.063174151410834, -27.459651468705161 ], [ 153.063224921498772, -27.458912468704423 ], [ 153.064119131384956, -27.459054398795434 ], [ 153.063966161298026, -27.459872418786524 ], [ 153.064908991179379, -27.460011468882417 ], [ 153.065879201056987, -27.460156468981108 ], [ 153.066818050938792, -27.460295419076598 ], [ 153.067760920819893, -27.460436449172512 ], [ 153.067354130626455, -27.462312399146448 ], [ 153.067137030537367, -27.463201439131652 ], [ 153.065687500720173, -27.462984898984192 ], [ 153.065539170738901, -27.462962728969103 ], [ 153.064791900833058, -27.462851638893103 ], [ 153.063669860974613, -27.462683478778978 ], [ 153.063543891061158, -27.46210540876174 ], [ 153.063466111116639, -27.461732448750968 ], [ 153.063303031226354, -27.461002448728795 ], [ 153.063282851238483, -27.460923438726144 ] ] ] ] } },
{ "type": "Feature", "properties": { "sa1_2021": "30502111303", "sa2_2021": "305021113", "sa2_2021_name": "Balmoral", "sa1_2021_short": 3111303 }, "geometry": { "type": "MultiPolygon", "coordinates": [ [ [ [ 153.066818050938792, -27.460295419076598 ], [ 153.065879201056987, -27.460156468981108 ], [ 153.064908991179379, -27.460011468882417 ], [ 153.063966161298026, -27.459872418786524 ], [ 153.064119131384956, -27.459054398795434 ], [ 153.063224921498772, -27.458912468704423 ], [ 153.063296281561406, -27.458356098707192 ], [ 153.06333008159109, -27.458092548708503 ], [ 153.063340111599871, -27.458014458708892 ], [ 153.064348101472746, -27.458165478811427 ], [ 153.065214971362991, -27.458298398899633 ], [ 153.065349991346977, -27.458310458913299 ], [ 153.066216131237326, -27.45844349900144 ], [ 153.066363011218669, -27.458466439016377 ], [ 153.067135971121019, -27.458583429095029 ], [ 153.067355921094276, -27.458608459117347 ], [ 153.068089970999779, -27.458733469192133 ], [ 153.068370030966378, -27.458760479220508 ], [ 153.069041090878358, -27.458887459288988 ], [ 153.069339870842157, -27.458920479319296 ], [ 153.069318520826897, -27.459059399318249 ], [ 153.069638040747748, -27.459414449353186 ], [ 153.069816050725393, -27.459440439371281 ], [ 153.069889970715622, -27.459455449378837 ], [ 153.069838980682704, -27.459758719376122 ], [ 153.069909060673979, -27.459768449383233 ], [ 153.070333040620568, -27.459831439426367 ], [ 153.070389140651798, -27.459536639429679 ], [ 153.070434440646125, -27.459543359434289 ], [ 153.070868090591489, -27.4596072994784 ], [ 153.071365040528889, -27.459681439528971 ], [ 153.071902030461303, -27.459760459583585 ], [ 153.071655030324024, -27.461056459569001 ], [ 153.070609960461098, -27.460858469462323 ], [ 153.069677210578504, -27.460720499367454 ], [ 153.068727150698322, -27.460578469270793 ], [ 153.067760920819893, -27.460436449172512 ], [ 153.066818050938792, -27.460295419076598 ] ] ] ] } },
{ "type": "Feature", "properties": { "sa1_2021": "30502111304", "sa2_2021": "305021113", "sa2_2021_name": "Balmoral", "sa1_2021_short": 3111304 }, "geometry": { "type": "MultiPolygon", "coordinates": [ [ [ [ 153.06247718185773, -27.456705398611792 ], [ 153.063583131721003, -27.456849408724121 ], [ 153.063469951664587, -27.457392008717026 ], [ 153.06343326164631, -27.457567838714731 ], [ 153.063398411628953, -27.457734868712546 ], [ 153.063340111599871, -27.458014458708892 ], [ 153.06333008159109, -27.458092548708503 ], [ 153.063296281561406, -27.458356098707192 ], [ 153.063224921498772, -27.458912468704423 ], [ 153.063174151410834, -27.459651468705161 ], [ 153.061966001563889, -27.459465438582232 ], [ 153.060902941697208, -27.459312438474164 ], [ 153.061068871793623, -27.45840847848369 ], [ 153.061262941905056, -27.457361408494929 ], [ 153.061401851990468, -27.456567428502598 ], [ 153.06171338195179, -27.456609218534258 ], [ 153.061934431924726, -27.456635768556676 ], [ 153.06247718185773, -27.456705398611792 ] ] ] ] } },
{ "type": "Feature", "properties": { "sa1_2021": "30502111305", "sa2_2021": "305021113", "sa2_2021_name": "Balmoral", "sa1_2021_short": 3111305 }, "geometry": { "type": "MultiPolygon", "coordinates": [ [ [ [ 153.061972092304984, -27.453593478536408 ], [ 153.062160542404371, -27.452646628547861 ], [ 153.062271982463358, -27.452085438554633 ], [ 153.062363082475173, -27.451914438562437 ], [ 153.062435102482482, -27.451795468568736 ], [ 153.062646402456011, -27.45182574859022 ], [ 153.062632052448748, -27.451895438589325 ], [ 153.062839012326009, -27.452691458616421 ], [ 153.062725452342249, -27.452659318604756 ], [ 153.062752942326114, -27.452763408608334 ], [ 153.062952592198116, -27.453607578635079 ], [ 153.062981212179778, -27.453728478638926 ], [ 153.063241092052266, -27.454517428671284 ], [ 153.0637148618558, -27.455670398728032 ], [ 153.06375085182529, -27.455881448733319 ], [ 153.063715481803257, -27.45608579873138 ], [ 153.063644711759281, -27.456494018727494 ], [ 153.063583131721003, -27.456849408724121 ], [ 153.06247718185773, -27.456705398611792 ], [ 153.061934431924726, -27.456635768556676 ], [ 153.06171338195179, -27.456609218534258 ], [ 153.061401851990468, -27.456567428502598 ], [ 153.061425982003897, -27.456440448504026 ], [ 153.061641992122475, -27.455318418516864 ], [ 153.061932892283068, -27.453800478534106 ], [ 153.061972092304984, -27.453593478536408 ] ] ] ] } },
{ "type": "Feature", "properties": { "sa1_2021": "30502111306", "sa2_2021": "305021113", "sa2_2021_name": "Balmoral", "sa1_2021_short": 3111306 }, "geometry": { "type": "MultiPolygon", "coordinates": [ [ [ [ 153.063644711759281, -27.456494018727494 ], [ 153.063715481803257, -27.45608579873138 ], [ 153.06375085182529, -27.455881448733319 ], [ 153.0637148618558, -27.455670398728032 ], [ 153.064852131712314, -27.455841418843722 ], [ 153.065766161596997, -27.455978478936704 ], [ 153.066162881546859, -27.456038418977062 ], [ 153.066792141467431, -27.45613345904108 ], [ 153.067576921368413, -27.456251449120913 ], [ 153.068115881334364, -27.456063439173622 ], [ 153.068903851137549, -27.456952709259888 ], [ 153.069095801089588, -27.4571693492809 ], [ 153.069592930965399, -27.457730419335345 ], [ 153.069825330908031, -27.457987379360731 ], [ 153.070850060654948, -27.459120469472733 ], [ 153.070923140619385, -27.45934042948182 ], [ 153.070868090591489, -27.4596072994784 ], [ 153.070434440646125, -27.459543359434289 ], [ 153.070389140651798, -27.459536639429679 ], [ 153.070333040620568, -27.459831439426367 ], [ 153.069909060673979, -27.459768449383233 ], [ 153.069838980682704, -27.459758719376122 ], [ 153.069889970715622, -27.459455449378837 ], [ 153.069816050725393, -27.459440439371281 ], [ 153.069638040747748, -27.459414449353186 ], [ 153.069318520826897, -27.459059399318249 ], [ 153.069339870842157, -27.458920479319296 ], [ 153.069041090878358, -27.458887459288988 ], [ 153.068370030966378, -27.458760479220508 ], [ 153.068089970999779, -27.458733469192133 ], [ 153.067355921094276, -27.458608459117347 ], [ 153.067135971121019, -27.458583429095029 ], [ 153.066363011218669, -27.458466439016377 ], [ 153.066216131237326, -27.45844349900144 ], [ 153.065349991346977, -27.458310458913299 ], [ 153.065214971362991, -27.458298398899633 ], [ 153.064348101472746, -27.458165478811427 ], [ 153.063340111599871, -27.458014458708892 ], [ 153.063398411628953, -27.457734868712546 ], [ 153.06343326164631, -27.457567838714731 ], [ 153.063469951664587, -27.457392008717026 ], [ 153.063583131721003, -27.456849408724121 ], [ 153.063644711759281, -27.456494018727494 ] ] ] ] } },
{ "type": "Feature", "properties": { "sa1_2021": "30502111307", "sa2_2021": "305021113", "sa2_2021_name": "Balmoral", "sa1_2021_short": 3111307 }, "geometry": { "type": "MultiPolygon", "coordinates": [ [ [ [ 153.068463841564807, -27.453944429191854 ], [ 153.068934871551591, -27.453649459236885 ], [ 153.06951701157837, -27.452943409289844 ], [ 153.069677211571729, -27.45286043930529 ], [ 153.069751591573436, -27.452783889312169 ], [ 153.07005914158043, -27.452467499340589 ], [ 153.070176671646379, -27.451845699347498 ], [ 153.070227991675182, -27.451574429350512 ], [ 153.070405091770965, -27.450666409361137 ], [ 153.071481841591776, -27.451171039473401 ], [ 153.071724891551412, -27.451284439498739 ], [ 153.071935131470752, -27.451744429523522 ], [ 153.072506071214178, -27.453290449593158 ], [ 153.072803101114744, -27.453825419627268 ], [ 153.072574141127518, -27.453918469604972 ], [ 153.070833161199772, -27.454823419437059 ], [ 153.069157011269397, -27.455694439275401 ], [ 153.068547171307614, -27.45590943921577 ], [ 153.068115881334364, -27.456063439173622 ], [ 153.067576921368413, -27.456251449120913 ], [ 153.066792141467431, -27.45613345904108 ], [ 153.066162881546859, -27.456038418977062 ], [ 153.066692091564562, -27.455449459025616 ], [ 153.067081951585948, -27.454949419060853 ], [ 153.06700490169618, -27.454142489046731 ], [ 153.067658061622609, -27.454170589112625 ], [ 153.068074131575742, -27.454188479154606 ], [ 153.068463841564807, -27.453944429191854 ] ] ] ] } },
{ "type": "Feature", "properties": { "sa1_2021": "30502111308", "sa2_2021": "305021113", "sa2_2021_name": "Balmoral", "sa1_2021_short": 3111308 }, "geometry": { "type": "MultiPolygon", "coordinates": [ [ [ [ 153.063241092052266, -27.454517428671284 ], [ 153.062981212179778, -27.453728478638926 ], [ 153.062952592198116, -27.453607578635079 ], [ 153.062752942326114, -27.452763408608334 ], [ 153.062725452342249, -27.452659318604756 ], [ 153.062839012326009, -27.452691458616421 ], [ 153.063869072184531, -27.452937438721925 ], [ 153.065072042019978, -27.45321944884509 ], [ 153.06518117200801, -27.453221428856079 ], [ 153.065397881915032, -27.453773488882234 ], [ 153.065449781901094, -27.453839788887976 ], [ 153.06583843179672, -27.454336388930987 ], [ 153.065865881789364, -27.454371438934025 ], [ 153.065958331782696, -27.454345248943106 ], [ 153.066187001766423, -27.454280438965583 ], [ 153.066328111761266, -27.454201428979143 ], [ 153.066489041763248, -27.454049408994123 ], [ 153.06700490169618, -27.454142489046731 ], [ 153.067081951585948, -27.454949419060853 ], [ 153.066692091564562, -27.455449459025616 ], [ 153.066162881546859, -27.456038418977062 ], [ 153.065766161596997, -27.455978478936704 ], [ 153.064852131712314, -27.455841418843722 ], [ 153.0637148618558, -27.455670398728032 ], [ 153.063241092052266, -27.454517428671284 ] ] ] ] } },
{ "type": "Feature", "properties": { "sa1_2021": "30502111309", "sa2_2021": "305021113", "sa2_2021_name": "Balmoral", "sa1_2021_short": 3111309 }, "geometry": { "type": "MultiPolygon", "coordinates": [ [ [ [ 153.067034061820635, -27.453132409041675 ], [ 153.066880291981022, -27.451993439017208 ], [ 153.066867041994811, -27.4518954390151 ], [ 153.067004902093004, -27.451001479021887 ], [ 153.067194992199234, -27.449999409033079 ], [ 153.06813939208547, -27.450098699128809 ], [ 153.069097951970008, -27.450199489226002 ], [ 153.069259941948587, -27.45023143924254 ], [ 153.069703121880536, -27.450394429288398 ], [ 153.070405091770965, -27.450666409361137 ], [ 153.070227991675182, -27.451574429350512 ], [ 153.070176671646379, -27.451845699347498 ], [ 153.07005914158043, -27.452467499340589 ], [ 153.069751591573436, -27.452783889312169 ], [ 153.069677211571729, -27.45286043930529 ], [ 153.06951701157837, -27.452943409289844 ], [ 153.068934871551591, -27.453649459236885 ], [ 153.068463841564807, -27.453944429191854 ], [ 153.068074131575742, -27.454188479154606 ], [ 153.067658061622609, -27.454170589112625 ], [ 153.06700490169618, -27.454142489046731 ], [ 153.066489041763248, -27.454049408994123 ], [ 153.066660051805883, -27.453566469007495 ], [ 153.066728081836516, -27.453266419011968 ], [ 153.066806191842687, -27.453151499018915 ], [ 153.067034061820635, -27.453132409041675 ] ] ] ] } },
{ "type": "Feature", "properties": { "sa1_2021": "30502111310", "sa2_2021": "305021113", "sa2_2021_name": "Balmoral", "sa1_2021_short": 3111310 }, "geometry": { "type": "MultiPolygon", "coordinates": [ [ [ [ 153.06348089245239, -27.451146468668735 ], [ 153.064250942444858, -27.450552468741449 ], [ 153.064860052458556, -27.449927408797745 ], [ 153.065140112445192, -27.449795488824858 ], [ 153.065568152401113, -27.449781448867775 ], [ 153.067194992199234, -27.449999409033079 ], [ 153.067004902093004, -27.451001479021887 ], [ 153.066867041994811, -27.4518954390151 ], [ 153.066880291981022, -27.451993439017208 ], [ 153.067034061820635, -27.453132409041675 ], [ 153.066806191842687, -27.453151499018915 ], [ 153.066728081836516, -27.453266419011968 ], [ 153.066660051805883, -27.453566469007495 ], [ 153.066489041763248, -27.454049408994123 ], [ 153.066328111761266, -27.454201428979143 ], [ 153.066187001766423, -27.454280438965583 ], [ 153.065958331782696, -27.454345248943106 ], [ 153.065865881789364, -27.454371438934025 ], [ 153.06583843179672, -27.454336388930987 ], [ 153.065449781901094, -27.453839788887976 ], [ 153.065397881915032, -27.453773488882234 ], [ 153.06518117200801, -27.453221428856079 ], [ 153.065072042019978, -27.45321944884509 ], [ 153.063869072184531, -27.452937438721925 ], [ 153.062839012326009, -27.452691458616421 ], [ 153.062632052448748, -27.451895438589325 ], [ 153.062646402456011, -27.45182574859022 ], [ 153.062435102482482, -27.451795468568736 ], [ 153.062540222483591, -27.451697448578521 ], [ 153.06265395248289, -27.451606448589242 ], [ 153.06348089245239, -27.451146468668735 ] ] ] ] } },
{ "type": "Feature", "properties": { "sa1_2021": "30502111401", "sa2_2021": "305021114", "sa2_2021_name": "Bulimba", "sa1_2021_short": 3111401 }, "geometry": { "type": "MultiPolygon", "coordinates": [ [ [ [ 153.050702254614635, -27.444868027334739 ], [ 153.050741264614118, -27.444839037338426 ], [ 153.050741264616875, -27.444817047338258 ], [ 153.050734264620559, -27.44479402733737 ], [ 153.050689254627684, -27.444776027332708 ], [ 153.050683234630441, -27.444759027331976 ], [ 153.050696264632563, -27.44473103733306 ], [ 153.050696264647087, -27.444616037332146 ], [ 153.050703234651394, -27.444576027332531 ], [ 153.050696264657915, -27.444530037331472 ], [ 153.0506842946657, -27.444479027329862 ], [ 153.050690244669454, -27.444444027330185 ], [ 153.050690244675906, -27.444393037329778 ], [ 153.05068429468173, -27.444352027328858 ], [ 153.050690244687502, -27.444301037329048 ], [ 153.050690244696199, -27.444232037328504 ], [ 153.050697244701155, -27.444187027328859 ], [ 153.050710244704931, -27.444146027329829 ], [ 153.050710244709222, -27.444112027329563 ], [ 153.050729254713019, -27.444066037331112 ], [ 153.050742254723104, -27.443975037331704 ], [ 153.050762254728937, -27.443912037333209 ], [ 153.050794264729888, -27.443877037336158 ], [ 153.050833284728498, -27.443855047339898 ], [ 153.05085226473085, -27.443820037341524 ], [ 153.050904274733256, -27.443757027346255 ], [ 153.050936284738412, -27.443689047348936 ], [ 153.051026264746184, -27.443551037356883 ], [ 153.051077254746417, -27.443506037361658 ], [ 153.051187264749132, -27.443391027371803 ], [ 153.051232264748592, -27.443357037376057 ], [ 153.051271214749477, -27.443317027379642 ], [ 153.051348224749944, -27.443248037386844 ], [ 153.051438234748872, -27.443180037395354 ], [ 153.051483204747711, -27.443151027399633 ], [ 153.051560254747415, -27.443088037406881 ], [ 153.051618214745503, -27.443054027412433 ], [ 153.051657234745619, -27.44302002741609 ], [ 153.051689244744466, -27.443002027419162 ], [ 153.051721224743829, -27.442980027422191 ], [ 153.051805244739228, -27.442945027430362 ], [ 153.051844224737835, -27.442923027434095 ], [ 153.051927224733362, -27.442888027442166 ], [ 153.052004244730767, -27.442843037449556 ], [ 153.05206822472681, -27.442820037455803 ], [ 153.052101224725419, -27.442803037458983 ], [ 153.052133234723527, -27.442791037462101 ], [ 153.052152244723601, -27.442774037463888 ], [ 153.052343214720594, -27.442636037481979 ], [ 153.052514184618133, -27.443302427504438 ], [ 153.052938314441889, -27.444338397555249 ], [ 153.053506034206606, -27.445720457623228 ], [ 153.053851394062491, -27.446568637664637 ], [ 153.053966073978728, -27.447134447680639 ], [ 153.053976153953585, -27.44732541768316 ], [ 153.053946993936847, -27.447482487681476 ], [ 153.053376053618138, -27.450491457647903 ], [ 153.053143113647394, -27.450457437624223 ], [ 153.052460053729703, -27.450385447555014 ], [ 153.052429023747919, -27.450267437550959 ], [ 153.05232303380788, -27.449882457537253 ], [ 153.052287043834582, -27.44970144753221 ], [ 153.052288323845119, -27.449617017531686 ], [ 153.052273283853935, -27.449560017529716 ], [ 153.052242293886678, -27.449327007524758 ], [ 153.052242293891084, -27.449292007524491 ], [ 153.052223273895294, -27.449275007522431 ], [ 153.052229303899679, -27.449235007522727 ], [ 153.052217293909678, -27.449166027520974 ], [ 153.052210283918384, -27.449103007519771 ], [ 153.052178273932697, -27.449017027515875 ], [ 153.052127283946731, -27.44894901751022 ], [ 153.052108303953929, -27.448908017507978 ], [ 153.052102283966065, -27.448817017506663 ], [ 153.052089283980479, -27.448714017504535 ], [ 153.052076293986886, -27.44867401750291 ], [ 153.052064323996888, -27.448605007501161 ], [ 153.052044314008555, -27.448530007498562 ], [ 153.052012304019144, -27.448473017494891 ], [ 153.052000294026215, -27.448427017493323 ], [ 153.051981284033928, -27.448382007491059 ], [ 153.05196832404269, -27.448324017489295 ], [ 153.051929304058461, -27.448232017484649 ], [ 153.051779034136018, -27.447745447465703 ], [ 153.051713044161744, -27.447597447457898 ], [ 153.051641024192094, -27.447418437449247 ], [ 153.051648034192993, -27.447405447449849 ], [ 153.05163205421232, -27.44726544744714 ], [ 153.051623034220398, -27.44720944744579 ], [ 153.051646244228294, -27.447127027447468 ], [ 153.05160726424333, -27.447041037442869 ], [ 153.051546274260858, -27.446954037436054 ], [ 153.051540284266565, -27.446914037435135 ], [ 153.051527254272258, -27.446880037433559 ], [ 153.051514264276534, -27.446857037432061 ], [ 153.051495244281455, -27.446834047429974 ], [ 153.05148225428718, -27.446800037428403 ], [ 153.051476264291466, -27.446771027427573 ], [ 153.051476264295133, -27.446742037427342 ], [ 153.051463234300797, -27.446708037425765 ], [ 153.051457254307252, -27.4466620274248 ], [ 153.051393264322797, -27.446593047417821 ], [ 153.051380274327755, -27.446565037416295 ], [ 153.051361254342908, -27.446461027413559 ], [ 153.051335264354265, -27.446393037410413 ], [ 153.051322274362263, -27.44634103740869 ], [ 153.051310264367828, -27.44630703740722 ], [ 153.051303254374403, -27.446261037406146 ], [ 153.051290264378679, -27.446238027404672 ], [ 153.05127124438286, -27.446221027402622 ], [ 153.0512592343878, -27.446192037401183 ], [ 153.051246244394264, -27.446152037399557 ], [ 153.051251244399026, -27.446110027399726 ], [ 153.051227264405014, -27.446083037397106 ], [ 153.051175254422844, -27.445986037391108 ], [ 153.05116926442787, -27.445951037390245 ], [ 153.051131234442067, -27.445871027385788 ], [ 153.051105284449875, -27.445831027382859 ], [ 153.05109926445482, -27.445797027381982 ], [ 153.051099264457093, -27.445779047381841 ], [ 153.05107327446558, -27.445734037378866 ], [ 153.051054254473428, -27.445688037376605 ], [ 153.051035234478348, -27.445665027374513 ], [ 153.051015234482776, -27.445647027372349 ], [ 153.051003264486837, -27.445625027370973 ], [ 153.050972024504006, -27.445515457366977 ], [ 153.050941034518161, -27.445429447363168 ], [ 153.05090723453182, -27.445350027359151 ], [ 153.050894274538422, -27.445309027357531 ], [ 153.050875264546107, -27.445264037355258 ], [ 153.050855254551919, -27.445235027353018 ], [ 153.050856274555485, -27.445206037352889 ], [ 153.050849274559113, -27.445183027352005 ], [ 153.050830254563323, -27.445166027349963 ], [ 153.05081123457407, -27.445097037347505 ], [ 153.050779264586055, -27.445029037343751 ], [ 153.05076627459249, -27.444989037342136 ], [ 153.050721264608313, -27.444902027336919 ], [ 153.05070827461185, -27.444885027335481 ], [ 153.050702254614635, -27.444868027334739 ] ] ] ] } },
{ "type": "Feature", "properties": { "sa1_2021": "30502111402", "sa2_2021": "305021114", "sa2_2021_name": "Bulimba", "sa1_2021_short": 3111402 }, "geometry": { "type": "MultiPolygon", "coordinates": [ [ [ [ 153.060839903461613, -27.445396468357771 ], [ 153.061012003556613, -27.444498438367962 ], [ 153.061911473442848, -27.444636168459478 ], [ 153.063533053237762, -27.444884458624443 ], [ 153.063249053078692, -27.446384478607765 ], [ 153.063196123048129, -27.446671488604718 ], [ 153.063017892948352, -27.447612428594237 ], [ 153.062944342908423, -27.447990978589836 ], [ 153.063423702847899, -27.448063808638601 ], [ 153.063303692780352, -27.448700078631568 ], [ 153.062827332844961, -27.448592948582824 ], [ 153.062788932824134, -27.44879045858054 ], [ 153.062732062834272, -27.44875841857457 ], [ 153.062122952913796, -27.44864544851244 ], [ 153.060950063060858, -27.448476438393204 ], [ 153.05978009320728, -27.448309488274273 ], [ 153.05859891335524, -27.448140478154201 ], [ 153.058832223472422, -27.447014478168764 ], [ 153.059922983336492, -27.447165418279596 ], [ 153.060487133266804, -27.447238488336883 ], [ 153.060668213366995, -27.446291418347581 ], [ 153.060839903461613, -27.445396468357771 ] ] ] ] } },
{ "type": "Feature", "properties": { "sa1_2021": "30502111403", "sa2_2021": "305021114", "sa2_2021_name": "Bulimba", "sa1_2021_short": 3111403 }, "geometry": { "type": "MultiPolygon", "coordinates": [ [ [ [ 153.05487690432409, -27.443626417744429 ], [ 153.054910004431235, -27.442749467740818 ], [ 153.05652604425282, -27.442791407903567 ], [ 153.057014924193084, -27.442849457953155 ], [ 153.058033014067462, -27.442980398056523 ], [ 153.057722003879377, -27.444734128039137 ], [ 153.057678713853193, -27.44497813803671 ], [ 153.057514973754138, -27.445901438027565 ], [ 153.058013923691703, -27.445972348078268 ], [ 153.058626983615028, -27.44605948814058 ], [ 153.059041003565, -27.446104498182553 ], [ 153.058832223472422, -27.447014478168764 ], [ 153.05859891335524, -27.448140478154201 ], [ 153.057449093499429, -27.44797441803733 ], [ 153.056265033647264, -27.447808457917013 ], [ 153.055106923792238, -27.447643487799326 ], [ 153.054672063846795, -27.447580477755118 ], [ 153.054722063958224, -27.446655457752822 ], [ 153.054769774070991, -27.445721877750238 ], [ 153.054788494115257, -27.445355467749216 ], [ 153.054856204275211, -27.444030937745545 ], [ 153.05487690432409, -27.443626417744429 ] ] ] ] } },
{ "type": "Feature", "properties": { "sa1_2021": "30502111404", "sa2_2021": "305021114", "sa2_2021_name": "Bulimba", "sa1_2021_short": 3111404 }, "geometry": { "type": "MultiPolygon", "coordinates": [ [ [ [ 153.057722003879377, -27.444734128039137 ], [ 153.058033014067462, -27.442980398056523 ], [ 153.057014924193084, -27.442849457953155 ], [ 153.05652604425282, -27.442791407903567 ], [ 153.054910004431235, -27.442749467740818 ], [ 153.05493402450216, -27.442167457738634 ], [ 153.055012024489258, -27.44220345774675 ], [ 153.055165034472623, -27.442205457762142 ], [ 153.055216024465267, -27.442220457767387 ], [ 153.055424184441762, -27.442230017788383 ], [ 153.05559817442159, -27.442242007805973 ], [ 153.05565515441549, -27.4422420078117 ], [ 153.055716184408311, -27.442247027817867 ], [ 153.055726144407259, -27.442247027818865 ], [ 153.055771154403033, -27.442242007823353 ], [ 153.055823164396742, -27.442248017828632 ], [ 153.055887144389118, -27.442254017835108 ], [ 153.055919154385549, -27.442255017838328 ], [ 153.055977154378837, -27.442259007844189 ], [ 153.056031034373774, -27.442253447849566 ], [ 153.056195174353945, -27.442271017866194 ], [ 153.056279154343429, -27.442283027874726 ], [ 153.056394164330356, -27.442289017886342 ], [ 153.056465124322784, -27.442289017893476 ], [ 153.056555134312362, -27.442295007902558 ], [ 153.056567104311085, -27.442295007903766 ], [ 153.056685144297319, -27.442304017915692 ], [ 153.056728144292435, -27.442306017920039 ], [ 153.056790124285811, -27.442306017926263 ], [ 153.056825124281943, -27.442307017929799 ], [ 153.056979114264067, -27.442318007945346 ], [ 153.057063144253476, -27.442330017953903 ], [ 153.057159134242482, -27.442335987963592 ], [ 153.057217134236225, -27.442335987969418 ], [ 153.057294114227261, -27.442341997977213 ], [ 153.057365144218267, -27.442352987984432 ], [ 153.057442124209274, -27.44235900799222 ], [ 153.057519134199623, -27.442369998000053 ], [ 153.057725144175265, -27.442387998020887 ], [ 153.057782114169157, -27.442387998026618 ], [ 153.057840154161426, -27.442399998032538 ], [ 153.057917134152575, -27.442404998040317 ], [ 153.057975134146204, -27.442405998046162 ], [ 153.058025134139712, -27.44241500805126 ], [ 153.058091124131607, -27.442422998057953 ], [ 153.058168144122675, -27.442428988065739 ], [ 153.058229134115976, -27.442429988071883 ], [ 153.058284134108817, -27.442439998077486 ], [ 153.058737034054673, -27.442484448123356 ], [ 153.058939024030224, -27.442506448143842 ], [ 153.059043044019631, -27.442502458154262 ], [ 153.059144044007382, -27.442513438164504 ], [ 153.059142034005589, -27.442529448164425 ], [ 153.059344023981197, -27.44255143818491 ], [ 153.059345043982091, -27.442543448184939 ], [ 153.059582043951366, -27.442585448209094 ], [ 153.059814033922635, -27.442616448232659 ], [ 153.059916013910538, -27.442625438242981 ], [ 153.060017043898114, -27.442638448253231 ], [ 153.060118043885922, -27.442649458263478 ], [ 153.060220023873825, -27.442658448273797 ], [ 153.060320033860989, -27.442675448283985 ], [ 153.060523043834309, -27.442714448304702 ], [ 153.060719013808352, -27.442753438324718 ], [ 153.060790043847817, -27.442380448328901 ], [ 153.060997033821764, -27.442411448349951 ], [ 153.06119804379469, -27.442455448370502 ], [ 153.061499023756625, -27.442501458401125 ], [ 153.061480043746656, -27.442596448399971 ], [ 153.062082033670521, -27.442688448461212 ], [ 153.062021043636548, -27.443009448457609 ], [ 153.062617013556377, -27.443138448518557 ], [ 153.062691043598335, -27.442743448522865 ], [ 153.06319404353485, -27.442819448574038 ], [ 153.063111043488789, -27.443254438569134 ], [ 153.063605033420998, -27.44337244861973 ], [ 153.063804033405091, -27.443329438639395 ], [ 153.06377304338443, -27.443519458637784 ], [ 153.063697963332714, -27.443992458633964 ], [ 153.063533053237762, -27.444884458624443 ], [ 153.061911473442848, -27.444636168459478 ], [ 153.061012003556613, -27.444498438367962 ], [ 153.060839903461613, -27.445396468357771 ], [ 153.060668213366995, -27.446291418347581 ], [ 153.060487133266804, -27.447238488336883 ], [ 153.059922983336492, -27.447165418279596 ], [ 153.058832223472422, -27.447014478168764 ], [ 153.059041003565, -27.446104498182553 ], [ 153.058626983615028, -27.44605948814058 ], [ 153.058013923691703, -27.445972348078268 ], [ 153.057514973754138, -27.445901438027565 ], [ 153.057678713853193, -27.44497813803671 ], [ 153.057722003879377, -27.444734128039137 ] ] ] ] } },
{ "type": "Feature", "properties": { "sa1_2021": "30502111405", "sa2_2021": "305021114", "sa2_2021_name": "Bulimba", "sa1_2021_short": 3111405 }, "geometry": { "type": "MultiPolygon", "coordinates": [ [ [ [ 153.052938314441889, -27.444338397555249 ], [ 153.052514184618133, -27.443302427504438 ], [ 153.052343214720594, -27.442636037481979 ], [ 153.053336194655486, -27.442309037579175 ], [ 153.05349917464531, -27.442251037595099 ], [ 153.053603194637361, -27.442226027605351 ], [ 153.05391819460803, -27.442191037636732 ], [ 153.054037214596036, -27.442185027648648 ], [ 153.054188214579852, -27.442185027663818 ], [ 153.054852194506452, -27.442203007730683 ], [ 153.05493402450216, -27.442167457738634 ], [ 153.054910004431235, -27.442749467740818 ], [ 153.05487690432409, -27.443626417744429 ], [ 153.054856204275211, -27.444030937745545 ], [ 153.054788494115257, -27.445355467749216 ], [ 153.054769774070991, -27.445721877750238 ], [ 153.054722063958224, -27.446655457752822 ], [ 153.054672063846795, -27.447580477755118 ], [ 153.053946993936847, -27.447482487681476 ], [ 153.053976153953585, -27.44732541768316 ], [ 153.053966073978728, -27.447134447680639 ], [ 153.053851394062491, -27.446568637664637 ], [ 153.053506034206606, -27.445720457623228 ], [ 153.052938314441889, -27.444338397555249 ] ] ] ] } },
{ "type": "Feature", "properties": { "sa1_2021": "30502111406", "sa2_2021": "305021114", "sa2_2021_name": "Bulimba", "sa1_2021_short": 3111406 }, "geometry": { "type": "MultiPolygon", "coordinates": [ [ [ [ 153.063442242708135, -27.449154108649093 ], [ 153.062788932824134, -27.44879045858054 ], [ 153.062827332844961, -27.448592948582824 ], [ 153.063303692780352, -27.448700078631568 ], [ 153.063423702847899, -27.448063808638601 ], [ 153.062944342908423, -27.447990978589836 ], [ 153.063017892948352, -27.447612428594237 ], [ 153.063196123048129, -27.446671488604718 ], [ 153.063249053078692, -27.446384478607765 ], [ 153.063533053237762, -27.444884458624443 ], [ 153.063697963332714, -27.443992458633964 ], [ 153.06377304338443, -27.443519458637784 ], [ 153.063804033405091, -27.443329438639395 ], [ 153.063922033388991, -27.443356968651479 ], [ 153.064011023378072, -27.443367958660502 ], [ 153.06416005335879, -27.443393968675693 ], [ 153.06430503333911, -27.443426958690527 ], [ 153.064463043317119, -27.44346696870673 ], [ 153.064620063295507, -27.443504968722817 ], [ 153.064760043276465, -27.443536958737145 ], [ 153.064905023257097, -27.443566958751951 ], [ 153.065308013201047, -27.44366893879328 ], [ 153.065377983187545, -27.443716938800694 ], [ 153.065392003180307, -27.443761938802464 ], [ 153.065389013177906, -27.443783948802334 ], [ 153.065573993154288, -27.443813938821172 ], [ 153.065588003154943, -27.443796938822448 ], [ 153.06564801314974, -27.443786948828393 ], [ 153.065764993134451, -27.443808938840345 ], [ 153.066216023071092, -27.44392793888662 ], [ 153.066386993045711, -27.443983938904257 ], [ 153.06650901302794, -27.444020928916817 ], [ 153.06661701301158, -27.444058948927974 ], [ 153.06685302297808, -27.444123938952213 ], [ 153.066904012971605, -27.444131938957401 ], [ 153.066952992965099, -27.444141938962421 ], [ 153.067054982953778, -27.444144938972684 ], [ 153.06711202294386, -27.444174948978663 ], [ 153.067202952928966, -27.444215938988126 ], [ 153.067246962922979, -27.444225948992635 ], [ 153.0674969928846, -27.444317929018499 ], [ 153.067537982879031, -27.444326929022697 ], [ 153.067587982871316, -27.444345919027874 ], [ 153.067635982865113, -27.444353919032761 ], [ 153.06768595285638, -27.444380929037994 ], [ 153.067730952849644, -27.444395929042642 ], [ 153.067779972841521, -27.44441892904775 ], [ 153.067879982827037, -27.444448929058041 ], [ 153.067923972819273, -27.444472929062652 ], [ 153.06797795281193, -27.444484929068174 ], [ 153.068020982804939, -27.444503929072656 ], [ 153.068078952798231, -27.444507929078512 ], [ 153.068122972793276, -27.444509929082951 ], [ 153.068178962784231, -27.44453391908878 ], [ 153.068217972777148, -27.444556919092882 ], [ 153.068308972759439, -27.444619929102526 ], [ 153.068363972753161, -27.444622929108089 ], [ 153.068409962746813, -27.444633929112797 ], [ 153.068460992738466, -27.444656929118118 ], [ 153.068551992722661, -27.444704919127645 ], [ 153.068596992714163, -27.444733929132386 ], [ 153.068643972706241, -27.444756919137305 ], [ 153.069096022639798, -27.444899439183885 ], [ 153.069220052651389, -27.444702459194794 ], [ 153.070101052500917, -27.445146459286899 ], [ 153.070049032471616, -27.445422459283854 ], [ 153.070130032445661, -27.445559449293071 ], [ 153.069843032284211, -27.447080449276253 ], [ 153.069753162233326, -27.447559429270996 ], [ 153.069595122137201, -27.448454479262189 ], [ 153.069435982038129, -27.449373469253445 ], [ 153.06935896199488, -27.449781449248931 ], [ 153.069259941948587, -27.45023143924254 ], [ 153.069097951970008, -27.450199489226002 ], [ 153.06813939208547, -27.450098699128809 ], [ 153.067194992199234, -27.449999409033079 ], [ 153.065568152401113, -27.449781448867775 ], [ 153.065140112445192, -27.449795488824858 ], [ 153.064860052458556, -27.449927408797745 ], [ 153.06459221250924, -27.449753458769443 ], [ 153.063876702632655, -27.449383378694577 ], [ 153.063557912687656, -27.449218488661231 ], [ 153.063442242708135, -27.449154108649093 ] ] ] ] } },
{ "type": "Feature", "properties": { "sa1_2021": "30502111407", "sa2_2021": "305021114", "sa2_2021_name": "Bulimba", "sa1_2021_short": 3111407 }, "geometry": { "type": "MultiPolygon", "coordinates": [ [ [ [ 153.057631042626468, -27.454732448109073 ], [ 153.05764203263314, -27.45467043810968 ], [ 153.057693022668843, -27.454344448112227 ], [ 153.057863032704915, -27.453914458125915 ], [ 153.057927162715856, -27.453773488131247 ], [ 153.058018012762574, -27.453326448136842 ], [ 153.058024002766473, -27.45329044813716 ], [ 153.059031982640249, -27.45343445823962 ], [ 153.060037122513791, -27.453582418341814 ], [ 153.060046142519496, -27.453529488342301 ], [ 153.060983932402223, -27.453662408437616 ], [ 153.061932892283068, -27.453800478534106 ], [ 153.061641992122475, -27.455318418516864 ], [ 153.061425982003897, -27.456440448504026 ], [ 153.06041008211659, -27.456410478401672 ], [ 153.059512942218731, -27.456363408311116 ], [ 153.058503902332319, -27.456320478209356 ], [ 153.057507012443352, -27.456287448108899 ], [ 153.057507012516993, -27.455704438104295 ], [ 153.057537022563935, -27.455307448104158 ], [ 153.057631042626468, -27.454732448109073 ] ] ] ] } },
{ "type": "Feature", "properties": { "sa1_2021": "30502111408", "sa2_2021": "305021114", "sa2_2021_name": "Bulimba", "sa1_2021_short": 3111408 }, "geometry": { "type": "MultiPolygon", "coordinates": [ [ [ [ 153.058190402865847, -27.452362358146548 ], [ 153.058397032989177, -27.451210438158199 ], [ 153.059204522886489, -27.451337978240378 ], [ 153.059429072857967, -27.451373448263226 ], [ 153.060389892740346, -27.451489458360722 ], [ 153.061360102618806, -27.451628408459349 ], [ 153.061546942595839, -27.451651458478313 ], [ 153.06212576252247, -27.451741278537213 ], [ 153.062435102482482, -27.451795468568736 ], [ 153.062363082475173, -27.451914438562437 ], [ 153.062271982463358, -27.452085438554633 ], [ 153.062160542404371, -27.452646628547861 ], [ 153.061972092304984, -27.453593478536408 ], [ 153.061932892283068, -27.453800478534106 ], [ 153.060983932402223, -27.453662408437616 ], [ 153.060046142519496, -27.453529488342301 ], [ 153.060037122513791, -27.453582418341814 ], [ 153.059031982640249, -27.45343445823962 ], [ 153.058024002766473, -27.45329044813716 ], [ 153.058190402865847, -27.452362358146548 ] ] ] ] } },
{ "type": "Feature", "properties": { "sa1_2021": "30502111409", "sa2_2021": "305021114", "sa2_2021_name": "Bulimba", "sa1_2021_short": 3111409 }, "geometry": { "type": "MultiPolygon", "coordinates": [ [ [ [ 153.05510619312102, -27.452959427841289 ], [ 153.055250913215531, -27.452088417848945 ], [ 153.055391363302761, -27.451278337856639 ], [ 153.05549608335329, -27.45078943786331 ], [ 153.055693003328628, -27.450817427883326 ], [ 153.056446143234524, -27.450923447959855 ], [ 153.056873083180903, -27.450985458003252 ], [ 153.058043093035451, -27.451144488122104 ], [ 153.058397032989177, -27.451210438158199 ], [ 153.058190402865847, -27.452362358146548 ], [ 153.058024002766473, -27.45329044813716 ], [ 153.058018012762574, -27.453326448136842 ], [ 153.057927162715856, -27.453773488131247 ], [ 153.057863032704915, -27.453914458125915 ], [ 153.057693022668843, -27.454344448112227 ], [ 153.05764203263314, -27.45467043810968 ], [ 153.057631042626468, -27.454732448109073 ], [ 153.057537022563935, -27.455307448104158 ], [ 153.057507012516993, -27.455704438104295 ], [ 153.057507012443352, -27.456287448108899 ], [ 153.057440002411028, -27.45660068810464 ], [ 153.05737952238178, -27.456883388100803 ], [ 153.056462022496646, -27.456752448007546 ], [ 153.056356062509792, -27.456738447996784 ], [ 153.055215032652711, -27.456575437880826 ], [ 153.054761042709487, -27.4565114478347 ], [ 153.054647022723827, -27.456494447823101 ], [ 153.053478542870067, -27.456328907704364 ], [ 153.053455292871263, -27.4563389877021 ], [ 153.05345033287756, -27.456292997701251 ], [ 153.053438322884688, -27.456246987699672 ], [ 153.053432342891881, -27.456195007698661 ], [ 153.053426312897614, -27.456154987697733 ], [ 153.053414302904088, -27.456113997696203 ], [ 153.053415332908997, -27.456073997696002 ], [ 153.053422332910401, -27.456056997696557 ], [ 153.053416022919976, -27.455986457695374 ], [ 153.053430332923909, -27.455942997696468 ], [ 153.053424342928253, -27.455913987695638 ], [ 153.053418322934732, -27.455867997694668 ], [ 153.053413322947478, -27.455771007693397 ], [ 153.053414302956099, -27.455701997692955 ], [ 153.053410332969634, -27.455597987691725 ], [ 153.053411312981041, -27.455506987691106 ], [ 153.053406312989523, -27.4554439976901 ], [ 153.053413322998239, -27.455368997690218 ], [ 153.053386023006794, -27.455324447687122 ], [ 153.053372043069629, -27.454838457681873 ], [ 153.052939043117846, -27.454824447638256 ], [ 153.052915023157908, -27.454527457633478 ], [ 153.053365033112442, -27.454505457678543 ], [ 153.053395033116431, -27.454448437681108 ], [ 153.053356313152847, -27.454192987675192 ], [ 153.053311273161313, -27.454163997670438 ], [ 153.053292283167053, -27.454134997668291 ], [ 153.053267283173369, -27.454106007665555 ], [ 153.053248303179828, -27.454070997663365 ], [ 153.053230273188944, -27.454014007661112 ], [ 153.053212313196696, -27.453967997658935 ], [ 153.053200313203803, -27.453922007657372 ], [ 153.053193953208961, -27.453886447656441 ], [ 153.053538553168124, -27.453917317691321 ], [ 153.054971362989221, -27.454117547836898 ], [ 153.055052022979737, -27.454124447845057 ], [ 153.055101043009955, -27.45384344784776 ], [ 153.055192043051761, -27.453435457853676 ], [ 153.055192043070036, -27.453290447852524 ], [ 153.055166013093583, -27.453126447848621 ], [ 153.05510619312102, -27.452959427841289 ] ] ] ] } },
{ "type": "Feature", "properties": { "sa1_2021": "30502111410", "sa2_2021": "305021114", "sa2_2021_name": "Bulimba", "sa1_2021_short": 3111410 }, "geometry": { "type": "MultiPolygon", "coordinates": [ [ [ [ 153.052566043652803, -27.450904447569762 ], [ 153.052460053729703, -27.450385447555014 ], [ 153.053143113647394, -27.450457437624223 ], [ 153.053376053618138, -27.450491457647903 ], [ 153.053715143575715, -27.450539427682362 ], [ 153.054531973473644, -27.450654437765348 ], [ 153.05549608335329, -27.45078943786331 ], [ 153.055391363302761, -27.451278337856639 ], [ 153.055250913215531, -27.452088417848945 ], [ 153.05510619312102, -27.452959427841289 ], [ 153.055166013093583, -27.453126447848621 ], [ 153.055192043070036, -27.453290447852524 ], [ 153.055192043051761, -27.453435457853676 ], [ 153.055101043009955, -27.45384344784776 ], [ 153.055052022979737, -27.454124447845057 ], [ 153.054971362989221, -27.454117547836898 ], [ 153.053538553168124, -27.453917317691321 ], [ 153.053193953208961, -27.453886447656441 ], [ 153.053188303213801, -27.453852997655613 ], [ 153.053183303223051, -27.453783997654568 ], [ 153.053185303238706, -27.453657987653774 ], [ 153.053173293245834, -27.453611997652203 ], [ 153.05317329325166, -27.453565987651839 ], [ 153.053161293256608, -27.45353699765041 ], [ 153.053111283275058, -27.453432997644551 ], [ 153.053112303282916, -27.453369997644156 ], [ 153.053127273292176, -27.453283997644988 ], [ 153.053121283297116, -27.453249987644117 ], [ 153.053121283300015, -27.453226997643927 ], [ 153.053110303304351, -27.453201997642637 ], [ 153.053103293309903, -27.453163997641632 ], [ 153.053084313317868, -27.453117007639349 ], [ 153.053079273321345, -27.453094017638662 ], [ 153.053066283325592, -27.453071017637171 ], [ 153.053026023342653, -27.452970457632329 ], [ 153.052124033455215, -27.452844447540691 ], [ 153.052051033510764, -27.452466437530372 ], [ 153.052952033399436, -27.452583457621831 ], [ 153.052910283425064, -27.452416007616314 ], [ 153.052898303437217, -27.452330027614426 ], [ 153.052902283442222, -27.452287007614483 ], [ 153.052922283454478, -27.452173017615596 ], [ 153.052922283459765, -27.452131017615276 ], [ 153.052817023511636, -27.451809447602134 ], [ 153.052836043519193, -27.45173345760346 ], [ 153.052669053618303, -27.451090447581592 ], [ 153.052558013645466, -27.450969437569469 ], [ 153.052566043652803, -27.450904447569762 ] ] ] ] } },
{ "type": "Feature", "properties": { "sa1_2021": "30502111411", "sa2_2021": "305021114", "sa2_2021_name": "Bulimba", "sa1_2021_short": 3111411 }, "geometry": { "type": "MultiPolygon", "coordinates": [ [ [ [ 153.060620032871981, -27.450251678374059 ], [ 153.060734962937772, -27.449633518380725 ], [ 153.06076778295656, -27.449456848382635 ], [ 153.060950063060858, -27.448476438393204 ], [ 153.062122952913796, -27.44864544851244 ], [ 153.062732062834272, -27.44875841857457 ], [ 153.062788932824134, -27.44879045858054 ], [ 153.063442242708135, -27.449154108649093 ], [ 153.063557912687656, -27.449218488661231 ], [ 153.063876702632655, -27.449383378694577 ], [ 153.06459221250924, -27.449753458769443 ], [ 153.064860052458556, -27.449927408797745 ], [ 153.064250942444858, -27.450552468741449 ], [ 153.06348089245239, -27.451146468668735 ], [ 153.06265395248289, -27.451606448589242 ], [ 153.062540222483591, -27.451697448578521 ], [ 153.062435102482482, -27.451795468568736 ], [ 153.06212576252247, -27.451741278537213 ], [ 153.061546942595839, -27.451651458478313 ], [ 153.061360102618806, -27.451628408459349 ], [ 153.060389892740346, -27.451489458360722 ], [ 153.060498812801853, -27.450909968367089 ], [ 153.060505492806442, -27.450867818367424 ], [ 153.060620032871981, -27.450251678374059 ] ] ] ] } },
{ "type": "Feature", "properties": { "sa1_2021": "30502111412", "sa2_2021": "305021114", "sa2_2021_name": "Bulimba", "sa1_2021_short": 3111412 }, "geometry": { "type": "MultiPolygon", "coordinates": [ [ [ [ 153.056941043218501, -27.450630078007276 ], [ 153.057228453377405, -27.449127838024282 ], [ 153.057449093499429, -27.44797441803733 ], [ 153.05859891335524, -27.448140478154201 ], [ 153.05978009320728, -27.448309488274273 ], [ 153.060950063060858, -27.448476438393204 ], [ 153.06076778295656, -27.449456848382635 ], [ 153.060734962937772, -27.449633518380725 ], [ 153.060620032871981, -27.450251678374059 ], [ 153.060505492806442, -27.450867818367424 ], [ 153.060498812801853, -27.450909968367089 ], [ 153.060389892740346, -27.451489458360722 ], [ 153.059429072857967, -27.451373448263226 ], [ 153.059204522886489, -27.451337978240378 ], [ 153.058397032989177, -27.451210438158199 ], [ 153.058043093035451, -27.451144488122104 ], [ 153.056873083180903, -27.450985458003252 ], [ 153.056941043218501, -27.450630078007276 ] ] ] ] } },
{ "type": "Feature", "properties": { "sa1_2021": "30502111413", "sa2_2021": "305021114", "sa2_2021_name": "Bulimba", "sa1_2021_short": 3111413 }, "geometry": { "type": "MultiPolygon", "coordinates": [ [ [ [ 153.055106923792238, -27.447643487799326 ], [ 153.056265033647264, -27.447808457917013 ], [ 153.057449093499429, -27.44797441803733 ], [ 153.057228453377405, -27.449127838024282 ], [ 153.056941043218501, -27.450630078007276 ], [ 153.056873083180903, -27.450985458003252 ], [ 153.056446143234524, -27.450923447959855 ], [ 153.055693003328628, -27.450817427883326 ], [ 153.05549608335329, -27.45078943786331 ], [ 153.054531973473644, -27.450654437765348 ], [ 153.053715143575715, -27.450539427682362 ], [ 153.053376053618138, -27.450491457647903 ], [ 153.053946993936847, -27.447482487681476 ], [ 153.054672063846795, -27.447580477755118 ], [ 153.055106923792238, -27.447643487799326 ] ] ] ] } },
{ "type": "Feature", "properties": { "sa1_2021": "30502111501", "sa2_2021": "305021115", "sa2_2021_name": "East Brisbane", "sa1_2021_short": 3111501 }, "geometry": { "type": "MultiPolygon", "coordinates": [ [ [ [ 153.041560201416615, -27.477963476677999 ], [ 153.041616701446827, -27.477676056681403 ], [ 153.041695871482204, -27.477328536686603 ], [ 153.041787051522704, -27.476930456692614 ], [ 153.041913041571917, -27.476433446701353 ], [ 153.042169021525126, -27.47658644672827 ], [ 153.042554021442015, -27.476917446769551 ], [ 153.042844011383124, -27.477137446800416 ], [ 153.043122031350748, -27.4771574468285 ], [ 153.043427031298819, -27.477309446860342 ], [ 153.043377641266289, -27.47760906685777 ], [ 153.043471631251037, -27.477650066867525 ], [ 153.043571641236753, -27.477678056877796 ], [ 153.043682641220045, -27.477716056889239 ], [ 153.04377265120749, -27.477739046898456 ], [ 153.043819621201692, -27.477745046903223 ], [ 153.043902621190512, -27.477763046911715 ], [ 153.044052641169088, -27.477805056927107 ], [ 153.044135601157905, -27.477823056935595 ], [ 153.044324641131681, -27.477870046954951 ], [ 153.044447601115991, -27.477890046967463 ], [ 153.044577621100132, -27.477905046980641 ], [ 153.044673611087518, -27.477923046990426 ], [ 153.044769611075594, -27.477936057000175 ], [ 153.04483363106857, -27.477937057006613 ], [ 153.044904621058691, -27.477955057013887 ], [ 153.044968611051729, -27.477956057020322 ], [ 153.045097601039146, -27.4779460470332 ], [ 153.04521962102578, -27.477948047045473 ], [ 153.045245601024391, -27.477937057047999 ], [ 153.045302621018891, -27.477932057053682 ], [ 153.045341601014712, -27.477932057057597 ], [ 153.045528630998575, -27.477901057076156 ], [ 153.045637610988138, -27.477891047087013 ], [ 153.045708610981933, -27.477880057094062 ], [ 153.045805620974136, -27.477859057103633 ], [ 153.045840630970901, -27.477855047107127 ], [ 153.045751020918942, -27.47834244710198 ], [ 153.045527640799065, -27.47948154708854 ], [ 153.045515590792093, -27.479546947087844 ], [ 153.044953090863402, -27.479460477030656 ], [ 153.044050960981565, -27.479291436938695 ], [ 153.04313404109061, -27.479207466845914 ], [ 153.042412291181847, -27.47909822677256 ], [ 153.042340931190864, -27.479087426765304 ], [ 153.041988481236388, -27.479026576729424 ], [ 153.041953011240963, -27.479020456725809 ], [ 153.041372221316038, -27.478919476666668 ], [ 153.041482971375245, -27.478356576673349 ], [ 153.041560201416615, -27.477963476677999 ] ] ] ] } },
{ "type": "Feature", "properties": { "sa1_2021": "30502111502", "sa2_2021": "305021115", "sa2_2021_name": "East Brisbane", "sa1_2021_short": 3111502 }, "geometry": { "type": "MultiPolygon", "coordinates": [ [ [ [ 153.045751020918942, -27.47834244710198 ], [ 153.045840630970901, -27.477855047107127 ], [ 153.045901620964457, -27.477854047113247 ], [ 153.045953630960128, -27.477844057118396 ], [ 153.045998560956718, -27.477833047122825 ], [ 153.046049590953999, -27.477811047127766 ], [ 153.046113570947171, -27.4778110471342 ], [ 153.046171570938668, -27.477829037140168 ], [ 153.046197600937262, -27.4778180271427 ], [ 153.046242570935959, -27.477790037146992 ], [ 153.046281580933794, -27.477774037150784 ], [ 153.046333600930325, -27.477757027155878 ], [ 153.046346590931108, -27.47774002715704 ], [ 153.046378560928332, -27.477735037160219 ], [ 153.046468570924333, -27.477690027168904 ], [ 153.046533580919373, -27.477674037175319 ], [ 153.046553580918783, -27.477662037177225 ], [ 153.046643550913245, -27.477629027186008 ], [ 153.046760030906995, -27.477579447197318 ], [ 153.046830580904412, -27.477540027204096 ], [ 153.046875040902506, -27.477517437208373 ], [ 153.046966030899824, -27.477461437217073 ], [ 153.046998040897762, -27.477450447220203 ], [ 153.047007020897809, -27.47744243722104 ], [ 153.047164040895609, -27.4773264472359 ], [ 153.04718602089477, -27.477314437238022 ], [ 153.047242040894815, -27.477266447243274 ], [ 153.047308040896837, -27.477194447249335 ], [ 153.047358040895261, -27.477164437254114 ], [ 153.047399030892478, -27.477151457258135 ], [ 153.047578030884551, -27.477062447275411 ], [ 153.047660040883812, -27.476998437283147 ], [ 153.047752020887486, -27.476891457291543 ], [ 153.047801040890391, -27.476826447295949 ], [ 153.047940030886963, -27.476735447309192 ], [ 153.047990040886276, -27.476698447313929 ], [ 153.04802504088417, -27.476685437317336 ], [ 153.048033040886338, -27.476661447317952 ], [ 153.048041030889522, -27.476629437318504 ], [ 153.048087020889255, -27.476592437322825 ], [ 153.048112020887856, -27.476582447325264 ], [ 153.048150020884634, -27.476575457329037 ], [ 153.048177030883238, -27.476563447331657 ], [ 153.048246010879041, -27.476538457338386 ], [ 153.048278020876324, -27.476532447341548 ], [ 153.048318030874213, -27.476515437345437 ], [ 153.048359020872567, -27.476493447349377 ], [ 153.048367050872599, -27.476486447350123 ], [ 153.048441030869697, -27.476446457357255 ], [ 153.048542030857249, -27.476459437367502 ], [ 153.04875304083825, -27.476430457388478 ], [ 153.048858050831143, -27.47639744739876 ], [ 153.048923020826322, -27.476380447405152 ], [ 153.049103030813313, -27.476330447422839 ], [ 153.049132010812599, -27.476311447425605 ], [ 153.049463030794612, -27.476172457457771 ], [ 153.049593050787365, -27.47611944747041 ], [ 153.050142520745027, -27.475988007524574 ], [ 153.050134010693085, -27.476406437527039 ], [ 153.050119050670929, -27.476594457527014 ], [ 153.050068020645568, -27.476838457523815 ], [ 153.050028020631089, -27.47698744752098 ], [ 153.049982030621777, -27.477100447517255 ], [ 153.049962030607333, -27.477231447516267 ], [ 153.049896030596102, -27.477376447510785 ], [ 153.049876030584585, -27.477484457509643 ], [ 153.04983103057225, -27.47762044750619 ], [ 153.049734050559778, -27.477801447497875 ], [ 153.049542020546824, -27.478067447480679 ], [ 153.049436020537826, -27.478228447471309 ], [ 153.049310030535338, -27.47835545745966 ], [ 153.04924403052587, -27.478486447454056 ], [ 153.049011930538256, -27.47858583743152 ], [ 153.04886991055605, -27.478565407417094 ], [ 153.048349710536769, -27.479159977369527 ], [ 153.047707130512975, -27.479894447310762 ], [ 153.046691920643298, -27.479725437207435 ], [ 153.04665804066147, -27.479610397203118 ], [ 153.046615960662166, -27.479640467199136 ], [ 153.04645613067575, -27.479668457183301 ], [ 153.046011160728625, -27.479628397138281 ], [ 153.04584409075045, -27.479597447121243 ], [ 153.045515590792093, -27.479546947087844 ], [ 153.045527640799065, -27.47948154708854 ], [ 153.045751020918942, -27.47834244710198 ] ] ] ] } },
{ "type": "Feature", "properties": { "sa1_2021": "30502111503", "sa2_2021": "305021115", "sa2_2021_name": "East Brisbane", "sa1_2021_short": 3111503 }, "geometry": { "type": "MultiPolygon", "coordinates": [ [ [ [ 153.049305170312891, -27.480120447473119 ], [ 153.048702150388863, -27.480031427411827 ], [ 153.047707130512975, -27.479894447310762 ], [ 153.048349710536769, -27.479159977369527 ], [ 153.04886991055605, -27.478565407417094 ], [ 153.049011930538256, -27.47858583743152 ], [ 153.04924403052587, -27.478486447454056 ], [ 153.04923403050924, -27.478626437454164 ], [ 153.049259030484848, -27.478798457458037 ], [ 153.049346010446982, -27.479024447468554 ], [ 153.049351010432787, -27.479132447469915 ], [ 153.049406020417194, -27.479209447476041 ], [ 153.04949201040489, -27.479233447484873 ], [ 153.04960805039056, -27.479248447496662 ], [ 153.049701010378044, -27.479268447506151 ], [ 153.049862020360109, -27.479273437522373 ], [ 153.050047030346207, -27.479226447540594 ], [ 153.050336040331757, -27.47909545756859 ], [ 153.050545040320912, -27.479003447588866 ], [ 153.050771050306253, -27.478927457610979 ], [ 153.05091705029983, -27.478854457625065 ], [ 153.051000050296977, -27.47880644763303 ], [ 153.051023040301118, -27.478754437634926 ], [ 153.051052020309868, -27.478660447637093 ], [ 153.05115203031832, -27.478508447645936 ], [ 153.051202040329258, -27.478379447649939 ], [ 153.051211020338116, -27.478301447650235 ], [ 153.051240040344993, -27.478222457652532 ], [ 153.051306030372388, -27.477949447656997 ], [ 153.051353040390865, -27.477763457660256 ], [ 153.051364030418711, -27.477533437659538 ], [ 153.051390010436393, -27.477371457660883 ], [ 153.051429030452795, -27.477208457663501 ], [ 153.05146404046522, -27.477080447666015 ], [ 153.05148904046996, -27.477021457668052 ], [ 153.051645040477752, -27.476827447682201 ], [ 153.051780020475775, -27.476728447694981 ], [ 153.051944050470155, -27.476633457710708 ], [ 153.05205004046536, -27.476581447720942 ], [ 153.052373030429465, -27.476591437753488 ], [ 153.052789020374149, -27.476675447795945 ], [ 153.05314201031976, -27.476806447832455 ], [ 153.053412040270302, -27.476968447860873 ], [ 153.053582020235552, -27.477099447878992 ], [ 153.053735030205189, -27.477209447895234 ], [ 153.05384103017866, -27.477329447906843 ], [ 153.053952020151428, -27.477450447918947 ], [ 153.054077030124915, -27.47755443793233 ], [ 153.054137040109509, -27.47762544793893 ], [ 153.054303040068589, -27.477808447957049 ], [ 153.054404040032608, -27.478007447968771 ], [ 153.054425030006598, -27.478195447972368 ], [ 153.054374039992325, -27.478351457968483 ], [ 153.054265049981666, -27.478528447958933 ], [ 153.054122039976335, -27.478692447945857 ], [ 153.053859019976613, -27.478913447921165 ], [ 153.053637029978091, -27.479090437900254 ], [ 153.053450039977065, -27.479257457882795 ], [ 153.053254029976728, -27.479426457864424 ], [ 153.053151029971389, -27.479556457855104 ], [ 153.053083029966558, -27.47965244784903 ], [ 153.052957029952665, -27.479869457838085 ], [ 153.052868049933807, -27.480094447830922 ], [ 153.052800049894586, -27.480462457826999 ], [ 153.052806029869572, -27.480655447829118 ], [ 153.052785039839335, -27.480912447829049 ], [ 153.052770039810895, -27.481150447829421 ], [ 153.052768039781427, -27.481385457831074 ], [ 153.052839029748412, -27.481586437839805 ], [ 153.052928019728085, -27.481671447849401 ], [ 153.053094019705611, -27.481708447866392 ], [ 153.053263049696824, -27.481634447882794 ], [ 153.053399049695372, -27.481530437895639 ], [ 153.053651039689299, -27.481364437919641 ], [ 153.053867009693164, -27.481150447939662 ], [ 153.053908039696466, -27.481089457943298 ], [ 153.05413601970676, -27.480814457964037 ], [ 153.054246029714989, -27.480655447973827 ], [ 153.054538029711864, -27.480432448001416 ], [ 153.054956029694523, -27.4802144480417 ], [ 153.055524039657541, -27.480024448097279 ], [ 153.055740049644101, -27.479947448118384 ], [ 153.055841039641223, -27.479884438128039 ], [ 153.055948029636795, -27.479828438138345 ], [ 153.056250029626398, -27.47965444816732 ], [ 153.05644602961749, -27.479558448186264 ], [ 153.056548049608807, -27.479540448196374 ], [ 153.05665203959768, -27.479540448206826 ], [ 153.056696019593176, -27.479538458211234 ], [ 153.056836439575676, -27.479557948225505 ], [ 153.056937029558327, -27.479609458236016 ], [ 153.057103029527894, -27.47970944825348 ], [ 153.057216039493653, -27.479884438266239 ], [ 153.057257019464487, -27.480080448271895 ], [ 153.057273049450771, -27.480175448274267 ], [ 153.057292029415635, -27.480437448278234 ], [ 153.057259029391247, -27.480658448276671 ], [ 153.057161029382797, -27.480808438268006 ], [ 153.056827019354216, -27.481318448238465 ], [ 153.056749019341851, -27.481482448231926 ], [ 153.056721019303694, -27.481808438231695 ], [ 153.05676003925376, -27.482170448238463 ], [ 153.056846029198653, -27.482533458249982 ], [ 153.056949039135276, -27.482947448263609 ], [ 153.056933009100106, -27.483239458264308 ], [ 153.056844029087188, -27.483417438256765 ], [ 153.056711019087032, -27.483531458244304 ], [ 153.056578019096293, -27.483571458231253 ], [ 153.056356019124507, -27.483536448208671 ], [ 153.055129039304092, -27.483157438082358 ], [ 153.053941039475461, -27.482810457960223 ], [ 153.053392039547674, -27.482705447904213 ], [ 153.052906039605404, -27.482661457855034 ], [ 153.05264703961879, -27.482775457829913 ], [ 153.05252304962076, -27.482865457818157 ], [ 153.052310029567565, -27.483467447801502 ], [ 153.052076029524471, -27.484007447782261 ], [ 153.051950029491479, -27.484375447772511 ], [ 153.051827029458195, -27.484743447763059 ], [ 153.051556929491255, -27.484711427735682 ], [ 153.050926979570477, -27.484619437671643 ], [ 153.050471199628873, -27.484544477625256 ], [ 153.049545999746556, -27.484399497531143 ], [ 153.049446969759316, -27.484382477521059 ], [ 153.049346929771957, -27.484367457510881 ], [ 153.048519979877284, -27.484236397426763 ], [ 153.048936190108293, -27.482054067451323 ], [ 153.048990400138337, -27.481770107454533 ], [ 153.049305170312891, -27.480120447473119 ] ] ] ] } },
{ "type": "Feature", "properties": { "sa1_2021": "30502111504", "sa2_2021": "305021115", "sa2_2021_name": "East Brisbane", "sa1_2021_short": 3111504 }, "geometry": { "type": "MultiPolygon", "coordinates": [ [ [ [ 153.043645950217126, -27.485688466948577 ], [ 153.043766920201989, -27.48570548696086 ], [ 153.044787890073309, -27.485856407064617 ], [ 153.045313090007085, -27.485934437117994 ], [ 153.045805949944565, -27.48601049716811 ], [ 153.046794149818624, -27.486167447268631 ], [ 153.046416889614079, -27.488107487246065 ], [ 153.04618613964189, -27.488083457222682 ], [ 153.045742949692254, -27.488061407177995 ], [ 153.045426169731712, -27.488018487145826 ], [ 153.044425009860163, -27.487852427043936 ], [ 153.043274060007377, -27.48766540692684 ], [ 153.042644070088926, -27.487555426862688 ], [ 153.043019180296909, -27.485589466884839 ], [ 153.043645950217126, -27.485688466948577 ] ] ] ] } },
{ "type": "Feature", "properties": { "sa1_2021": "30502111506", "sa2_2021": "305021115", "sa2_2021_name": "East Brisbane", "sa1_2021_short": 3111506 }, "geometry": { "type": "MultiPolygon", "coordinates": [ [ [ [ 153.045426169731712, -27.488018487145826 ], [ 153.045742949692254, -27.488061407177995 ], [ 153.04618613964189, -27.488083457222682 ], [ 153.046416889614079, -27.488107487246065 ], [ 153.0459510393747, -27.490398457217374 ], [ 153.046484309306464, -27.490485257271633 ], [ 153.04649426931104, -27.490440537272281 ], [ 153.046578879359032, -27.489988747277202 ], [ 153.046971319309307, -27.490048837317115 ], [ 153.047081119295882, -27.49006169732824 ], [ 153.04702311927096, -27.490308427324369 ], [ 153.047010779270352, -27.490323767323257 ], [ 153.047120279255751, -27.490346227334427 ], [ 153.047523929204743, -27.490406727375461 ], [ 153.047698039176368, -27.49048343739355 ], [ 153.047626019181678, -27.490502437386475 ], [ 153.047561019179454, -27.490575447380511 ], [ 153.047345049142535, -27.491051447362583 ], [ 153.047246019140772, -27.4911494373534 ], [ 153.047075019152203, -27.491204447336656 ], [ 153.046915039167487, -27.491219447320699 ], [ 153.046110029275383, -27.491049447238488 ], [ 153.04592603929342, -27.491063457220111 ], [ 153.045612029308671, -27.491209457189726 ], [ 153.045483039319237, -27.491235447176969 ], [ 153.045576039285891, -27.491420447187775 ], [ 153.045661049262748, -27.49153144719719 ], [ 153.045870049220326, -27.491689457219437 ], [ 153.046001039199439, -27.491743437233019 ], [ 153.045944029135057, -27.492301457231715 ], [ 153.04592201912115, -27.492430457230519 ], [ 153.045755689142851, -27.492400007213558 ], [ 153.04476270926844, -27.492250007112624 ], [ 153.044623679286019, -27.492229007098491 ], [ 153.043505209428304, -27.492053446984752 ], [ 153.042812729515873, -27.491949026914362 ], [ 153.042423719565335, -27.491888036874801 ], [ 153.041882999750442, -27.490882446812538 ], [ 153.042073749740609, -27.490798036831038 ], [ 153.042482259720998, -27.490605896870548 ], [ 153.04288503964105, -27.490896456913308 ], [ 153.043002019617632, -27.490982446925731 ], [ 153.043142039593647, -27.491053446940363 ], [ 153.04328631957361, -27.491089376955141 ], [ 153.043346439564971, -27.49110664696131 ], [ 153.043441849551954, -27.49112851697107 ], [ 153.043539119539275, -27.491146146980977 ], [ 153.043799149506469, -27.491184627007403 ], [ 153.043818019516436, -27.491089467008557 ], [ 153.04410508967905, -27.489558497025293 ], [ 153.044170389716015, -27.489210417029096 ], [ 153.044425009860163, -27.487852427043936 ], [ 153.045426169731712, -27.488018487145826 ] ] ] ] } },
{ "type": "Feature", "properties": { "sa1_2021": "30502111507", "sa2_2021": "305021115", "sa2_2021_name": "East Brisbane", "sa1_2021_short": 3111507 }, "geometry": { "type": "MultiPolygon", "coordinates": [ [ [ [ 153.046279540411291, -27.481912747183294 ], [ 153.046444480502572, -27.481050147193034 ], [ 153.046608040595459, -27.480175447202569 ], [ 153.046691920643298, -27.479725437207435 ], [ 153.047707130512975, -27.479894447310762 ], [ 153.048702150388863, -27.480031427411827 ], [ 153.049305170312891, -27.480120447473119 ], [ 153.048990400138337, -27.481770107454533 ], [ 153.048936190108293, -27.482054067451323 ], [ 153.048519979877284, -27.484236397426763 ], [ 153.047911969954669, -27.48414047736491 ], [ 153.046921980080668, -27.48398440726422 ], [ 153.04592009020908, -27.483819447162261 ], [ 153.046279540411291, -27.481912747183294 ] ] ] ] } },
{ "type": "Feature", "properties": { "sa1_2021": "30502111508", "sa2_2021": "305021115", "sa2_2021_name": "East Brisbane", "sa1_2021_short": 3111508 }, "geometry": { "type": "MultiPolygon", "coordinates": [ [ [ [ 153.04584409075045, -27.479597447121243 ], [ 153.046011160728625, -27.479628397138281 ], [ 153.04645613067575, -27.479668457183301 ], [ 153.046615960662166, -27.479640467199136 ], [ 153.04665804066147, -27.479610397203118 ], [ 153.046691920643298, -27.479725437207435 ], [ 153.046608040595459, -27.480175447202569 ], [ 153.046444480502572, -27.481050147193034 ], [ 153.046279540411291, -27.481912747183294 ], [ 153.04592009020908, -27.483819447162261 ], [ 153.045726020232678, -27.483797447142592 ], [ 153.04503401032008, -27.48369343707224 ], [ 153.044171920429164, -27.483562476984606 ], [ 153.044325990518246, -27.482726486993467 ], [ 153.044532280631756, -27.481652077005702 ], [ 153.04465102069878, -27.481020447012639 ], [ 153.044953090863402, -27.479460477030656 ], [ 153.045515590792093, -27.479546947087844 ], [ 153.04584409075045, -27.479597447121243 ] ] ] ] } },
{ "type": "Feature", "properties": { "sa1_2021": "30502111510", "sa2_2021": "305021115", "sa2_2021_name": "East Brisbane", "sa1_2021_short": 3111510 }, "geometry": { "type": "MultiPolygon", "coordinates": [ [ [ [ 153.045520120120784, -27.484858477130292 ], [ 153.045726020232678, -27.483797447142592 ], [ 153.04592009020908, -27.483819447162261 ], [ 153.046921980080668, -27.48398440726422 ], [ 153.047911969954669, -27.48414047736491 ], [ 153.048519979877284, -27.484236397426763 ], [ 153.049346929771957, -27.484367457510881 ], [ 153.049446969759316, -27.484382477521059 ], [ 153.049545999746556, -27.484399497531143 ], [ 153.050471199628873, -27.484544477625256 ], [ 153.050926979570477, -27.484619437671643 ], [ 153.051556929491255, -27.484711427735682 ], [ 153.051827029458195, -27.484743447763059 ], [ 153.051772019445906, -27.484887447758673 ], [ 153.051678039436666, -27.485040447750432 ], [ 153.051581019427658, -27.48519443774191 ], [ 153.051403049421964, -27.485390447725575 ], [ 153.05123101941544, -27.485588457709856 ], [ 153.051127029406501, -27.485747437700656 ], [ 153.051056039392023, -27.485922447694907 ], [ 153.051113019290909, -27.486674437706572 ], [ 153.051142579272124, -27.486797987710517 ], [ 153.05090404929868, -27.486790457686492 ], [ 153.050379039362866, -27.48672842763326 ], [ 153.049785039438291, -27.486636437572837 ], [ 153.048131039649093, -27.486373447404578 ], [ 153.04779709969111, -27.486324397370637 ], [ 153.046794149818624, -27.486167447268631 ], [ 153.045805949944565, -27.48601049716811 ], [ 153.045313090007085, -27.485934437117994 ], [ 153.045520120120784, -27.484858477130292 ] ] ] ] } },
{ "type": "Feature", "properties": { "sa1_2021": "30502111511", "sa2_2021": "305021115", "sa2_2021_name": "East Brisbane", "sa1_2021_short": 3111511 }, "geometry": { "type": "MultiPolygon", "coordinates": [ [ [ [ 153.044787890073309, -27.485856407064617 ], [ 153.043766920201989, -27.48570548696086 ], [ 153.043645950217126, -27.485688466948577 ], [ 153.043019180296909, -27.485589466884839 ], [ 153.042601980349815, -27.485525476842419 ], [ 153.042698050346075, -27.485473456851658 ], [ 153.042776200346026, -27.485407486858989 ], [ 153.042808940352103, -27.485331436861678 ], [ 153.042960850424862, -27.484626136871363 ], [ 153.043062250473469, -27.484155256877823 ], [ 153.0432211705496, -27.483417406887956 ], [ 153.044171920429164, -27.483562476984606 ], [ 153.04503401032008, -27.48369343707224 ], [ 153.045726020232678, -27.483797447142592 ], [ 153.045520120120784, -27.484858477130292 ], [ 153.045313090007085, -27.485934437117994 ], [ 153.044787890073309, -27.485856407064617 ] ] ] ] } },
{ "type": "Feature", "properties": { "sa1_2021": "30502111512", "sa2_2021": "305021115", "sa2_2021_name": "East Brisbane", "sa1_2021_short": 3111512 }, "geometry": { "type": "MultiPolygon", "coordinates": [ [ [ [ 153.040175720655157, -27.485170076595903 ], [ 153.040332740741007, -27.484357076605249 ], [ 153.040381760768923, -27.484094076608088 ], [ 153.040486700826136, -27.483552066614347 ], [ 153.040568710871383, -27.483124066619194 ], [ 153.040593720882185, -27.483017066620857 ], [ 153.041458950772864, -27.483147416708807 ], [ 153.04190114071676, -27.483215916753768 ], [ 153.042280120668636, -27.48327448679229 ], [ 153.042348120660222, -27.48328347679919 ], [ 153.0432211705496, -27.483417406887956 ], [ 153.043062250473469, -27.484155256877823 ], [ 153.042960850424862, -27.484626136871363 ], [ 153.042808940352103, -27.485331436861678 ], [ 153.042776200346026, -27.485407486858989 ], [ 153.042698050346075, -27.485473456851658 ], [ 153.042601980349815, -27.485525476842419 ], [ 153.043019180296909, -27.485589466884839 ], [ 153.042644070088926, -27.487555426862688 ], [ 153.041992100171797, -27.487453456796398 ], [ 153.039803710448865, -27.487120066573951 ], [ 153.040175720655157, -27.485170076595903 ] ] ] ] } },
{ "type": "Feature", "properties": { "sa1_2021": "30502111513", "sa2_2021": "305021115", "sa2_2021_name": "East Brisbane", "sa1_2021_short": 3111513 }, "geometry": { "type": "MultiPolygon", "coordinates": [ [ [ [ 153.046416889614079, -27.488107487246065 ], [ 153.046794149818624, -27.486167447268631 ], [ 153.04779709969111, -27.486324397370637 ], [ 153.048131039649093, -27.486373447404578 ], [ 153.049785039438291, -27.486636437572837 ], [ 153.050379039362866, -27.48672842763326 ], [ 153.05090404929868, -27.486790457686492 ], [ 153.051142579272124, -27.486797987710517 ], [ 153.051141049260849, -27.486888447711092 ], [ 153.051132029239227, -27.487067457711589 ], [ 153.051110019222506, -27.487218447710571 ], [ 153.05104501918737, -27.487551447706682 ], [ 153.050998039179916, -27.487650447702737 ], [ 153.050961029173152, -27.487735447699688 ], [ 153.050904019142536, -27.488026457696261 ], [ 153.050847039093043, -27.488466437694015 ], [ 153.050795029051784, -27.488837437691718 ], [ 153.050754039033649, -27.48901544768901 ], [ 153.050577008982174, -27.489573447675625 ], [ 153.050551028975121, -27.489651437673636 ], [ 153.050456018960034, -27.489851447665664 ], [ 153.050000018921082, -27.490547447625353 ], [ 153.049760028934372, -27.490646447602018 ], [ 153.049430038976226, -27.490595437568469 ], [ 153.048375039085556, -27.490626447462709 ], [ 153.048028029129682, -27.490572447427411 ], [ 153.047797029163803, -27.49049844740362 ], [ 153.047698039176368, -27.49048343739355 ], [ 153.047523929204743, -27.490406727375461 ], [ 153.047120279255751, -27.490346227334427 ], [ 153.047010779270352, -27.490323767323257 ], [ 153.04702311927096, -27.490308427324369 ], [ 153.047081119295882, -27.49006169732824 ], [ 153.046971319309307, -27.490048837317115 ], [ 153.046578879359032, -27.489988747277202 ], [ 153.04649426931104, -27.490440537272281 ], [ 153.046484309306464, -27.490485257271633 ], [ 153.0459510393747, -27.490398457217374 ], [ 153.046416889614079, -27.488107487246065 ] ] ] ] } },
{ "type": "Feature", "properties": { "sa1_2021": "30502111514", "sa2_2021": "305021115", "sa2_2021_name": "East Brisbane", "sa1_2021_short": 3111514 }, "geometry": { "type": "MultiPolygon", "coordinates": [ [ [ [ 153.041789050060231, -27.488509436784344 ], [ 153.041904360123624, -27.487909736791188 ], [ 153.041992100171797, -27.487453456796398 ], [ 153.042644070088926, -27.487555426862688 ], [ 153.043274060007377, -27.48766540692684 ], [ 153.044425009860163, -27.487852427043936 ], [ 153.044170389716015, -27.489210417029096 ], [ 153.04410508967905, -27.489558497025293 ], [ 153.043818019516436, -27.491089467008557 ], [ 153.043799149506469, -27.491184627007403 ], [ 153.043539119539275, -27.491146146980977 ], [ 153.043441849551954, -27.49112851697107 ], [ 153.043346439564971, -27.49110664696131 ], [ 153.04328631957361, -27.491089376955141 ], [ 153.043142039593647, -27.491053446940363 ], [ 153.043002019617632, -27.490982446925731 ], [ 153.04288503964105, -27.490896456913308 ], [ 153.042482259720998, -27.490605896870548 ], [ 153.042073749740609, -27.490798036831038 ], [ 153.041701959862081, -27.490152476788584 ], [ 153.04156515988916, -27.490054466774072 ], [ 153.041402039913976, -27.489996406757221 ], [ 153.041437009938363, -27.489773486758974 ], [ 153.041673170058033, -27.488625426773631 ], [ 153.041789050060231, -27.488509436784344 ] ] ] ] } },
{ "type": "Feature", "properties": { "sa1_2021": "30502111515", "sa2_2021": "305021115", "sa2_2021_name": "East Brisbane", "sa1_2021_short": 3111515 }, "geometry": { "type": "MultiPolygon", "coordinates": [ [ [ [ 153.041988481236388, -27.479026576729424 ], [ 153.042340931190864, -27.479087426765304 ], [ 153.042250421146974, -27.479511936759568 ], [ 153.042032301041246, -27.480534786745743 ], [ 153.041898870976553, -27.481160476737287 ], [ 153.041897160976731, -27.48116021673712 ], [ 153.041895610976752, -27.481161646736965 ], [ 153.040978721092898, -27.481021056643765 ], [ 153.04110070115874, -27.480396076651061 ], [ 153.041259661250848, -27.479531736660203 ], [ 153.041372221316038, -27.478919476666668 ], [ 153.041953011240963, -27.479020456725809 ], [ 153.041988481236388, -27.479026576729424 ] ] ] ] } },
{ "type": "Feature", "properties": { "sa1_2021": "30502111516", "sa2_2021": "305021115", "sa2_2021_name": "East Brisbane", "sa1_2021_short": 3111516 }, "geometry": { "type": "MultiPolygon", "coordinates": [ [ [ [ 153.039592590335985, -27.488193346561225 ], [ 153.039597210338599, -27.488169246561498 ], [ 153.039660780373708, -27.487837056565258 ], [ 153.039803710448865, -27.487120066573951 ], [ 153.041992100171797, -27.487453456796398 ], [ 153.041904360123624, -27.487909736791188 ], [ 153.041789050060231, -27.488509436784344 ], [ 153.041673170058033, -27.488625426773631 ], [ 153.041437009938363, -27.489773486758974 ], [ 153.041402039913976, -27.489996406757221 ], [ 153.040807750001477, -27.489809056696046 ], [ 153.039818780016759, -27.490529046602404 ], [ 153.039200770144646, -27.490042046536487 ], [ 153.039523750297974, -27.488553056557155 ], [ 153.039592590335985, -27.488193346561225 ] ] ] ] } },
{ "type": "Feature", "properties": { "sa1_2021": "30502111517", "sa2_2021": "305021115", "sa2_2021_name": "East Brisbane", "sa1_2021_short": 3111517 }, "geometry": { "type": "MultiPolygon", "coordinates": [ [ [ [ 153.042715320861276, -27.481379216821022 ], [ 153.043009141022196, -27.479855186838488 ], [ 153.04313404109061, -27.479207466845914 ], [ 153.044050960981565, -27.479291436938695 ], [ 153.044953090863402, -27.479460477030656 ], [ 153.04465102069878, -27.481020447012639 ], [ 153.044532280631756, -27.481652077005702 ], [ 153.044325990518246, -27.482726486993467 ], [ 153.044171920429164, -27.483562476984606 ], [ 153.0432211705496, -27.483417406887956 ], [ 153.042348120660222, -27.48328347679919 ], [ 153.042715320861276, -27.481379216821022 ] ] ] ] } },
{ "type": "Feature", "properties": { "sa1_2021": "30502111518", "sa2_2021": "305021115", "sa2_2021_name": "East Brisbane", "sa1_2021_short": 3111518 }, "geometry": { "type": "MultiPolygon", "coordinates": [ [ [ [ 153.041895610976752, -27.481161646736965 ], [ 153.041897160976731, -27.48116021673712 ], [ 153.041898870976553, -27.481160476737287 ], [ 153.042032301041246, -27.480534786745743 ], [ 153.042250421146974, -27.479511936759568 ], [ 153.042340931190864, -27.479087426765304 ], [ 153.042412291181847, -27.47909822677256 ], [ 153.04313404109061, -27.479207466845914 ], [ 153.043009141022196, -27.479855186838488 ], [ 153.042715320861276, -27.481379216821022 ], [ 153.042348120660222, -27.48328347679919 ], [ 153.042280120668636, -27.48327448679229 ], [ 153.04190114071676, -27.483215916753768 ], [ 153.041458950772864, -27.483147416708807 ], [ 153.040593720882185, -27.483017066620857 ], [ 153.040838701015872, -27.481750076635464 ], [ 153.040926741064311, -27.481291676640677 ], [ 153.040978721092898, -27.481021056643765 ], [ 153.041895610976752, -27.481161646736965 ] ] ] ] } },
{ "type": "Feature", "properties": { "sa1_2021": "30502111601", "sa2_2021": "305021116", "sa2_2021_name": "Hawthorne", "sa1_2021_short": 3111601 }, "geometry": { "type": "MultiPolygon", "coordinates": [ [ [ [ 153.057716191444058, -27.464021408191087 ], [ 153.058841201302442, -27.464187468305472 ], [ 153.059966931160488, -27.464355408419955 ], [ 153.05990214112424, -27.464697398416135 ], [ 153.059735081028947, -27.46559344840643 ], [ 153.059565870934051, -27.466488408396504 ], [ 153.059516190903253, -27.466774438393777 ], [ 153.058351951047314, -27.466622418275552 ], [ 153.058187081068155, -27.466597478258777 ], [ 153.058062141080256, -27.466607468246302 ], [ 153.057987971103529, -27.466486428237896 ], [ 153.057909171125885, -27.466376448229099 ], [ 153.057778141155211, -27.466255488214973 ], [ 153.057602061192057, -27.466113468196152 ], [ 153.057346121232882, -27.466007448169588 ], [ 153.05694904129075, -27.465886488128724 ], [ 153.056824101312372, -27.46582142811565 ], [ 153.056707851319146, -27.46586645810433 ], [ 153.055985951376528, -27.466025168033017 ], [ 153.055975331377169, -27.466028958031984 ], [ 153.055937371384175, -27.466005958027999 ], [ 153.055924371387732, -27.465988958026553 ], [ 153.055886341394711, -27.465965968022552 ], [ 153.055847361402527, -27.465936958018396 ], [ 153.055815351410416, -27.465901978014905 ], [ 153.055803341415242, -27.465873988013477 ], [ 153.055796371419603, -27.465844978012548 ], [ 153.055797351425326, -27.465798988012285 ], [ 153.055778341442533, -27.465678978009421 ], [ 153.055682341473926, -27.46551197799845 ], [ 153.0556633214795, -27.465483987996322 ], [ 153.055644381487355, -27.46543797799405 ], [ 153.055586351503791, -27.465356977987582 ], [ 153.0555673315109, -27.465316987985354 ], [ 153.055535361519389, -27.465276967981826 ], [ 153.055509371527194, -27.46523697797889 ], [ 153.05547133153712, -27.465190977974711 ], [ 153.055452361544951, -27.465144977972436 ], [ 153.0554583415487, -27.465109967972769 ], [ 153.055448381552964, -27.465084977971564 ], [ 153.055401361567846, -27.465006977966222 ], [ 153.055299351595863, -27.464871987954908 ], [ 153.055988211580882, -27.464405458020444 ], [ 153.056572101572556, -27.46397541807573 ], [ 153.056621091580723, -27.463869418079813 ], [ 153.057716191444058, -27.464021408191087 ] ] ] ] } },
{ "type": "Feature", "properties": { "sa1_2021": "30502111602", "sa2_2021": "305021116", "sa2_2021_name": "Hawthorne", "sa1_2021_short": 3111602 }, "geometry": { "type": "MultiPolygon", "coordinates": [ [ [ [ 153.058503902332319, -27.456320478209356 ], [ 153.059512942218731, -27.456363408311116 ], [ 153.06041008211659, -27.456410478401672 ], [ 153.061425982003897, -27.456440448504026 ], [ 153.061401851990468, -27.456567428502598 ], [ 153.061262941905056, -27.457361408494929 ], [ 153.061068871793623, -27.45840847848369 ], [ 153.060902941697208, -27.459312438474164 ], [ 153.05985615182874, -27.459159368367732 ], [ 153.058666951978211, -27.458985468246823 ], [ 153.058449882004282, -27.458963418224833 ], [ 153.056982142189185, -27.458745438075582 ], [ 153.0570418922116, -27.458517478079781 ], [ 153.057286012336618, -27.457320468094853 ], [ 153.05737952238178, -27.456883388100803 ], [ 153.057440002411028, -27.45660068810464 ], [ 153.057507012443352, -27.456287448108899 ], [ 153.058503902332319, -27.456320478209356 ] ] ] ] } },
{ "type": "Feature", "properties": { "sa1_2021": "30502111603", "sa2_2021": "305021116", "sa2_2021_name": "Hawthorne", "sa1_2021_short": 3111603 }, "geometry": { "type": "MultiPolygon", "coordinates": [ [ [ [ 153.053979032565849, -27.458312437770346 ], [ 153.053472342629476, -27.458238997718844 ], [ 153.053486322637724, -27.458161997719642 ], [ 153.053491322639559, -27.458142997720003 ], [ 153.053492342653243, -27.45803399771923 ], [ 153.053499312656157, -27.458004987719711 ], [ 153.053500332659212, -27.457979997719601 ], [ 153.053502312679285, -27.457818987718539 ], [ 153.053503332682482, -27.457792997718428 ], [ 153.053497342687422, -27.457758997717566 ], [ 153.053485332691594, -27.457735997716181 ], [ 153.053487302707452, -27.457608997715358 ], [ 153.053508332719588, -27.45749499771658 ], [ 153.053528332723857, -27.45744399771819 ], [ 153.053529322731066, -27.457385997717825 ], [ 153.053532352731651, -27.457379007718082 ], [ 153.053537312740957, -27.457300987717961 ], [ 153.053540342767434, -27.457088997716586 ], [ 153.053534322770332, -27.457070997715846 ], [ 153.05352833277388, -27.457048007715048 ], [ 153.053522312779592, -27.457007987714135 ], [ 153.053510342783767, -27.45698498771274 ], [ 153.05351034278678, -27.456960997712553 ], [ 153.053504352792345, -27.456921997711643 ], [ 153.053492342797313, -27.456892987710212 ], [ 153.053492342800212, -27.456869997710033 ], [ 153.053486322803025, -27.456852997709287 ], [ 153.053487302810225, -27.456794997708936 ], [ 153.053481322813781, -27.456771997708145 ], [ 153.05348230281723, -27.45674398770803 ], [ 153.053477342821139, -27.456716997707311 ], [ 153.053470332827942, -27.456668997706224 ], [ 153.053472342845055, -27.456531997705348 ], [ 153.053466322850142, -27.456496997704463 ], [ 153.05346033285366, -27.45647400770368 ], [ 153.05346230286267, -27.456401007703317 ], [ 153.053456352867869, -27.456364997702426 ], [ 153.053455292871263, -27.4563389877021 ], [ 153.053478542870067, -27.456328907704364 ], [ 153.054647022723827, -27.456494447823101 ], [ 153.054761042709487, -27.4565114478347 ], [ 153.055215032652711, -27.456575437880826 ], [ 153.056356062509792, -27.456738447996784 ], [ 153.056462022496646, -27.456752448007546 ], [ 153.05737952238178, -27.456883388100803 ], [ 153.057286012336618, -27.457320468094853 ], [ 153.0570418922116, -27.458517478079781 ], [ 153.056982142189185, -27.458745438075582 ], [ 153.054982022440043, -27.458457447872284 ], [ 153.053979032565849, -27.458312437770346 ] ] ] ] } },
{ "type": "Feature", "properties": { "sa1_2021": "30502111604", "sa2_2021": "305021116", "sa2_2021_name": "Hawthorne", "sa1_2021_short": 3111604 }, "geometry": { "type": "MultiPolygon", "coordinates": [ [ [ [ 153.053517342388119, -27.46011198773817 ], [ 153.053511362401025, -27.46001499773681 ], [ 153.053499352407727, -27.459972007735267 ], [ 153.053500372411264, -27.459942997735141 ], [ 153.053496362413966, -27.459924997734596 ], [ 153.053461322429598, -27.459831047730329 ], [ 153.053453832435252, -27.459792827729277 ], [ 153.053447812440965, -27.459752717728346 ], [ 153.053446722442203, -27.459743747728165 ], [ 153.053444342453474, -27.459656297727239 ], [ 153.053447812468761, -27.459532477726611 ], [ 153.053447452475126, -27.459482527726177 ], [ 153.053432342487525, -27.459397007723982 ], [ 153.053419312493247, -27.459362997722405 ], [ 153.053390322516663, -27.459201997718221 ], [ 153.053397332520206, -27.459167997718648 ], [ 153.053397332522451, -27.459149987718508 ], [ 153.053385322527333, -27.459121997717091 ], [ 153.053372332533854, -27.459081007715461 ], [ 153.053367292540855, -27.459029997714541 ], [ 153.053349332555172, -27.458931987711964 ], [ 153.053350322559481, -27.458897007711787 ], [ 153.053354552561217, -27.458879397712074 ], [ 153.053336852576052, -27.458777087709485 ], [ 153.053329662580495, -27.458748167708539 ], [ 153.053325762584478, -27.458719957707917 ], [ 153.0533287125877, -27.458691877707995 ], [ 153.053408322603019, -27.458502987714496 ], [ 153.053435332611741, -27.458410987716498 ], [ 153.053452342618755, -27.45834100771765 ], [ 153.053472342629476, -27.458238997718844 ], [ 153.053979032565849, -27.458312437770346 ], [ 153.054982022440043, -27.458457447872284 ], [ 153.056982142189185, -27.458745438075582 ], [ 153.058449882004282, -27.458963418224833 ], [ 153.058288951907912, -27.459863428215769 ], [ 153.058126971812072, -27.460759458206574 ], [ 153.057963881715608, -27.461661438197325 ], [ 153.056999081837233, -27.461517438099197 ], [ 153.056154911942059, -27.461404398013471 ], [ 153.05555799201619, -27.461324477952843 ], [ 153.055489951982054, -27.461652427948604 ], [ 153.055466921953837, -27.461895427948207 ], [ 153.05550397189694, -27.462314467955249 ], [ 153.054710201996443, -27.462200457874573 ], [ 153.054613002073182, -27.461675487860656 ], [ 153.054555042087969, -27.461607437854283 ], [ 153.054442002105901, -27.461561447842563 ], [ 153.054271002132197, -27.461498457824874 ], [ 153.053713352202806, -27.461413007768165 ], [ 153.053714332211314, -27.461344997767732 ], [ 153.053708352213448, -27.461332987767033 ], [ 153.053685352233344, -27.461194997763638 ], [ 153.053666342244071, -27.461125997761172 ], [ 153.053648382251794, -27.461080007759005 ], [ 153.053642362257506, -27.461039987758081 ], [ 153.053624362269687, -27.460958997755636 ], [ 153.053613382281725, -27.460872987753849 ], [ 153.053594362290937, -27.460815987751491 ], [ 153.053588372295991, -27.46078098775061 ], [ 153.053590342305142, -27.460706987750225 ], [ 153.053584362313103, -27.460648987749167 ], [ 153.053550342347222, -27.460407987743832 ], [ 153.053538372356456, -27.460344997742133 ], [ 153.053539352362179, -27.460298987741872 ], [ 153.053533372367838, -27.460258997740954 ], [ 153.053527352369997, -27.460247007740261 ], [ 153.053517342388119, -27.46011198773817 ] ] ] ] } },
{ "type": "Feature", "properties": { "sa1_2021": "30502111605", "sa2_2021": "305021116", "sa2_2021_name": "Hawthorne", "sa1_2021_short": 3111605 }, "geometry": { "type": "MultiPolygon", "coordinates": [ [ [ [ 153.058288951907912, -27.459863428215769 ], [ 153.058449882004282, -27.458963418224833 ], [ 153.058666951978211, -27.458985468246823 ], [ 153.05985615182874, -27.459159368367732 ], [ 153.060902941697208, -27.459312438474164 ], [ 153.060744131602434, -27.460197408465199 ], [ 153.060722191589235, -27.460320428463962 ], [ 153.06056812150581, -27.461111458454727 ], [ 153.060466941447686, -27.461657478448881 ], [ 153.060402161410565, -27.462006408445127 ], [ 153.05927102155232, -27.461844408330144 ], [ 153.059067421577907, -27.461814988309449 ], [ 153.058157191692089, -27.461683498216917 ], [ 153.057963881715608, -27.461661438197325 ], [ 153.058126971812072, -27.460759458206574 ], [ 153.058288951907912, -27.459863428215769 ] ] ] ] } },
{ "type": "Feature", "properties": { "sa1_2021": "30502111606", "sa2_2021": "305021116", "sa2_2021_name": "Hawthorne", "sa1_2021_short": 3111606 }, "geometry": { "type": "MultiPolygon", "coordinates": [ [ [ [ 153.060466941447686, -27.461657478448881 ], [ 153.06056812150581, -27.461111458454727 ], [ 153.060722191589235, -27.460320428463962 ], [ 153.060744131602434, -27.460197408465199 ], [ 153.060902941697208, -27.459312438474164 ], [ 153.061966001563889, -27.459465438582232 ], [ 153.063174151410834, -27.459651468705161 ], [ 153.06316696139811, -27.459758478705286 ], [ 153.063155101339106, -27.460235478707865 ], [ 153.063228861272705, -27.460698438718936 ], [ 153.063282851238483, -27.460923438726144 ], [ 153.063303031226354, -27.461002448728795 ], [ 153.063466111116639, -27.461732448750968 ], [ 153.063543891061158, -27.46210540876174 ], [ 153.063669860974613, -27.462683478778978 ], [ 153.063731140933243, -27.462959128787308 ], [ 153.063630030945689, -27.462946448777046 ], [ 153.062333081108505, -27.462758308645174 ], [ 153.061478941215768, -27.462634358558329 ], [ 153.06132798123528, -27.46260834854295 ], [ 153.061218301248687, -27.462595188531818 ], [ 153.060418031349002, -27.462480328450475 ], [ 153.060316131361162, -27.462470758440148 ], [ 153.060402161410565, -27.462006408445127 ], [ 153.060466941447686, -27.461657478448881 ] ] ] ] } },
{ "type": "Feature", "properties": { "sa1_2021": "30502111607", "sa2_2021": "305021116", "sa2_2021_name": "Hawthorne", "sa1_2021_short": 3111607 }, "geometry": { "type": "MultiPolygon", "coordinates": [ [ [ [ 153.057716191444058, -27.464021408191087 ], [ 153.056621091580723, -27.463869418079813 ], [ 153.056572101572556, -27.46397541807573 ], [ 153.055988211580882, -27.464405458020444 ], [ 153.055299351595863, -27.464871987954908 ], [ 153.05525635160754, -27.464815987950146 ], [ 153.055188351629596, -27.46469897794238 ], [ 153.055150351640748, -27.464642977938123 ], [ 153.055119331652122, -27.464578987934502 ], [ 153.055088381660511, -27.464538987931061 ], [ 153.055069361664692, -27.464521987929022 ], [ 153.0550563716684, -27.464503987927575 ], [ 153.055050341671944, -27.464480967926793 ], [ 153.055032351679671, -27.464434977924618 ], [ 153.05501337168613, -27.464399977922429 ], [ 153.054988371692502, -27.464370967919688 ], [ 153.054975341698139, -27.464336987918117 ], [ 153.054963331701742, -27.464318987916766 ], [ 153.054950331707403, -27.464284977915185 ], [ 153.054938361711606, -27.464261987913808 ], [ 153.054932381715133, -27.464238967913019 ], [ 153.054913361722356, -27.464197977910779 ], [ 153.054876351735061, -27.464128967906518 ], [ 153.054813351754945, -27.464024987899364 ], [ 153.054789371764826, -27.463966987896498 ], [ 153.054770351771168, -27.463932977894309 ], [ 153.054758341777642, -27.463891987892783 ], [ 153.054727361788196, -27.463834987889218 ], [ 153.054708381796019, -27.463788977886946 ], [ 153.054677351805935, -27.463736977883425 ], [ 153.054652381818073, -27.463661977880317 ], [ 153.054627351825928, -27.463620977877476 ], [ 153.054609351833676, -27.463574967875306 ], [ 153.054584351845818, -27.463499967872192 ], [ 153.054547341860655, -27.463413987867796 ], [ 153.054524381867139, -27.463381977865239 ], [ 153.054510361871934, -27.463355987863633 ], [ 153.054491351876891, -27.463332967861529 ], [ 153.054479341881802, -27.4633039778601 ], [ 153.054435361894633, -27.46323996785517 ], [ 153.054397361909537, -27.463153987850664 ], [ 153.054317351939233, -27.462986987841308 ], [ 153.054291331945819, -27.462956977838463 ], [ 153.05424136195623, -27.462916977833117 ], [ 153.054203321966895, -27.46286497782889 ], [ 153.054191351971809, -27.462835987827461 ], [ 153.054173361983999, -27.462754977825011 ], [ 153.054129381998166, -27.462679977819992 ], [ 153.054117372003759, -27.462645977818521 ], [ 153.054098352009447, -27.462616987816382 ], [ 153.054079332016698, -27.462575967814143 ], [ 153.054048382025798, -27.462529977810672 ], [ 153.054010352038574, -27.462460977806291 ], [ 153.053985352045714, -27.462425967803505 ], [ 153.053980382051293, -27.46238597780269 ], [ 153.053980382054192, -27.462362977802513 ], [ 153.053974362057005, -27.462345997801773 ], [ 153.053942352066343, -27.462298987798189 ], [ 153.053912382078266, -27.462229997794633 ], [ 153.053893372086122, -27.462183987792351 ], [ 153.053857342106028, -27.462056987787726 ], [ 153.05384537211313, -27.462010997786169 ], [ 153.053822342138062, -27.46183298778244 ], [ 153.05378536215872, -27.461700997777683 ], [ 153.053759342167439, -27.461654007774694 ], [ 153.053740362174636, -27.461612987772458 ], [ 153.053721342178846, -27.461595987770419 ], [ 153.05371433218113, -27.461583997769619 ], [ 153.053718352183694, -27.461560007769833 ], [ 153.053711342187711, -27.461533997768914 ], [ 153.053713352202806, -27.461413007768165 ], [ 153.054271002132197, -27.461498457824874 ], [ 153.054442002105901, -27.461561447842563 ], [ 153.054555042087969, -27.461607437854283 ], [ 153.054613002073182, -27.461675487860656 ], [ 153.054710201996443, -27.462200457874573 ], [ 153.05550397189694, -27.462314467955249 ], [ 153.055466921953837, -27.461895427948207 ], [ 153.055489951982054, -27.461652427948604 ], [ 153.05555799201619, -27.461324477952843 ], [ 153.056154911942059, -27.461404398013471 ], [ 153.056999081837233, -27.461517438099197 ], [ 153.057963881715608, -27.461661438197325 ], [ 153.058157191692089, -27.461683498216917 ], [ 153.059067421577907, -27.461814988309449 ], [ 153.05927102155232, -27.461844408330144 ], [ 153.060402161410565, -27.462006408445127 ], [ 153.060316131361162, -27.462470758440148 ], [ 153.059986381171655, -27.464250498421073 ], [ 153.059966931160488, -27.464355408419955 ], [ 153.058841201302442, -27.464187468305472 ], [ 153.057716191444058, -27.464021408191087 ] ] ] ] } },
{ "type": "Feature", "properties": { "sa1_2021": "30502111608", "sa2_2021": "305021116", "sa2_2021_name": "Hawthorne", "sa1_2021_short": 3111608 }, "geometry": { "type": "MultiPolygon", "coordinates": [ [ [ [ 153.059986381171655, -27.464250498421073 ], [ 153.060316131361162, -27.462470758440148 ], [ 153.060418031349002, -27.462480328450475 ], [ 153.061218301248687, -27.462595188531818 ], [ 153.06132798123528, -27.46260834854295 ], [ 153.061478941215768, -27.462634358558329 ], [ 153.062333081108505, -27.462758308645174 ], [ 153.063630030945689, -27.462946448777046 ], [ 153.063731140933243, -27.462959128787308 ], [ 153.063880100832449, -27.463630448807596 ], [ 153.064101180684418, -27.464614428837603 ], [ 153.06415560064741, -27.464861148845014 ], [ 153.064263160574285, -27.465348478859688 ], [ 153.064314990539913, -27.465576428866704 ], [ 153.064401020480545, -27.465973418878495 ], [ 153.064409020471686, -27.466036448879791 ], [ 153.064443870434275, -27.46630345888541 ], [ 153.064464060396944, -27.466581458889635 ], [ 153.064434170320141, -27.467214438891641 ], [ 153.063083880490495, -27.467012608754299 ], [ 153.062987850502623, -27.466998248744531 ], [ 153.062580880553924, -27.466937418703129 ], [ 153.061879090642378, -27.466833288631761 ], [ 153.061577200680432, -27.46678847860106 ], [ 153.060876550768853, -27.466683188529792 ], [ 153.060572060807317, -27.466637438498825 ], [ 153.059565870934051, -27.466488408396504 ], [ 153.059735081028947, -27.46559344840643 ], [ 153.05990214112424, -27.464697398416135 ], [ 153.059966931160488, -27.464355408419955 ], [ 153.059986381171655, -27.464250498421073 ] ] ] ] } },
{ "type": "Feature", "properties": { "sa1_2021": "30502111609", "sa2_2021": "305021116", "sa2_2021_name": "Hawthorne", "sa1_2021_short": 3111609 }, "geometry": { "type": "MultiPolygon", "coordinates": [ [ [ [ 153.05725954099168, -27.467990278176568 ], [ 153.057228041005914, -27.467904638172726 ], [ 153.057201841006986, -27.467918348170205 ], [ 153.05718632101096, -27.467899828168495 ], [ 153.057152231021149, -27.467848358164652 ], [ 153.057145041024, -27.467831838163807 ], [ 153.057213741018899, -27.467813728170572 ], [ 153.057197311024822, -27.467780968168661 ], [ 153.057189541032642, -27.467725388167441 ], [ 153.057134461036753, -27.467739898162016 ], [ 153.057128841037638, -27.467737578161437 ], [ 153.057122451039049, -27.467731828160748 ], [ 153.057111721042958, -27.467709828159496 ], [ 153.057079821052753, -27.467659588155897 ], [ 153.057051711062343, -27.467607318152648 ], [ 153.0570464610648, -27.467592428151999 ], [ 153.057044961066197, -27.467582978151775 ], [ 153.057047041067165, -27.467573538151914 ], [ 153.056996521082851, -27.467492158146197 ], [ 153.056943821098713, -27.467411348140246 ], [ 153.056883811115114, -27.467332448133597 ], [ 153.056939261111012, -27.467317888139053 ], [ 153.056916331116582, -27.467292948136556 ], [ 153.056890311123681, -27.467258968133677 ], [ 153.056877311130108, -27.467218948132054 ], [ 153.056871291139117, -27.467152958130928 ], [ 153.056872351148854, -27.467074968130415 ], [ 153.056860341155442, -27.467032958128879 ], [ 153.056840341163166, -27.46698895812651 ], [ 153.05680833117313, -27.46693695812289 ], [ 153.056788331177472, -27.466919958120737 ], [ 153.056757341182163, -27.466908968117544 ], [ 153.056724341187959, -27.466890968114079 ], [ 153.056699341194189, -27.466862958111349 ], [ 153.056673351203557, -27.466810958108333 ], [ 153.056655361207731, -27.466793178106379 ], [ 153.056648611209596, -27.466784188105624 ], [ 153.056643931211227, -27.466775188105093 ], [ 153.056637221212441, -27.466771008104377 ], [ 153.056627841213782, -27.466768608103418 ], [ 153.056619001215807, -27.466760208102468 ], [ 153.056600941222172, -27.466725208100364 ], [ 153.056583821229225, -27.466683948098321 ], [ 153.056550311231661, -27.466692738095031 ], [ 153.056539621234663, -27.466678028093838 ], [ 153.056529831239004, -27.466652298092647 ], [ 153.056477751249901, -27.466609918087073 ], [ 153.056436321257479, -27.466585328082715 ], [ 153.056386131267743, -27.466546548077368 ], [ 153.056337741276337, -27.466519618072283 ], [ 153.056274851289487, -27.466469058065574 ], [ 153.056241341295049, -27.466453388062082 ], [ 153.056214041300876, -27.466430688059162 ], [ 153.056181331308125, -27.46640091805563 ], [ 153.056162831314111, -27.466369048053526 ], [ 153.056154361318846, -27.466338968052426 ], [ 153.056129361325816, -27.466304958049651 ], [ 153.056084351335841, -27.466263968044807 ], [ 153.056027341352063, -27.466183948038445 ], [ 153.056020371357846, -27.466143958037424 ], [ 153.056007341364278, -27.466103958035799 ], [ 153.055988361372897, -27.466051958033479 ], [ 153.055975331377169, -27.466028958031984 ], [ 153.055985951376528, -27.466025168033017 ], [ 153.056707851319146, -27.46586645810433 ], [ 153.056824101312372, -27.46582142811565 ], [ 153.05694904129075, -27.465886488128724 ], [ 153.057346121232882, -27.466007448169588 ], [ 153.057602061192057, -27.466113468196152 ], [ 153.057778141155211, -27.466255488214973 ], [ 153.057909171125885, -27.466376448229099 ], [ 153.057987971103529, -27.466486428237896 ], [ 153.058062141080256, -27.466607468246302 ], [ 153.058187081068155, -27.466597478258777 ], [ 153.058351951047314, -27.466622418275552 ], [ 153.059516190903253, -27.466774438393777 ], [ 153.059299090781991, -27.467918478380991 ], [ 153.059146120696596, -27.468724468371988 ], [ 153.059067970607401, -27.469496488370243 ], [ 153.058971100484854, -27.470548878368831 ], [ 153.058887990379731, -27.471451458367603 ], [ 153.059230000234265, -27.472312478408792 ], [ 153.059358880190018, -27.472553428423648 ], [ 153.059169150199466, -27.472639448405264 ], [ 153.058151090251584, -27.473091448306494 ], [ 153.057945160264097, -27.473167478286417 ], [ 153.05763516028523, -27.473263418256018 ], [ 153.057638050413402, -27.472246418248258 ], [ 153.058103170421617, -27.471786438291371 ], [ 153.05831093048144, -27.471136458307111 ], [ 153.058099630536134, -27.470882818283883 ], [ 153.058344620505125, -27.470920508308797 ], [ 153.058330120530684, -27.470730458305841 ], [ 153.058246320541258, -27.470717558297316 ], [ 153.058228140550739, -27.470658418295017 ], [ 153.058218220579192, -27.470441428292297 ], [ 153.057895340620036, -27.470392348259459 ], [ 153.057905230630865, -27.470298428259714 ], [ 153.057903800635273, -27.470264678259305 ], [ 153.057721120706617, -27.4698548182377 ], [ 153.057725720711204, -27.469814708237852 ], [ 153.057623340722444, -27.469812838227543 ], [ 153.057412110749027, -27.469781758206064 ], [ 153.057415330752178, -27.469753968206167 ], [ 153.057415330756584, -27.469718988205901 ], [ 153.057402370763043, -27.469678968204271 ], [ 153.057409380768746, -27.469627988204575 ], [ 153.057409380775312, -27.469575978204166 ], [ 153.057403350782408, -27.469524978203147 ], [ 153.057403350796932, -27.469409978202247 ], [ 153.057397370802647, -27.469369988201322 ], [ 153.057397370807678, -27.469329988201014 ], [ 153.057391340814121, -27.469283978200036 ], [ 153.05737835081996, -27.469248978198461 ], [ 153.057372360826292, -27.469203988197513 ], [ 153.057353350834262, -27.469156978195215 ], [ 153.057340350842082, -27.469105968193514 ], [ 153.057321370849166, -27.469065978191292 ], [ 153.057308380860661, -27.468985978189352 ], [ 153.05735433087392, -27.468841978192827 ], [ 153.057360360880494, -27.468784978192978 ], [ 153.057354330888359, -27.468727978191929 ], [ 153.057354330895691, -27.468669978191464 ], [ 153.057329370922247, -27.468480988187462 ], [ 153.057304370936521, -27.468388988184216 ], [ 153.057298340942879, -27.468343978183263 ], [ 153.057304370947378, -27.468302978183548 ], [ 153.057304370953176, -27.468256988183182 ], [ 153.057292360960929, -27.468205988181566 ], [ 153.057292320966752, -27.468159978181205 ], [ 153.057286330973938, -27.468107968180195 ], [ 153.0572890409764, -27.468086108180298 ], [ 153.057272720985765, -27.468026148178179 ], [ 153.05725954099168, -27.467990278176568 ] ] ] ] } },
{ "type": "Feature", "properties": { "sa1_2021": "30502111610", "sa2_2021": "305021116", "sa2_2021_name": "Hawthorne", "sa1_2021_short": 3111610 }, "geometry": { "type": "MultiPolygon", "coordinates": [ [ [ [ 153.061090110372191, -27.46964146857465 ], [ 153.062115030252755, -27.469716438678287 ], [ 153.062245010363654, -27.46872842868353 ], [ 153.063386940219686, -27.468898418799675 ], [ 153.063908890153101, -27.468982488852806 ], [ 153.06367708010049, -27.469595478834353 ], [ 153.063633170059461, -27.469957448832794 ], [ 153.063513999831912, -27.471859438835853 ], [ 153.062687789885985, -27.47213301875496 ], [ 153.062444439901896, -27.472213578731125 ], [ 153.061895079937841, -27.472395478677345 ], [ 153.060972030005559, -27.47264340858651 ], [ 153.059358880190018, -27.472553428423648 ], [ 153.059230000234265, -27.472312478408792 ], [ 153.058887990379731, -27.471451458367603 ], [ 153.058971100484854, -27.470548878368831 ], [ 153.059067970607401, -27.469496488370243 ], [ 153.06008212048954, -27.469568468472755 ], [ 153.061090110372191, -27.46964146857465 ] ] ] ] } },
{ "type": "Feature", "properties": { "sa1_2021": "30502111611", "sa2_2021": "305021116", "sa2_2021_name": "Hawthorne", "sa1_2021_short": 3111611 }, "geometry": { "type": "MultiPolygon", "coordinates": [ [ [ [ 153.063083880490495, -27.467012608754299 ], [ 153.064434170320141, -27.467214438891641 ], [ 153.064435950289408, -27.467456458893729 ], [ 153.064392040248237, -27.467819428892188 ], [ 153.064269990224574, -27.468110488882211 ], [ 153.06418896020682, -27.46831945887573 ], [ 153.063965070162965, -27.468856478857465 ], [ 153.063908890153101, -27.468982488852806 ], [ 153.063386940219686, -27.468898418799675 ], [ 153.062245010363654, -27.46872842868353 ], [ 153.062115030252755, -27.469716438678287 ], [ 153.061090110372191, -27.46964146857465 ], [ 153.06008212048954, -27.469568468472755 ], [ 153.059067970607401, -27.469496488370243 ], [ 153.059146120696596, -27.468724468371988 ], [ 153.059299090781991, -27.467918478380991 ], [ 153.059516190903253, -27.466774438393777 ], [ 153.059565870934051, -27.466488408396504 ], [ 153.060572060807317, -27.466637438498825 ], [ 153.060876550768853, -27.466683188529792 ], [ 153.061577200680432, -27.46678847860106 ], [ 153.061879090642378, -27.466833288631761 ], [ 153.062580880553924, -27.466937418703129 ], [ 153.062987850502623, -27.466998248744531 ], [ 153.063083880490495, -27.467012608754299 ] ] ] ] } },
{ "type": "Feature", "properties": { "sa1_2021": "30502111701", "sa2_2021": "305021117", "sa2_2021_name": "Morningside - Seven Hills", "sa1_2021_short": 3111701 }, "geometry": { "type": "MultiPolygon", "coordinates": [ [ [ [ 153.078708879684058, -27.460136490271186 ], [ 153.077811819797034, -27.460003340179885 ], [ 153.077823639807491, -27.459910750180352 ], [ 153.077907879854934, -27.459463830185296 ], [ 153.075499470159201, -27.459099319940155 ], [ 153.075414500111918, -27.459545449935138 ], [ 153.075393730103087, -27.459632919933743 ], [ 153.075087020141837, -27.45958644990252 ], [ 153.074193020254597, -27.459452449811547 ], [ 153.07438005035857, -27.4584714498226 ], [ 153.074582040472762, -27.457396449834416 ], [ 153.075787020320604, -27.457578459957052 ], [ 153.076143040520179, -27.455697449977979 ], [ 153.077037030407183, -27.455833440068975 ], [ 153.077004040399856, -27.455919450066343 ], [ 153.076701010408044, -27.456111440037382 ], [ 153.076313020191662, -27.458152460014496 ], [ 153.076741020104095, -27.458482460060161 ], [ 153.078057019937859, -27.458681440194102 ], [ 153.07816403999729, -27.458120450200433 ], [ 153.078208020005462, -27.458018440204043 ], [ 153.079081099892903, -27.458168460293056 ], [ 153.081741879555722, -27.458579470563983 ], [ 153.084464929215272, -27.458963420840984 ], [ 153.083488949192571, -27.459970430750751 ], [ 153.082772899168816, -27.460765490684992 ], [ 153.082385189146152, -27.461273440650004 ], [ 153.081861639066091, -27.46235040060585 ], [ 153.081728919045872, -27.462623440594658 ], [ 153.081447029008928, -27.463154450570496 ], [ 153.080599938932096, -27.464480420495761 ], [ 153.079793179035136, -27.464349480413571 ], [ 153.079681059049307, -27.464332640402155 ], [ 153.077966939265622, -27.464075420227701 ], [ 153.078169949379998, -27.462998480239602 ], [ 153.07833806947437, -27.462109460249483 ], [ 153.078523129579565, -27.461120450260278 ], [ 153.078708879684058, -27.460136490271186 ] ] ] ] } },
{ "type": "Feature", "properties": { "sa1_2021": "30502111702", "sa2_2021": "305021117", "sa2_2021_name": "Morningside - Seven Hills", "sa1_2021_short": 3111702 }, "geometry": { "type": "MultiPolygon", "coordinates": [ [ [ [ 153.082610177370441, -27.475125450782169 ], [ 153.082816107483779, -27.474054440794429 ], [ 153.083001857588044, -27.473072450805347 ], [ 153.085107877321548, -27.47339348101977 ], [ 153.08510502731022, -27.473485461020214 ], [ 153.084933807216999, -27.474367611009974 ], [ 153.08472655710392, -27.475437510997573 ], [ 153.084410026931494, -27.477069450978622 ], [ 153.084303006945134, -27.477052440967721 ], [ 153.08395403698924, -27.476999440932211 ], [ 153.083805037008261, -27.476975450917013 ], [ 153.083358027064946, -27.476906440871495 ], [ 153.083323027046106, -27.477085450869378 ], [ 153.082266637179998, -27.476922630761823 ], [ 153.082405007255971, -27.476204440770058 ], [ 153.082610177370441, -27.475125450782169 ] ] ] ] } },
{ "type": "Feature", "properties": { "sa1_2021": "30502111703", "sa2_2021": "305021117", "sa2_2021_name": "Morningside - Seven Hills", "sa1_2021_short": 3111703 }, "geometry": { "type": "MultiPolygon", "coordinates": [ [ [ [ 153.074122798233333, -27.475502029931402 ], [ 153.072228958472408, -27.475218499738698 ], [ 153.072098908488272, -27.475203459725499 ], [ 153.07228899858643, -27.474265489737199 ], [ 153.072485188693946, -27.47324848974889 ], [ 153.073704538540085, -27.473431159872966 ], [ 153.074103888489589, -27.4734912899136 ], [ 153.074497288439915, -27.473550509953636 ], [ 153.074609888425698, -27.473567449965092 ], [ 153.074645918444673, -27.473386469967284 ], [ 153.075444058345539, -27.4734934700484 ], [ 153.075797198299341, -27.473559440084458 ], [ 153.075711898248187, -27.47403644007964 ], [ 153.075918848184244, -27.474366470103064 ], [ 153.076445178060652, -27.474897470160197 ], [ 153.075783148059855, -27.475465460098111 ], [ 153.075670688069721, -27.475482920086929 ], [ 153.075445048070975, -27.475664450065668 ], [ 153.075063988119211, -27.475606210026875 ], [ 153.074452028196703, -27.47551244996459 ], [ 153.074122798233333, -27.475502029931402 ] ] ] ] } },
{ "type": "Feature", "properties": { "sa1_2021": "30502111704", "sa2_2021": "305021117", "sa2_2021_name": "Morningside - Seven Hills", "sa1_2021_short": 3111704 }, "geometry": { "type": "MultiPolygon", "coordinates": [ [ [ [ 153.06418896020682, -27.46831945887573 ], [ 153.064269990224574, -27.468110488882211 ], [ 153.064392040248237, -27.467819428892188 ], [ 153.064435950289408, -27.467456458893729 ], [ 153.066374940012793, -27.467999409092965 ], [ 153.067756249818842, -27.468361879234717 ], [ 153.06834915973559, -27.468517469295559 ], [ 153.069261839619372, -27.468662309388485 ], [ 153.069658559568893, -27.468725259428876 ], [ 153.070208059498924, -27.468812449484819 ], [ 153.070521049425793, -27.469125449518767 ], [ 153.070623029404373, -27.46920843952967 ], [ 153.070190909397496, -27.469629409489553 ], [ 153.070023479391637, -27.469818149474218 ], [ 153.069954019389172, -27.469896439467842 ], [ 153.069789849386439, -27.470057409452611 ], [ 153.069751159399829, -27.469984349448133 ], [ 153.069716559407681, -27.469951679444403 ], [ 153.069443019402286, -27.470226439419072 ], [ 153.069193039408361, -27.470390449395229 ], [ 153.068876029432232, -27.470470459363984 ], [ 153.068756019443867, -27.470480449351992 ], [ 153.068608049458078, -27.470493449337226 ], [ 153.06831900949291, -27.470463449307918 ], [ 153.068013029536303, -27.470379459276487 ], [ 153.067905019554246, -27.470329449265229 ], [ 153.06753750961164, -27.470187259227156 ], [ 153.067471039622149, -27.470160449220263 ], [ 153.066394029787574, -27.469765439108851 ], [ 153.066170839823201, -27.469673199085673 ], [ 153.065747329890769, -27.469498059041719 ], [ 153.065683009901022, -27.469471459035042 ], [ 153.065273039958896, -27.46936145899295 ], [ 153.064900049997988, -27.469368448955503 ], [ 153.064623020021514, -27.469417458928046 ], [ 153.064317040039072, -27.469538448898241 ], [ 153.063991020050281, -27.469726438866946 ], [ 153.063633170059461, -27.469957448832794 ], [ 153.06367708010049, -27.469595478834353 ], [ 153.063908890153101, -27.468982488852806 ], [ 153.063965070162965, -27.468856478857465 ], [ 153.06418896020682, -27.46831945887573 ] ] ] ] } },
{ "type": "Feature", "properties": { "sa1_2021": "30502111705", "sa2_2021": "305021117", "sa2_2021_name": "Morningside - Seven Hills", "sa1_2021_short": 3111705 }, "geometry": { "type": "MultiPolygon", "coordinates": [ [ [ [ 153.070623029404373, -27.46920843952967 ], [ 153.070897949411517, -27.468918399555026 ], [ 153.071090199410264, -27.468765409573152 ], [ 153.071423189401713, -27.468550489604937 ], [ 153.072052039381049, -27.468180459665248 ], [ 153.072787959352524, -27.467781449736101 ], [ 153.073018019350116, -27.467605489757858 ], [ 153.07339308936119, -27.467199419792358 ], [ 153.07356591936491, -27.467023469808357 ], [ 153.073718929360496, -27.466928409822987 ], [ 153.073929169346087, -27.466864439843629 ], [ 153.074203129319699, -27.466840479870999 ], [ 153.074402929298031, -27.466842479891113 ], [ 153.075073439226713, -27.466837949958506 ], [ 153.075150999218465, -27.466837429966297 ], [ 153.076089859091582, -27.467044430062362 ], [ 153.07626519906924, -27.467072420080225 ], [ 153.076537019033168, -27.46712742010801 ], [ 153.076742179012257, -27.46711841012857 ], [ 153.076930118993999, -27.467103480147351 ], [ 153.077539968938964, -27.467021490208044 ], [ 153.077705198924406, -27.466996460224475 ], [ 153.078236198878841, -27.466906450277172 ], [ 153.078515168851226, -27.466888450305103 ], [ 153.078534988867801, -27.466740420305914 ], [ 153.07883702883251, -27.466763450336476 ], [ 153.080023938680199, -27.466961360457439 ], [ 153.079611008700311, -27.467152430417411 ], [ 153.077542118799897, -27.468119700216945 ], [ 153.076900958830777, -27.468419460154827 ], [ 153.076342868856898, -27.468686470100799 ], [ 153.075654628889055, -27.469015750034181 ], [ 153.075210018909871, -27.46922845999115 ], [ 153.074921018923646, -27.469364459963153 ], [ 153.074118018962253, -27.469740449885357 ], [ 153.073770388978886, -27.469903899851694 ], [ 153.073732938980669, -27.469921449848069 ], [ 153.073419009000844, -27.470028479817341 ], [ 153.073039949035149, -27.470078429779608 ], [ 153.072611189082153, -27.47007041973643 ], [ 153.072332179120366, -27.47000490970786 ], [ 153.072255899130766, -27.46998741970005 ], [ 153.071872099182173, -27.469906429660803 ], [ 153.07158301921848, -27.469864489631405 ], [ 153.071386139243401, -27.469834429611367 ], [ 153.07105598927717, -27.469847469578266 ], [ 153.07063116931073, -27.469942429536299 ], [ 153.070204919333321, -27.470125489494883 ], [ 153.070149879334423, -27.470163469489648 ], [ 153.069986509336161, -27.470288099474207 ], [ 153.069805099382052, -27.470079279454325 ], [ 153.069789849386439, -27.470057409452611 ], [ 153.069954019389172, -27.469896439467842 ], [ 153.070023479391637, -27.469818149474218 ], [ 153.070190909397496, -27.469629409489553 ], [ 153.070623029404373, -27.46920843952967 ] ] ] ] } },
{ "type": "Feature", "properties": { "sa1_2021": "30502111706", "sa2_2021": "305021117", "sa2_2021_name": "Morningside - Seven Hills", "sa1_2021_short": 3111706 }, "geometry": { "type": "MultiPolygon", "coordinates": [ [ [ [ 153.07731603871747, -27.468963410200875 ], [ 153.077466858769583, -27.468423420211785 ], [ 153.077542118799897, -27.468119700216945 ], [ 153.079611008700311, -27.467152430417411 ], [ 153.080023938680199, -27.466961360457439 ], [ 153.08083503857614, -27.467096450540101 ], [ 153.08082820856464, -27.46719346054018 ], [ 153.080733858556016, -27.467341420531866 ], [ 153.079950858639336, -27.467346480453138 ], [ 153.079648098466492, -27.468970420435518 ], [ 153.079479978375019, -27.469836410425444 ], [ 153.079316198284886, -27.470688440415717 ], [ 153.07897309809897, -27.472449480395131 ], [ 153.078514108162636, -27.472335440348051 ], [ 153.077883028256878, -27.472125470282919 ], [ 153.077397028328761, -27.471969400232794 ], [ 153.076813098414135, -27.471789420172637 ], [ 153.077077038578381, -27.470266460187148 ], [ 153.077139008588915, -27.4701304501923 ], [ 153.07731603871747, -27.468963410200875 ] ] ] ] } },
{ "type": "Feature", "properties": { "sa1_2021": "30502111707", "sa2_2021": "305021117", "sa2_2021_name": "Morningside - Seven Hills", "sa1_2021_short": 3111707 }, "geometry": { "type": "MultiPolygon", "coordinates": [ [ [ [ 153.072332179120366, -27.47000490970786 ], [ 153.072611189082153, -27.47007041973643 ], [ 153.073039949035149, -27.470078429779608 ], [ 153.073419009000844, -27.470028479817341 ], [ 153.073732938980669, -27.469921449848069 ], [ 153.073770388978886, -27.469903899851694 ], [ 153.074118018962253, -27.469740449885357 ], [ 153.074921018923646, -27.469364459963153 ], [ 153.075210018909871, -27.46922845999115 ], [ 153.075654628889055, -27.469015750034181 ], [ 153.076342868856898, -27.468686470100799 ], [ 153.076900958830777, -27.468419460154827 ], [ 153.077542118799897, -27.468119700216945 ], [ 153.077466858769583, -27.468423420211785 ], [ 153.07731603871747, -27.468963410200875 ], [ 153.077139008588915, -27.4701304501923 ], [ 153.077077038578381, -27.470266460187148 ], [ 153.076813098414135, -27.471789420172637 ], [ 153.075792888542395, -27.471640450068833 ], [ 153.075298348605628, -27.471559960018467 ], [ 153.074823008670478, -27.471450459969788 ], [ 153.074503128714156, -27.471376289937034 ], [ 153.074113818772162, -27.471247959896868 ], [ 153.073846018812077, -27.471159449869223 ], [ 153.073337868887506, -27.470993859816815 ], [ 153.07312203891982, -27.470921449794531 ], [ 153.072938038948109, -27.470853409775497 ], [ 153.072467009018226, -27.4706984497269 ], [ 153.072224209054411, -27.470618419701847 ], [ 153.071999189085489, -27.470563419678779 ], [ 153.071045879189512, -27.470549469582799 ], [ 153.07022798928179, -27.470513469500268 ], [ 153.07015976927417, -27.470631629494353 ], [ 153.07007826928708, -27.470598649485886 ], [ 153.069965189336386, -27.470304499472181 ], [ 153.069986509336161, -27.470288099474207 ], [ 153.070149879334423, -27.470163469489648 ], [ 153.070204919333321, -27.470125489494883 ], [ 153.07063116931073, -27.469942429536299 ], [ 153.07105598927717, -27.469847469578266 ], [ 153.071386139243401, -27.469834429611367 ], [ 153.07158301921848, -27.469864489631405 ], [ 153.071872099182173, -27.469906429660803 ], [ 153.072255899130766, -27.46998741970005 ], [ 153.072332179120366, -27.47000490970786 ] ] ] ] } },
{ "type": "Feature", "properties": { "sa1_2021": "30502111708", "sa2_2021": "305021117", "sa2_2021_name": "Morningside - Seven Hills", "sa1_2021_short": 3111708 }, "geometry": { "type": "MultiPolygon", "coordinates": [ [ [ [ 153.077037030407183, -27.455833440068975 ], [ 153.076143040520179, -27.455697449977979 ], [ 153.074008040793132, -27.455348449760482 ], [ 153.073556210863302, -27.45517648971369 ], [ 153.073182160942594, -27.454866449673627 ], [ 153.072980901025915, -27.454377479649512 ], [ 153.07289486108445, -27.453987399637771 ], [ 153.072803101114744, -27.453825419627268 ], [ 153.072506071214178, -27.453290449593158 ], [ 153.071935131470752, -27.451744429523522 ], [ 153.071724891551412, -27.451284439498739 ], [ 153.071481841591776, -27.451171039473401 ], [ 153.070405091770965, -27.450666409361137 ], [ 153.069703121880536, -27.450394429288398 ], [ 153.069259941948587, -27.45023143924254 ], [ 153.06935896199488, -27.449781449248931 ], [ 153.069435982038129, -27.449373469253445 ], [ 153.069595122137201, -27.448454479262189 ], [ 153.069753162233326, -27.447559429270996 ], [ 153.069843032284211, -27.447080449276253 ], [ 153.070130032445661, -27.445559449293071 ], [ 153.070212042424572, -27.445656449302096 ], [ 153.070263032412555, -27.445708449307627 ], [ 153.070337022401247, -27.44573545931528 ], [ 153.070405022394681, -27.445729449322069 ], [ 153.070470022384711, -27.445753439328797 ], [ 153.070537042369693, -27.445815449336024 ], [ 153.07057204235872, -27.445872449340005 ], [ 153.070618032348364, -27.445915449344966 ], [ 153.070649022336482, -27.445983449348613 ], [ 153.070688042323326, -27.446054449353102 ], [ 153.070778052308725, -27.446093449362465 ], [ 153.07089905229148, -27.446127459374903 ], [ 153.071006032272294, -27.446188449386138 ], [ 153.071122022249284, -27.446272459398472 ], [ 153.071233022227034, -27.446354449410276 ], [ 153.071310042210939, -27.446416439418524 ], [ 153.071374022195727, -27.446482449425478 ], [ 153.071489032179727, -27.446511439437273 ], [ 153.071618022171492, -27.446467449449887 ], [ 153.071793042160323, -27.446407449467021 ], [ 153.071874032153403, -27.44639344947506 ], [ 153.071936052146754, -27.446393449481295 ], [ 153.071971012139471, -27.446421459485027 ], [ 153.071967042130552, -27.446495459485213 ], [ 153.07200602212535, -27.446503449489196 ], [ 153.072042042124536, -27.446479459492625 ], [ 153.072092052118563, -27.446484449497692 ], [ 153.072112012115667, -27.446490439499748 ], [ 153.072182022155914, -27.446112449503804 ], [ 153.072278012209949, -27.44560343950943 ], [ 153.074694021897272, -27.446029439755783 ], [ 153.078714021330711, -27.447104460168632 ], [ 153.079910021162249, -27.447423460291461 ], [ 153.079696021041315, -27.44856145027893 ], [ 153.079920021005677, -27.448653450302189 ], [ 153.080711050878506, -27.448989440384427 ], [ 153.081868790727469, -27.449202840502583 ], [ 153.081903800721449, -27.449220840506246 ], [ 153.081965040712618, -27.449238450512556 ], [ 153.082118010689811, -27.449289460528341 ], [ 153.08226102066817, -27.449339440543124 ], [ 153.082348040656427, -27.449358440552029 ], [ 153.082418040647184, -27.449372450559185 ], [ 153.082476040639193, -27.449386450565129 ], [ 153.082541010629086, -27.449411450571862 ], [ 153.082610030618866, -27.449433440578982 ], [ 153.082700040606198, -27.449457460588224 ], [ 153.082769030596268, -27.449477450595328 ], [ 153.082860020582984, -27.449505450604693 ], [ 153.082933020573023, -27.449522450612179 ], [ 153.083018030560737, -27.449547460620934 ], [ 153.083091030550378, -27.449567460628433 ], [ 153.083163050539781, -27.44959045063586 ], [ 153.083224040529956, -27.4496164506422 ], [ 153.083288020519802, -27.449642460648843 ], [ 153.083369020508741, -27.449661460657143 ], [ 153.08351804048695, -27.449707450672502 ], [ 153.083590020476208, -27.449731460679935 ], [ 153.083664040464981, -27.449757450687581 ], [ 153.083723030455388, -27.449783440693725 ], [ 153.083863770431549, -27.44985282070844 ], [ 153.083945750418707, -27.449884810716927 ], [ 153.084088760400107, -27.449910820731525 ], [ 153.084158730390442, -27.449927820738704 ], [ 153.08421005038079, -27.449960450744125 ], [ 153.084383020478953, -27.44903745075424 ], [ 153.086925030174598, -27.449290461012012 ], [ 153.086760050081409, -27.450167451002347 ], [ 153.087031020054553, -27.450150451029476 ], [ 153.087375040017179, -27.450154441064118 ], [ 153.087730039987974, -27.450084461099284 ], [ 153.087882019979133, -27.450025441114114 ], [ 153.087937029971869, -27.450036451119736 ], [ 153.088204019965644, -27.449859441145211 ], [ 153.088066020052906, -27.44928644112678 ], [ 153.088840039997763, -27.449066461202932 ], [ 153.089707019874027, -27.449310461292107 ], [ 153.08963503983216, -27.449702451287958 ], [ 153.089642009830499, -27.449709441288718 ], [ 153.089083199509645, -27.452720801256309 ], [ 153.088944029478427, -27.453085451245187 ], [ 153.088691039466113, -27.453397461222195 ], [ 153.087899029032911, -27.457494451174899 ], [ 153.087813989014336, -27.457713411168072 ], [ 153.087517019033925, -27.457810431138963 ], [ 153.086973029076518, -27.457934451085201 ], [ 153.086244009133054, -27.458105451013196 ], [ 153.085843569154008, -27.458279180974277 ], [ 153.085066119194721, -27.458616470898715 ], [ 153.084464929215272, -27.458963420840984 ], [ 153.081741879555722, -27.458579470563983 ], [ 153.079081099892903, -27.458168460293056 ], [ 153.078208020005462, -27.458018440204043 ], [ 153.07816403999729, -27.458120450200433 ], [ 153.078057019937859, -27.458681440194102 ], [ 153.076741020104095, -27.458482460060161 ], [ 153.076313020191662, -27.458152460014496 ], [ 153.076701010408044, -27.456111440037382 ], [ 153.077004040399856, -27.455919450066343 ], [ 153.077037030407183, -27.455833440068975 ] ] ] ] } },
{ "type": "Feature", "properties": { "sa1_2021": "30502111709", "sa2_2021": "305021117", "sa2_2021_name": "Morningside - Seven Hills", "sa1_2021_short": 3111709 }, "geometry": { "type": "MultiPolygon", "coordinates": [ [ [ [ 153.06637304910106, -27.475215449149818 ], [ 153.06652612911472, -27.474977479163332 ], [ 153.066684129124411, -27.474766439177557 ], [ 153.066972889126703, -27.474503459204502 ], [ 153.068183188974587, -27.474679489327599 ], [ 153.069268958846891, -27.474768409437477 ], [ 153.070049068748119, -27.474887479516862 ], [ 153.069873028652182, -27.47579549950634 ], [ 153.069721118554895, -27.476694409498172 ], [ 153.069609168493571, -27.477274459491504 ], [ 153.069493978448946, -27.47772545948348 ], [ 153.069456128431511, -27.477895449481025 ], [ 153.069074918482158, -27.47781841944208 ], [ 153.068685028521713, -27.477836419403022 ], [ 153.068197968555381, -27.477983479355206 ], [ 153.067758038549243, -27.478405499314313 ], [ 153.066735968678387, -27.478251409210319 ], [ 153.065844998793068, -27.478100489119551 ], [ 153.066017058819625, -27.477744439134035 ], [ 153.066058008827213, -27.477649459137396 ], [ 153.066226018862295, -27.477229449150975 ], [ 153.066275038872192, -27.477109439154951 ], [ 153.066462028913691, -27.476622449169898 ], [ 153.06645195892321, -27.476555439168358 ], [ 153.066415928937715, -27.476471489164066 ], [ 153.066368078954724, -27.476377429158518 ], [ 153.066235038998059, -27.476147439143325 ], [ 153.066212039017842, -27.476010449139931 ], [ 153.066210039020859, -27.475988449139553 ], [ 153.066223029040202, -27.475824449139562 ], [ 153.06637304910106, -27.475215449149818 ] ] ] ] } },
{ "type": "Feature", "properties": { "sa1_2021": "30502111710", "sa2_2021": "305021117", "sa2_2021_name": "Morningside - Seven Hills", "sa1_2021_short": 3111710 }, "geometry": { "type": "MultiPolygon", "coordinates": [ [ [ [ 153.069966909252599, -27.470965939477594 ], [ 153.07015976927417, -27.470631629494353 ], [ 153.07022798928179, -27.470513469500268 ], [ 153.071045879189512, -27.470549469582799 ], [ 153.071999189085489, -27.470563419678779 ], [ 153.072224209054411, -27.470618419701847 ], [ 153.072467009018226, -27.4706984497269 ], [ 153.072938038948109, -27.470853409775497 ], [ 153.072674438800163, -27.472247529760004 ], [ 153.072587018752301, -27.472700449754797 ], [ 153.072485188693946, -27.47324848974889 ], [ 153.07228899858643, -27.474265489737199 ], [ 153.071794028649379, -27.474187439686805 ], [ 153.071283138714108, -27.474109429634812 ], [ 153.071346208749048, -27.473779239638539 ], [ 153.07156286886925, -27.472644409651348 ], [ 153.070072099116118, -27.471956449496002 ], [ 153.069537889204668, -27.47170949944034 ], [ 153.069966909252599, -27.470965939477594 ] ] ] ] } },
{ "type": "Feature", "properties": { "sa1_2021": "30502111711", "sa2_2021": "305021117", "sa2_2021_name": "Morningside - Seven Hills", "sa1_2021_short": 3111711 }, "geometry": { "type": "MultiPolygon", "coordinates": [ [ [ [ 153.074113818772162, -27.471247959896868 ], [ 153.074503128714156, -27.471376289937034 ], [ 153.074823008670478, -27.471450459969788 ], [ 153.075298348605628, -27.471559960018467 ], [ 153.075792888542395, -27.471640450068833 ], [ 153.075444058345539, -27.4734934700484 ], [ 153.074645918444673, -27.473386469967284 ], [ 153.074609888425698, -27.473567449965092 ], [ 153.074497288439915, -27.473550509953636 ], [ 153.074103888489589, -27.4734912899136 ], [ 153.073704538540085, -27.473431159872966 ], [ 153.072485188693946, -27.47324848974889 ], [ 153.072587018752301, -27.472700449754797 ], [ 153.072674438800163, -27.472247529760004 ], [ 153.072938038948109, -27.470853409775497 ], [ 153.07312203891982, -27.470921449794531 ], [ 153.073337868887506, -27.470993859816815 ], [ 153.073846018812077, -27.471159449869223 ], [ 153.074113818772162, -27.471247959896868 ] ] ] ] } },
{ "type": "Feature", "properties": { "sa1_2021": "30502111712", "sa2_2021": "305021117", "sa2_2021_name": "Morningside - Seven Hills", "sa1_2021_short": 3111712 }, "geometry": { "type": "MultiPolygon", "coordinates": [ [ [ [ 153.080592017626657, -27.474811430576658 ], [ 153.080985857842478, -27.472770420600138 ], [ 153.081994967715303, -27.47292043070285 ], [ 153.083001857588044, -27.473072450805347 ], [ 153.082816107483779, -27.474054440794429 ], [ 153.082610177370441, -27.475125450782169 ], [ 153.082405007255971, -27.476204440770058 ], [ 153.082266637179998, -27.476922630761823 ], [ 153.082121007100881, -27.477671750753103 ], [ 153.082013327041267, -27.478234540746708 ], [ 153.081928137059521, -27.478162430737566 ], [ 153.081191497209318, -27.477602930659039 ], [ 153.080978047227717, -27.477638450637841 ], [ 153.079907937320456, -27.477813020531574 ], [ 153.079994437367617, -27.47736693053675 ], [ 153.080129057364871, -27.477274460549555 ], [ 153.080241037434519, -27.476628440555711 ], [ 153.080592017626657, -27.474811430576658 ] ] ] ] } },
{ "type": "Feature", "properties": { "sa1_2021": "30502111713", "sa2_2021": "305021117", "sa2_2021_name": "Morningside - Seven Hills", "sa1_2021_short": 3111713 }, "geometry": { "type": "MultiPolygon", "coordinates": [ [ [ [ 153.076994178094452, -27.47416443020963 ], [ 153.076511098209977, -27.473660410157056 ], [ 153.075797198299341, -27.473559440084458 ], [ 153.075444058345539, -27.4734934700484 ], [ 153.075792888542395, -27.471640450068833 ], [ 153.076813098414135, -27.471789420172637 ], [ 153.077397028328761, -27.471969400232794 ], [ 153.077883028256878, -27.472125470282919 ], [ 153.078514108162636, -27.472335440348051 ], [ 153.07897309809897, -27.472449480395131 ], [ 153.079966007971876, -27.472612460496293 ], [ 153.080846937860713, -27.472744500585957 ], [ 153.080985857842478, -27.472770420600138 ], [ 153.080592017626657, -27.474811430576658 ], [ 153.079596997762337, -27.474582470474751 ], [ 153.078569887890893, -27.474437490370288 ], [ 153.077966937968938, -27.474331460308793 ], [ 153.077529158022628, -27.474278440264349 ], [ 153.076994178094452, -27.47416443020963 ] ] ] ] } },
{ "type": "Feature", "properties": { "sa1_2021": "30502111714", "sa2_2021": "305021117", "sa2_2021_name": "Morningside - Seven Hills", "sa1_2021_short": 3111714 }, "geometry": { "type": "MultiPolygon", "coordinates": [ [ [ [ 153.076445178060652, -27.474897470160197 ], [ 153.075918848184244, -27.474366470103064 ], [ 153.075711898248187, -27.47403644007964 ], [ 153.075797198299341, -27.473559440084458 ], [ 153.076511098209977, -27.473660410157056 ], [ 153.076994178094452, -27.47416443020963 ], [ 153.077529158022628, -27.474278440264349 ], [ 153.077966937968938, -27.474331460308793 ], [ 153.078569887890893, -27.474437490370288 ], [ 153.079596997762337, -27.474582470474751 ], [ 153.080592017626657, -27.474811430576658 ], [ 153.080241037434519, -27.476628440555711 ], [ 153.080129057364871, -27.477274460549555 ], [ 153.079994437367617, -27.47736693053675 ], [ 153.079907937320456, -27.477813020531574 ], [ 153.079891037310944, -27.477902450530578 ], [ 153.079682037196278, -27.478986450518114 ], [ 153.079211007256703, -27.478908460470123 ], [ 153.07875402735192, -27.47854345042127 ], [ 153.078667007379693, -27.478397450411361 ], [ 153.078563017413273, -27.4782204403995 ], [ 153.078108047507953, -27.477857450350868 ], [ 153.077968037538795, -27.47773245033579 ], [ 153.077738447579009, -27.477609090311724 ], [ 153.077380057639687, -27.477433450274283 ], [ 153.077232847668739, -27.477328630258651 ], [ 153.077220037671424, -27.477318460257283 ], [ 153.077268037675736, -27.477243460261516 ], [ 153.077251937678739, -27.477233410259821 ], [ 153.076908037732835, -27.477097460224151 ], [ 153.076836057727235, -27.477202440217745 ], [ 153.07666202776835, -27.477025450198838 ], [ 153.076547017792052, -27.476935450186559 ], [ 153.076437037806244, -27.476916450175345 ], [ 153.076423027824433, -27.4767844501729 ], [ 153.075778037976221, -27.476131460102852 ], [ 153.075498038053496, -27.475757440071739 ], [ 153.075445048070975, -27.475664450065668 ], [ 153.075670688069721, -27.475482920086929 ], [ 153.075783148059855, -27.475465460098111 ], [ 153.076445178060652, -27.474897470160197 ] ] ] ] } },
{ "type": "Feature", "properties": { "sa1_2021": "30502111715", "sa2_2021": "305021117", "sa2_2021_name": "Morningside - Seven Hills", "sa1_2021_short": 3111715 }, "geometry": { "type": "MultiPolygon", "coordinates": [ [ [ [ 153.068805038094183, -27.481116449441014 ], [ 153.067711028269628, -27.480657449327381 ], [ 153.067524038306999, -27.480520489307501 ], [ 153.067418188336575, -27.480376489295722 ], [ 153.067313428389042, -27.480050259282596 ], [ 153.066735968678387, -27.478251409210319 ], [ 153.067758038549243, -27.478405499314313 ], [ 153.068197968555381, -27.477983479355206 ], [ 153.068685028521713, -27.477836419403022 ], [ 153.069074918482158, -27.47781841944208 ], [ 153.069456128431511, -27.477895449481025 ], [ 153.069856088354186, -27.478167439523396 ], [ 153.070634058211823, -27.478633449605308 ], [ 153.070923028166533, -27.47874644963526 ], [ 153.071034018145923, -27.478815439646969 ], [ 153.071063188140357, -27.478834439650054 ], [ 153.071520058067961, -27.479019479697463 ], [ 153.072031927999859, -27.479123429749755 ], [ 153.072169097948603, -27.479412419765826 ], [ 153.07238692788215, -27.479753429790438 ], [ 153.072802007704553, -27.480805429840494 ], [ 153.072899897666758, -27.481021429852049 ], [ 153.072872887651442, -27.481165439850475 ], [ 153.073087107606, -27.481343449873417 ], [ 153.07334198754927, -27.481575469900889 ], [ 153.073511927516762, -27.481688419918875 ], [ 153.073633947494045, -27.481764469931743 ], [ 153.074429217354719, -27.482191430015106 ], [ 153.074702047306602, -27.482340470043727 ], [ 153.074987187258415, -27.482479440073501 ], [ 153.07539970719327, -27.482644330116297 ], [ 153.075851177127248, -27.482783450162799 ], [ 153.07669575700109, -27.483064170249978 ], [ 153.076785036987303, -27.483097450259216 ], [ 153.077036696941263, -27.483248080285726 ], [ 153.077164116913622, -27.483358470299404 ], [ 153.077392136857839, -27.483606220324305 ], [ 153.077454986838262, -27.483707490331426 ], [ 153.077494296824852, -27.483780280335949 ], [ 153.077539966810093, -27.483858220341169 ], [ 153.077650116754256, -27.484206430355002 ], [ 153.07768285670835, -27.484541430360942 ], [ 153.077642196687407, -27.484741490358434 ], [ 153.077622776686866, -27.484762280356634 ], [ 153.077540696653983, -27.485092050350993 ], [ 153.077514006639205, -27.485231440349406 ], [ 153.077479006629204, -27.485340220346746 ], [ 153.077409656601361, -27.485619260341988 ], [ 153.077394906585084, -27.485760630341613 ], [ 153.077158866642264, -27.485508630315888 ], [ 153.076991296679893, -27.485353340297795 ], [ 153.076817076721341, -27.485173480278856 ], [ 153.076543106785039, -27.484902400249148 ], [ 153.076404886820484, -27.484739420233961 ], [ 153.076454926835453, -27.48457841023771 ], [ 153.076454926862766, -27.484362410236017 ], [ 153.076364186905039, -27.484105460224857 ], [ 153.076072956951435, -27.483985490194616 ], [ 153.075591997005063, -27.483969470146111 ], [ 153.075000147139946, -27.483405440082116 ], [ 153.074199887167651, -27.483865440005282 ], [ 153.074317307221264, -27.483341690012931 ], [ 153.074273027228202, -27.48332444000836 ], [ 153.073972017266726, -27.483275459977691 ], [ 153.073470027331183, -27.483191449926544 ], [ 153.073170037369607, -27.483142459895991 ], [ 153.073036047386893, -27.483119449882331 ], [ 153.072367037472617, -27.483009439814175 ], [ 153.071865047537131, -27.482925449763027 ], [ 153.071563997575566, -27.482876449732366 ], [ 153.071363027601478, -27.482842449711875 ], [ 153.070962037652833, -27.482776459671044 ], [ 153.070980037662167, -27.482687449672145 ], [ 153.07057900771369, -27.482620449631295 ], [ 153.070619017734174, -27.482424459633766 ], [ 153.07064700774913, -27.482282449635449 ], [ 153.070627737768859, -27.482142889632414 ], [ 153.070600947772277, -27.482138429629682 ], [ 153.07005194790554, -27.481550439569837 ], [ 153.068805038094183, -27.481116449441014 ] ] ] ] } },
{ "type": "Feature", "properties": { "sa1_2021": "30502111717", "sa2_2021": "305021117", "sa2_2021_name": "Morningside - Seven Hills", "sa1_2021_short": 3111717 }, "geometry": { "type": "MultiPolygon", "coordinates": [ [ [ [ 153.074718989931398, -27.461563429881139 ], [ 153.074222329994171, -27.461488119830598 ], [ 153.073262060115553, -27.461342489732878 ], [ 153.072621990196325, -27.461246449667737 ], [ 153.071655030324024, -27.461056459569001 ], [ 153.071902030461303, -27.459760459583585 ], [ 153.072024050528881, -27.459122449590811 ], [ 153.072089050565666, -27.458776179594608 ], [ 153.072241150651791, -27.457965619603499 ], [ 153.072288890678834, -27.457711299606284 ], [ 153.072432560661781, -27.457723979620837 ], [ 153.072861690607766, -27.457787469664495 ], [ 153.072777520561033, -27.458228749659515 ], [ 153.072979440535477, -27.458259679680072 ], [ 153.072795040431288, -27.459240459669282 ], [ 153.074193020254597, -27.459452449811547 ], [ 153.075087020141837, -27.45958644990252 ], [ 153.075393730103087, -27.459632919933743 ], [ 153.075414500111918, -27.459545449935138 ], [ 153.075499470159201, -27.459099319940155 ], [ 153.077907879854934, -27.459463830185296 ], [ 153.077823639807491, -27.459910750180352 ], [ 153.077811819797034, -27.460003340179885 ], [ 153.078708879684058, -27.460136490271186 ], [ 153.078523129579565, -27.461120450260278 ], [ 153.07833806947437, -27.462109460249483 ], [ 153.074718989931398, -27.461563429881139 ] ] ] ] } },
{ "type": "Feature", "properties": { "sa1_2021": "30502111718", "sa2_2021": "305021117", "sa2_2021_name": "Morningside - Seven Hills", "sa1_2021_short": 3111718 }, "geometry": { "type": "MultiPolygon", "coordinates": [ [ [ [ 153.074718989931398, -27.461563429881139 ], [ 153.07833806947437, -27.462109460249483 ], [ 153.078169949379998, -27.462998480239602 ], [ 153.077966939265622, -27.464075420227701 ], [ 153.076857049405618, -27.463909450114748 ], [ 153.075846879533401, -27.463755480011926 ], [ 153.075752919545153, -27.463742420002376 ], [ 153.073851969785352, -27.463454629808901 ], [ 153.073441009837268, -27.463392409767081 ], [ 153.072856029911094, -27.463304449707554 ], [ 153.072413029967066, -27.463237459662473 ], [ 153.071269120111623, -27.463064449546067 ], [ 153.071295030126777, -27.462922419547546 ], [ 153.071655030324024, -27.461056459569001 ], [ 153.072621990196325, -27.461246449667737 ], [ 153.073262060115553, -27.461342489732878 ], [ 153.074222329994171, -27.461488119830598 ], [ 153.074718989931398, -27.461563429881139 ] ] ] ] } },
{ "type": "Feature", "properties": { "sa1_2021": "30502111719", "sa2_2021": "305021117", "sa2_2021_name": "Morningside - Seven Hills", "sa1_2021_short": 3111719 }, "geometry": { "type": "MultiPolygon", "coordinates": [ [ [ [ 153.071097820004411, -27.46405796953669 ], [ 153.071135930032995, -27.463799489538488 ], [ 153.071269120111623, -27.463064449546067 ], [ 153.072413029967066, -27.463237459662473 ], [ 153.072856029911094, -27.463304449707554 ], [ 153.073441009837268, -27.463392409767081 ], [ 153.073851969785352, -27.463454629808901 ], [ 153.075752919545153, -27.463742420002376 ], [ 153.075586959450078, -27.464635489992748 ], [ 153.075384999336194, -27.465707489980907 ], [ 153.07529232934786, -27.465693569971481 ], [ 153.074283579475207, -27.465542039868826 ], [ 153.073077039627435, -27.465361419746049 ], [ 153.072708019674735, -27.465300449708451 ], [ 153.072107199751883, -27.465199439647229 ], [ 153.071648209804891, -27.465169469600834 ], [ 153.071005949935568, -27.464680499532385 ], [ 153.071069209982966, -27.464251909535353 ], [ 153.071097820004411, -27.46405796953669 ] ] ] ] } },
{ "type": "Feature", "properties": { "sa1_2021": "30502111720", "sa2_2021": "305021117", "sa2_2021_name": "Morningside - Seven Hills", "sa1_2021_short": 3111720 }, "geometry": { "type": "MultiPolygon", "coordinates": [ [ [ [ 153.073178177852498, -27.479316469866557 ], [ 153.074501887685045, -27.479517090001274 ], [ 153.074853997640531, -27.479570440037101 ], [ 153.076237097463405, -27.479797440178011 ], [ 153.077881967253148, -27.480064470345575 ], [ 153.078545067168079, -27.480174450413148 ], [ 153.078235107149879, -27.480581410385188 ], [ 153.077967997134408, -27.480930430361074 ], [ 153.077859997082612, -27.48143147035417 ], [ 153.077856047026529, -27.481878410357314 ], [ 153.078077056912747, -27.482590490385167 ], [ 153.078006136879793, -27.482911430380568 ], [ 153.078267146798538, -27.48333245041016 ], [ 153.078471986724423, -27.483744470434022 ], [ 153.078533196702836, -27.483863440441127 ], [ 153.07854506660027, -27.484664450448648 ], [ 153.07853608657075, -27.48490547044964 ], [ 153.07852889651042, -27.485388420452729 ], [ 153.07854290640131, -27.486239450460875 ], [ 153.078510856364773, -27.48655543046015 ], [ 153.078532136334701, -27.486775290464021 ], [ 153.078406106353725, -27.486731480451006 ], [ 153.077394906585084, -27.485760630341613 ], [ 153.077409656601361, -27.485619260341988 ], [ 153.077479006629204, -27.485340220346746 ], [ 153.077514006639205, -27.485231440349406 ], [ 153.077540696653983, -27.485092050350993 ], [ 153.077622776686866, -27.484762280356634 ], [ 153.077642196687407, -27.484741490358434 ], [ 153.07768285670835, -27.484541430360942 ], [ 153.077650116754256, -27.484206430355002 ], [ 153.077539966810093, -27.483858220341169 ], [ 153.077494296824852, -27.483780280335949 ], [ 153.077454986838262, -27.483707490331426 ], [ 153.077392136857839, -27.483606220324305 ], [ 153.077164116913622, -27.483358470299404 ], [ 153.077036696941263, -27.483248080285726 ], [ 153.076785036987303, -27.483097450259216 ], [ 153.07669575700109, -27.483064170249978 ], [ 153.075851177127248, -27.482783450162799 ], [ 153.07539970719327, -27.482644330116297 ], [ 153.074987187258415, -27.482479440073501 ], [ 153.074702047306602, -27.482340470043727 ], [ 153.074429217354719, -27.482191430015106 ], [ 153.073633947494045, -27.481764469931743 ], [ 153.073511927516762, -27.481688419918875 ], [ 153.07334198754927, -27.481575469900889 ], [ 153.073087107606, -27.481343449873417 ], [ 153.072872887651442, -27.481165439850475 ], [ 153.072899897666758, -27.481021429852049 ], [ 153.072802007704553, -27.480805429840494 ], [ 153.07238692788215, -27.479753429790438 ], [ 153.072169097948603, -27.479412419765826 ], [ 153.072031927999859, -27.479123429749755 ], [ 153.073178177852498, -27.479316469866557 ] ] ] ] } },
{ "type": "Feature", "properties": { "sa1_2021": "30502111721", "sa2_2021": "305021117", "sa2_2021_name": "Morningside - Seven Hills", "sa1_2021_short": 3111721 }, "geometry": { "type": "MultiPolygon", "coordinates": [ [ [ [ 153.079290976776178, -27.482640440507673 ], [ 153.079494026719857, -27.482913410530255 ], [ 153.079544066687816, -27.483124460536967 ], [ 153.079485046672147, -27.483298430532397 ], [ 153.079475186671061, -27.483315320531535 ], [ 153.079598446648191, -27.483391670544549 ], [ 153.079988346570531, -27.483674700586 ], [ 153.080099486548022, -27.483758140597839 ], [ 153.080057076537514, -27.483877480594511 ], [ 153.080166176444976, -27.484516490610549 ], [ 153.079955166416028, -27.484924450592548 ], [ 153.079379196431177, -27.485293450537526 ], [ 153.079991006375366, -27.485215460598457 ], [ 153.080239026352558, -27.48518545062316 ], [ 153.080418866333758, -27.485181420641222 ], [ 153.080599536461051, -27.484021710650229 ], [ 153.080714436446101, -27.484042280661953 ], [ 153.081163646390564, -27.484100040707602 ], [ 153.081245036445551, -27.483596450711801 ], [ 153.081255006452835, -27.483530440712283 ], [ 153.081273036464552, -27.483422460713253 ], [ 153.081304056486118, -27.483225450714812 ], [ 153.081334026505544, -27.483046440716407 ], [ 153.081358046522723, -27.482890450717598 ], [ 153.081387026541478, -27.482717460719147 ], [ 153.081369026546099, -27.482696440717163 ], [ 153.081374026548957, -27.482669450717463 ], [ 153.081397026548387, -27.482654450719647 ], [ 153.081421046565168, -27.482501450720861 ], [ 153.081790026545804, -27.482341450756714 ], [ 153.081912036628466, -27.481584450762995 ], [ 153.082518016553053, -27.48166646082462 ], [ 153.082443446504499, -27.482113580820656 ], [ 153.082433916493329, -27.482209860820451 ], [ 153.082234006509537, -27.482251460800676 ], [ 153.081511126542466, -27.482604440730732 ], [ 153.081470066510178, -27.482894410728889 ], [ 153.081762026391687, -27.483583460763708 ], [ 153.081476926197297, -27.485362500749108 ], [ 153.081155066227183, -27.485399480717014 ], [ 153.080907016155265, -27.486178440698215 ], [ 153.080394046217123, -27.48612444064619 ], [ 153.080241036232934, -27.486129470630829 ], [ 153.080058866247811, -27.486166470612797 ], [ 153.079910196254872, -27.486236470598392 ], [ 153.079766166257826, -27.48633549058469 ], [ 153.079650976258193, -27.486430430573847 ], [ 153.079566036254533, -27.486531420566102 ], [ 153.079491876242997, -27.486685490559868 ], [ 153.079398976223672, -27.486917420552352 ], [ 153.078710046307719, -27.486837450482422 ], [ 153.078532136334701, -27.486775290464021 ], [ 153.078510856364773, -27.48655543046015 ], [ 153.07854290640131, -27.486239450460875 ], [ 153.07852889651042, -27.485388420452729 ], [ 153.07853608657075, -27.48490547044964 ], [ 153.07854506660027, -27.484664450448648 ], [ 153.078533196702836, -27.483863440441127 ], [ 153.078471986724423, -27.483744470434022 ], [ 153.078267146798538, -27.48333245041016 ], [ 153.078006136879793, -27.482911430380568 ], [ 153.078077056912747, -27.482590490385167 ], [ 153.077856047026529, -27.481878410357314 ], [ 153.077859997082612, -27.48143147035417 ], [ 153.077967997134408, -27.480930430361074 ], [ 153.078235107149879, -27.480581410385188 ], [ 153.078545067168079, -27.480174450413148 ], [ 153.078988937112882, -27.480234460458266 ], [ 153.079365177065654, -27.480288460496539 ], [ 153.079554866980658, -27.480799490519665 ], [ 153.079644876901227, -27.481351460533084 ], [ 153.079613886812609, -27.482078490535716 ], [ 153.079814056749001, -27.48241149055848 ], [ 153.079290976776178, -27.482640440507673 ] ] ] ] } },
{ "type": "Feature", "properties": { "sa1_2021": "30502111722", "sa2_2021": "305021117", "sa2_2021_name": "Morningside - Seven Hills", "sa1_2021_short": 3111722 }, "geometry": { "type": "MultiPolygon", "coordinates": [ [ [ [ 153.079430847057409, -27.480297860503228 ], [ 153.07944580706706, -27.48020901050403 ], [ 153.079682037196278, -27.478986450518114 ], [ 153.079891037310944, -27.477902450530578 ], [ 153.079907937320456, -27.477813020531574 ], [ 153.080978047227717, -27.477638450637841 ], [ 153.081191497209318, -27.477602930659039 ], [ 153.081928137059521, -27.478162430737566 ], [ 153.082013327041267, -27.478234540746708 ], [ 153.082121007100881, -27.477671750753103 ], [ 153.082266637179998, -27.476922630761823 ], [ 153.083323027046106, -27.477085450869378 ], [ 153.083358027064946, -27.476906440871495 ], [ 153.083805037008261, -27.476975450917013 ], [ 153.08395403698924, -27.476999440932211 ], [ 153.084303006945134, -27.477052440967721 ], [ 153.084410026931494, -27.477069450978622 ], [ 153.08472655710392, -27.475437510997573 ], [ 153.084933807216999, -27.474367611009974 ], [ 153.08510502731022, -27.473485461020214 ], [ 153.085107877321548, -27.47339348101977 ], [ 153.087650167005251, -27.473738451278319 ], [ 153.087748246994323, -27.473741541288206 ], [ 153.087732036986836, -27.473814441287153 ], [ 153.087723026982104, -27.473859461286604 ], [ 153.087568626895944, -27.474671551277485 ], [ 153.088269026807922, -27.474773451348767 ], [ 153.088884056730166, -27.474866451411398 ], [ 153.088772256695563, -27.475234801403069 ], [ 153.088562016680754, -27.475530451384238 ], [ 153.088355016674967, -27.475751451365159 ], [ 153.088304026667799, -27.47585144136082 ], [ 153.088181026629258, -27.476260461351675 ], [ 153.088086016611641, -27.476480441343856 ], [ 153.08800702660821, -27.476574441336648 ], [ 153.087641046614692, -27.47683344130186 ], [ 153.087670026603121, -27.476900451305308 ], [ 153.08808904652463, -27.47716544134958 ], [ 153.087929026527377, -27.477279461334376 ], [ 153.088266036454058, -27.477573441370609 ], [ 153.088333196442562, -27.477607221377642 ], [ 153.088268476442238, -27.477664811371575 ], [ 153.088440616420428, -27.477691061389109 ], [ 153.088354036373858, -27.478132461383886 ], [ 153.08831702635473, -27.478315461381598 ], [ 153.088198036290834, -27.478921441374428 ], [ 153.088018016195406, -27.479828441363473 ], [ 153.087989036179266, -27.479980461361762 ], [ 153.087782046069407, -27.481024451349189 ], [ 153.087710026030578, -27.481392451344849 ], [ 153.087668166024173, -27.481478461341325 ], [ 153.085727096271825, -27.481167421143542 ], [ 153.084544316418743, -27.481009451023294 ], [ 153.084533036404366, -27.481132451023122 ], [ 153.084489046375069, -27.481401441020829 ], [ 153.084403016315974, -27.48194146101644 ], [ 153.084358996286682, -27.482210451014137 ], [ 153.083414996407726, -27.482054460917929 ], [ 153.083338646408691, -27.482111490910693 ], [ 153.083267176425863, -27.482036460902911 ], [ 153.082433916493329, -27.482209860820451 ], [ 153.082443446504499, -27.482113580820656 ], [ 153.082518016553053, -27.48166646082462 ], [ 153.081912036628466, -27.481584450762995 ], [ 153.081790026545804, -27.482341450756714 ], [ 153.081421046565168, -27.482501450720861 ], [ 153.081397026548387, -27.482654450719647 ], [ 153.081374026548957, -27.482669450717463 ], [ 153.081369026546099, -27.482696440717163 ], [ 153.081387026541478, -27.482717460719147 ], [ 153.081358046522723, -27.482890450717598 ], [ 153.081334026505544, -27.483046440716407 ], [ 153.081304056486118, -27.483225450714812 ], [ 153.081273036464552, -27.483422460713253 ], [ 153.081255006452835, -27.483530440712283 ], [ 153.081245036445551, -27.483596450711801 ], [ 153.081163646390564, -27.484100040707602 ], [ 153.080714436446101, -27.484042280661953 ], [ 153.080599536461051, -27.484021710650229 ], [ 153.080418866333758, -27.485181420641222 ], [ 153.080239026352558, -27.48518545062316 ], [ 153.079991006375366, -27.485215460598457 ], [ 153.079379196431177, -27.485293450537526 ], [ 153.079955166416028, -27.484924450592548 ], [ 153.080166176444976, -27.484516490610549 ], [ 153.080057076537514, -27.483877480594511 ], [ 153.080099486548022, -27.483758140597839 ], [ 153.079988346570531, -27.483674700586 ], [ 153.079598446648191, -27.483391670544549 ], [ 153.079475186671061, -27.483315320531535 ], [ 153.079485046672147, -27.483298430532397 ], [ 153.079544066687816, -27.483124460536967 ], [ 153.079494026719857, -27.482913410530255 ], [ 153.079290976776178, -27.482640440507673 ], [ 153.079814056749001, -27.48241149055848 ], [ 153.079613886812609, -27.482078490535716 ], [ 153.079644876901227, -27.481351460533084 ], [ 153.079554866980658, -27.480799490519665 ], [ 153.079365177065654, -27.480288460496539 ], [ 153.079430847057409, -27.480297860503228 ] ] ] ] } },
{ "type": "Feature", "properties": { "sa1_2021": "30502111723", "sa2_2021": "305021117", "sa2_2021_name": "Morningside - Seven Hills", "sa1_2021_short": 3111723 }, "geometry": { "type": "MultiPolygon", "coordinates": [ [ [ [ 153.076490919196601, -27.465873450093444 ], [ 153.075384999336194, -27.465707489980907 ], [ 153.075586959450078, -27.464635489992748 ], [ 153.075752919545153, -27.463742420002376 ], [ 153.075846879533401, -27.463755480011926 ], [ 153.076857049405618, -27.463909450114748 ], [ 153.077966939265622, -27.464075420227701 ], [ 153.079681059049307, -27.464332640402155 ], [ 153.079793179035136, -27.464349480413571 ], [ 153.080599938932096, -27.464480420495761 ], [ 153.08054412892696, -27.464568440490844 ], [ 153.079982178876065, -27.465447470441266 ], [ 153.078947918885092, -27.466253420343602 ], [ 153.077592889057428, -27.46603949020561 ], [ 153.076490919196601, -27.465873450093444 ] ] ] ] } },
{ "type": "Feature", "properties": { "sa1_2021": "30502111724", "sa2_2021": "305021117", "sa2_2021_name": "Morningside - Seven Hills", "sa1_2021_short": 3111724 }, "geometry": { "type": "MultiPolygon", "coordinates": [ [ [ [ 153.073241909473495, -27.466439459771152 ], [ 153.072487709630337, -27.465838429690546 ], [ 153.071648209804891, -27.465169469600834 ], [ 153.072107199751883, -27.465199439647229 ], [ 153.072708019674735, -27.465300449708451 ], [ 153.073077039627435, -27.465361419746049 ], [ 153.074283579475207, -27.465542039868826 ], [ 153.07529232934786, -27.465693569971481 ], [ 153.075384999336194, -27.465707489980907 ], [ 153.076490919196601, -27.465873450093444 ], [ 153.077592889057428, -27.46603949020561 ], [ 153.078947918885092, -27.466253420343602 ], [ 153.078560908882991, -27.466598480307393 ], [ 153.078534988867801, -27.466740420305914 ], [ 153.078515168851226, -27.466888450305103 ], [ 153.078236198878841, -27.466906450277172 ], [ 153.077705198924406, -27.466996460224475 ], [ 153.077539968938964, -27.467021490208044 ], [ 153.076930118993999, -27.467103480147351 ], [ 153.076742179012257, -27.46711841012857 ], [ 153.076537019033168, -27.46712742010801 ], [ 153.07626519906924, -27.467072420080225 ], [ 153.076089859091582, -27.467044430062362 ], [ 153.075150999218465, -27.466837429966297 ], [ 153.075073439226713, -27.466837949958506 ], [ 153.074402929298031, -27.466842479891113 ], [ 153.074203129319699, -27.466840479870999 ], [ 153.073929169346087, -27.466864439843629 ], [ 153.073718929360496, -27.466928409822987 ], [ 153.073673879378106, -27.46682743981766 ], [ 153.073241909473495, -27.466439459771152 ] ] ] ] } },
{ "type": "Feature", "properties": { "sa1_2021": "30502111725", "sa2_2021": "305021117", "sa2_2021_name": "Morningside - Seven Hills", "sa1_2021_short": 3111725 }, "geometry": { "type": "MultiPolygon", "coordinates": [ [ [ [ 153.070643359758208, -27.466391819509447 ], [ 153.070757899821388, -27.465794419516246 ], [ 153.070788889840827, -27.465614409517944 ], [ 153.071005949935568, -27.464680499532385 ], [ 153.071648209804891, -27.465169469600834 ], [ 153.072487709630337, -27.465838429690546 ], [ 153.073241909473495, -27.466439459771152 ], [ 153.073673879378106, -27.46682743981766 ], [ 153.073718929360496, -27.466928409822987 ], [ 153.07356591936491, -27.467023469808357 ], [ 153.07339308936119, -27.467199419792358 ], [ 153.073018019350116, -27.467605489757858 ], [ 153.072787959352524, -27.467781449736101 ], [ 153.072052039381049, -27.468180459665248 ], [ 153.071423189401713, -27.468550489604937 ], [ 153.071090199410264, -27.468765409573152 ], [ 153.070897949411517, -27.468918399555026 ], [ 153.070623029404373, -27.46920843952967 ], [ 153.070521049425793, -27.469125449518767 ], [ 153.070208059498924, -27.468812449484819 ], [ 153.070352199596329, -27.467919399492249 ], [ 153.070427099639176, -27.467517209496599 ], [ 153.07053221969926, -27.466952439502709 ], [ 153.070622919746882, -27.466498489508243 ], [ 153.070643359758208, -27.466391819509447 ] ] ] ] } },
{ "type": "Feature", "properties": { "sa1_2021": "30502111726", "sa2_2021": "305021117", "sa2_2021_name": "Morningside - Seven Hills", "sa1_2021_short": 3111726 }, "geometry": { "type": "MultiPolygon", "coordinates": [ [ [ [ 153.068367880498556, -27.462464419249589 ], [ 153.067354130626455, -27.462312399146448 ], [ 153.067760920819893, -27.460436449172512 ], [ 153.068727150698322, -27.460578469270793 ], [ 153.069677210578504, -27.460720499367454 ], [ 153.070609960461098, -27.460858469462323 ], [ 153.071655030324024, -27.461056459569001 ], [ 153.071295030126777, -27.462922419547546 ], [ 153.070280920257517, -27.462748469444193 ], [ 153.070071150283979, -27.462717109422851 ], [ 153.069357870373921, -27.46261048935029 ], [ 153.068367880498556, -27.462464419249589 ] ] ] ] } },
{ "type": "Feature", "properties": { "sa1_2021": "30502111727", "sa2_2021": "305021117", "sa2_2021_name": "Morningside - Seven Hills", "sa1_2021_short": 3111727 }, "geometry": { "type": "MultiPolygon", "coordinates": [ [ [ [ 153.067137030537367, -27.463201439131652 ], [ 153.067354130626455, -27.462312399146448 ], [ 153.068367880498556, -27.462464419249589 ], [ 153.069357870373921, -27.46261048935029 ], [ 153.070071150283979, -27.462717109422851 ], [ 153.070280920257517, -27.462748469444193 ], [ 153.071295030126777, -27.462922419547546 ], [ 153.071269120111623, -27.463064449546067 ], [ 153.071135930032995, -27.463799489538488 ], [ 153.071097820004411, -27.46405796953669 ], [ 153.071069209982966, -27.464251909535353 ], [ 153.071005949935568, -27.464680499532385 ], [ 153.070047900055442, -27.464545149434969 ], [ 153.069142670168674, -27.464417259342934 ], [ 153.069105110173354, -27.464411949339119 ], [ 153.068592140237541, -27.464339489286967 ], [ 153.067814940335808, -27.464221489207887 ], [ 153.067300800400602, -27.464144549155581 ], [ 153.066986170440316, -27.464097469123566 ], [ 153.067061030488645, -27.463651449127553 ], [ 153.067137030537367, -27.463201439131652 ] ] ] ] } },
{ "type": "Feature", "properties": { "sa1_2021": "30502111728", "sa2_2021": "305021117", "sa2_2021_name": "Morningside - Seven Hills", "sa1_2021_short": 3111728 }, "geometry": { "type": "MultiPolygon", "coordinates": [ [ [ [ 153.063880100832449, -27.463630448807596 ], [ 153.063731140933243, -27.462959128787308 ], [ 153.063669860974613, -27.462683478778978 ], [ 153.064791900833058, -27.462851638893103 ], [ 153.065539170738901, -27.462962728969103 ], [ 153.065687500720173, -27.462984898984192 ], [ 153.067137030537367, -27.463201439131652 ], [ 153.067061030488645, -27.463651449127553 ], [ 153.066986170440316, -27.464097469123566 ], [ 153.067300800400602, -27.464144549155581 ], [ 153.067289710390185, -27.464236769155193 ], [ 153.067173020323111, -27.464866459148439 ], [ 153.067131730300702, -27.46507886914597 ], [ 153.06708301030676, -27.465072439141014 ], [ 153.067040920283716, -27.465290419138505 ], [ 153.066734180322385, -27.465244429107305 ], [ 153.06661789025236, -27.465897459100773 ], [ 153.066566390258828, -27.465890279095543 ], [ 153.064314990539913, -27.465576428866704 ], [ 153.064263160574285, -27.465348478859688 ], [ 153.06415560064741, -27.464861148845014 ], [ 153.064101180684418, -27.464614428837603 ], [ 153.063880100832449, -27.463630448807596 ] ] ] ] } },
{ "type": "Feature", "properties": { "sa1_2021": "30502111729", "sa2_2021": "305021117", "sa2_2021_name": "Morningside - Seven Hills", "sa1_2021_short": 3111729 }, "geometry": { "type": "MultiPolygon", "coordinates": [ [ [ [ 153.06447412954617, -27.473305448943808 ], [ 153.064425879560474, -27.473233448938387 ], [ 153.064206989663887, -27.472600488911382 ], [ 153.064127089701572, -27.472370448901536 ], [ 153.063513999831912, -27.471859438835853 ], [ 153.063633170059461, -27.469957448832794 ], [ 153.063991020050281, -27.469726438866946 ], [ 153.064317040039072, -27.469538448898241 ], [ 153.064623020021514, -27.469417458928046 ], [ 153.064900049997988, -27.469368448955503 ], [ 153.065273039958896, -27.46936145899295 ], [ 153.065683009901022, -27.469471459035042 ], [ 153.065747329890769, -27.469498059041719 ], [ 153.066170839823201, -27.469673199085673 ], [ 153.066394029787574, -27.469765439108851 ], [ 153.067471039622149, -27.470160449220263 ], [ 153.06753750961164, -27.470187259227156 ], [ 153.067905019554246, -27.470329449265229 ], [ 153.068013029536303, -27.470379459276487 ], [ 153.06831900949291, -27.470463449307918 ], [ 153.068608049458078, -27.470493449337226 ], [ 153.068756019443867, -27.470480449351992 ], [ 153.068876029432232, -27.470470459363984 ], [ 153.069193039408361, -27.470390449395229 ], [ 153.069443019402286, -27.470226439419072 ], [ 153.069716559407681, -27.469951679444403 ], [ 153.069751159399829, -27.469984349448133 ], [ 153.069789849386439, -27.470057409452611 ], [ 153.069805099382052, -27.470079279454325 ], [ 153.069986509336161, -27.470288099474207 ], [ 153.069965189336386, -27.470304499472181 ], [ 153.07007826928708, -27.470598649485886 ], [ 153.07015976927417, -27.470631629494353 ], [ 153.069966909252599, -27.470965939477594 ], [ 153.069537889204668, -27.47170949944034 ], [ 153.068957209149772, -27.472636489389274 ], [ 153.06884306914128, -27.472800479379103 ], [ 153.068641119130604, -27.47305642936081 ], [ 153.068272099121543, -27.473441449326753 ], [ 153.068128109117538, -27.473595439313488 ], [ 153.067922909112497, -27.473809469294544 ], [ 153.067493079114968, -27.474154439254061 ], [ 153.066972889126703, -27.474503459204502 ], [ 153.066564009190273, -27.474347449162167 ], [ 153.066324029220823, -27.474309449137738 ], [ 153.066062029253999, -27.47426944911108 ], [ 153.064965019393298, -27.474098458999439 ], [ 153.06485493940707, -27.474082858988243 ], [ 153.064622069503912, -27.47351444896033 ], [ 153.06447412954617, -27.473305448943808 ] ] ] ] } },
{ "type": "Feature", "properties": { "sa1_2021": "30502111730", "sa2_2021": "305021117", "sa2_2021_name": "Morningside - Seven Hills", "sa1_2021_short": 3111730 }, "geometry": { "type": "MultiPolygon", "coordinates": [ [ [ [ 153.070072099116118, -27.471956449496002 ], [ 153.07156286886925, -27.472644409651348 ], [ 153.071346208749048, -27.473779239638539 ], [ 153.071283138714108, -27.474109429634812 ], [ 153.071794028649379, -27.474187439686805 ], [ 153.07228899858643, -27.474265489737199 ], [ 153.072098908488272, -27.475203459725499 ], [ 153.071103148614299, -27.475051459624162 ], [ 153.070049068748119, -27.474887479516862 ], [ 153.069268958846891, -27.474768409437477 ], [ 153.068183188974587, -27.474679489327599 ], [ 153.066972889126703, -27.474503459204502 ], [ 153.067493079114968, -27.474154439254061 ], [ 153.067922909112497, -27.473809469294544 ], [ 153.068128109117538, -27.473595439313488 ], [ 153.068272099121543, -27.473441449326753 ], [ 153.068641119130604, -27.47305642936081 ], [ 153.06884306914128, -27.472800479379103 ], [ 153.068957209149772, -27.472636489389274 ], [ 153.069537889204668, -27.47170949944034 ], [ 153.070072099116118, -27.471956449496002 ] ] ] ] } },
{ "type": "Feature", "properties": { "sa1_2021": "30502111731", "sa2_2021": "305021117", "sa2_2021_name": "Morningside - Seven Hills", "sa1_2021_short": 3111731 }, "geometry": { "type": "MultiPolygon", "coordinates": [ [ [ [ 153.067814940335808, -27.464221489207887 ], [ 153.068592140237541, -27.464339489286967 ], [ 153.069105110173354, -27.464411949339119 ], [ 153.069142670168674, -27.464417259342934 ], [ 153.070047900055442, -27.464545149434969 ], [ 153.071005949935568, -27.464680499532385 ], [ 153.070788889840827, -27.465614409517944 ], [ 153.070757899821388, -27.465794419516246 ], [ 153.070643359758208, -27.466391819509447 ], [ 153.070622919746882, -27.466498489508243 ], [ 153.069488899890274, -27.466326399392848 ], [ 153.068971519954573, -27.466256639340266 ], [ 153.068280060040479, -27.46616341927 ], [ 153.06661789025236, -27.465897459100773 ], [ 153.066734180322385, -27.465244429107305 ], [ 153.067040920283716, -27.465290419138505 ], [ 153.06708301030676, -27.465072439141014 ], [ 153.067131730300702, -27.46507886914597 ], [ 153.067173020323111, -27.464866459148439 ], [ 153.067289710390185, -27.464236769155193 ], [ 153.067300800400602, -27.464144549155581 ], [ 153.067814940335808, -27.464221489207887 ] ] ] ] } },
{ "type": "Feature", "properties": { "sa1_2021": "30502111732", "sa2_2021": "305021117", "sa2_2021_name": "Morningside - Seven Hills", "sa1_2021_short": 3111732 }, "geometry": { "type": "MultiPolygon", "coordinates": [ [ [ [ 153.064464060396944, -27.466581458889635 ], [ 153.064443870434275, -27.46630345888541 ], [ 153.064409020471686, -27.466036448879791 ], [ 153.064401020480545, -27.465973418878495 ], [ 153.064314990539913, -27.465576428866704 ], [ 153.066566390258828, -27.465890279095543 ], [ 153.06661789025236, -27.465897459100773 ], [ 153.068280060040479, -27.46616341927 ], [ 153.068215019992607, -27.466597449266889 ], [ 153.068188259972544, -27.466778989265642 ], [ 153.068142859938945, -27.467083499263481 ], [ 153.068489209828357, -27.467664429302904 ], [ 153.06834915973559, -27.468517469295559 ], [ 153.067756249818842, -27.468361879234717 ], [ 153.066374940012793, -27.467999409092965 ], [ 153.064435950289408, -27.467456458893729 ], [ 153.064434170320141, -27.467214438891641 ], [ 153.064464060396944, -27.466581458889635 ] ] ] ] } },
{ "type": "Feature", "properties": { "sa1_2021": "30502111733", "sa2_2021": "305021117", "sa2_2021_name": "Morningside - Seven Hills", "sa1_2021_short": 3111733 }, "geometry": { "type": "MultiPolygon", "coordinates": [ [ [ [ 153.068188259972544, -27.466778989265642 ], [ 153.068215019992607, -27.466597449266889 ], [ 153.068280060040479, -27.46616341927 ], [ 153.068971519954573, -27.466256639340266 ], [ 153.069488899890274, -27.466326399392848 ], [ 153.070622919746882, -27.466498489508243 ], [ 153.07053221969926, -27.466952439502709 ], [ 153.070427099639176, -27.467517209496599 ], [ 153.070352199596329, -27.467919399492249 ], [ 153.070208059498924, -27.468812449484819 ], [ 153.069658559568893, -27.468725259428876 ], [ 153.069261839619372, -27.468662309388485 ], [ 153.06834915973559, -27.468517469295559 ], [ 153.068489209828357, -27.467664429302904 ], [ 153.068142859938945, -27.467083499263481 ], [ 153.068188259972544, -27.466778989265642 ] ] ] ] } },
{ "type": "Feature", "properties": { "sa1_2021": "30502111734", "sa2_2021": "305021117", "sa2_2021_name": "Morningside - Seven Hills", "sa1_2021_short": 3111734 }, "geometry": { "type": "MultiPolygon", "coordinates": [ [ [ [ 153.069721118554895, -27.476694409498172 ], [ 153.069873028652182, -27.47579549950634 ], [ 153.070049068748119, -27.474887479516862 ], [ 153.071103148614299, -27.475051459624162 ], [ 153.072098908488272, -27.475203459725499 ], [ 153.072228958472408, -27.475218499738698 ], [ 153.074122798233333, -27.475502029931402 ], [ 153.074452028196703, -27.47551244996459 ], [ 153.075063988119211, -27.475606210026875 ], [ 153.075050008108889, -27.475699610026219 ], [ 153.074753697955032, -27.47716820000802 ], [ 153.076607497718527, -27.477465660196835 ], [ 153.076577817703082, -27.477613090195018 ], [ 153.076393827596036, -27.478615530184435 ], [ 153.076860007536823, -27.478688310231895 ], [ 153.07683262752181, -27.478830110230266 ], [ 153.076368897581546, -27.478751390183 ], [ 153.076261217518919, -27.479338080176802 ], [ 153.075015257678558, -27.479132900049866 ], [ 153.074752967689705, -27.479267490024547 ], [ 153.074889657648214, -27.479479240039979 ], [ 153.074853997640531, -27.479570440037101 ], [ 153.074501887685045, -27.479517090001274 ], [ 153.073178177852498, -27.479316469866557 ], [ 153.072031927999859, -27.479123429749755 ], [ 153.071520058067961, -27.479019479697463 ], [ 153.071063188140357, -27.478834439650054 ], [ 153.071034018145923, -27.478815439646969 ], [ 153.070923028166533, -27.47874644963526 ], [ 153.070634058211823, -27.478633449605308 ], [ 153.069856088354186, -27.478167439523396 ], [ 153.069456128431511, -27.477895449481025 ], [ 153.069493978448946, -27.47772545948348 ], [ 153.069609168493571, -27.477274459491504 ], [ 153.069721118554895, -27.476694409498172 ] ] ] ] } },
{ "type": "Feature", "properties": { "sa1_2021": "30502111735", "sa2_2021": "305021117", "sa2_2021_name": "Morningside - Seven Hills", "sa1_2021_short": 3111735 }, "geometry": { "type": "MultiPolygon", "coordinates": [ [ [ [ 153.077220037671424, -27.477318460257283 ], [ 153.077232847668739, -27.477328630258651 ], [ 153.077380057639687, -27.477433450274283 ], [ 153.077738447579009, -27.477609090311724 ], [ 153.077968037538795, -27.47773245033579 ], [ 153.078108047507953, -27.477857450350868 ], [ 153.078563017413273, -27.4782204403995 ], [ 153.078667007379693, -27.478397450411361 ], [ 153.07875402735192, -27.47854345042127 ], [ 153.079211007256703, -27.478908460470123 ], [ 153.079682037196278, -27.478986450518114 ], [ 153.07944580706706, -27.48020901050403 ], [ 153.079430847057409, -27.480297860503228 ], [ 153.079365177065654, -27.480288460496539 ], [ 153.078988937112882, -27.480234460458266 ], [ 153.078545067168079, -27.480174450413148 ], [ 153.077881967253148, -27.480064470345575 ], [ 153.076237097463405, -27.479797440178011 ], [ 153.074853997640531, -27.479570440037101 ], [ 153.074889657648214, -27.479479240039979 ], [ 153.074752967689705, -27.479267490024547 ], [ 153.075015257678558, -27.479132900049866 ], [ 153.076261217518919, -27.479338080176802 ], [ 153.076368897581546, -27.478751390183 ], [ 153.07683262752181, -27.478830110230266 ], [ 153.076860007536823, -27.478688310231895 ], [ 153.076393827596036, -27.478615530184435 ], [ 153.076577817703082, -27.477613090195018 ], [ 153.076607497718527, -27.477465660196835 ], [ 153.074753697955032, -27.47716820000802 ], [ 153.075050008108889, -27.475699610026219 ], [ 153.075063988119211, -27.475606210026875 ], [ 153.075445048070975, -27.475664450065668 ], [ 153.075498038053496, -27.475757440071739 ], [ 153.075778037976221, -27.476131460102852 ], [ 153.076423027824433, -27.4767844501729 ], [ 153.076437037806244, -27.476916450175345 ], [ 153.076547017792052, -27.476935450186559 ], [ 153.07666202776835, -27.477025450198838 ], [ 153.076836057727235, -27.477202440217745 ], [ 153.076908037732835, -27.477097460224151 ], [ 153.077251937678739, -27.477233410259821 ], [ 153.077268037675736, -27.477243460261516 ], [ 153.077220037671424, -27.477318460257283 ] ] ] ] } },
{ "type": "Feature", "properties": { "sa1_2021": "30502111801", "sa2_2021": "305021118", "sa2_2021_name": "Norman Park", "sa1_2021_short": 3111801 }, "geometry": { "type": "MultiPolygon", "coordinates": [ [ [ [ 153.063282258689526, -27.481096028885581 ], [ 153.063332918690207, -27.481047448890294 ], [ 153.063566198709509, -27.480696448910965 ], [ 153.063652958716119, -27.48057043891869 ], [ 153.06366419871992, -27.480531048919524 ], [ 153.063812098769461, -27.480013428930295 ], [ 153.063825048811964, -27.479666478928845 ], [ 153.063814688823783, -27.47958159892714 ], [ 153.063764898880663, -27.479173468918912 ], [ 153.063764898933755, -27.478753428915578 ], [ 153.063787928952337, -27.478587278916581 ], [ 153.063817098975846, -27.478376418917851 ], [ 153.063962178999162, -27.478068448930003 ], [ 153.064262069006048, -27.477759478957701 ], [ 153.064596149003791, -27.477493428989195 ], [ 153.065251288995853, -27.477000219051156 ], [ 153.065550149000018, -27.476713489078946 ], [ 153.065767949021279, -27.476360419098047 ], [ 153.065844959043034, -27.476122949103907 ], [ 153.065896099036706, -27.476129479109108 ], [ 153.06611717901049, -27.476149459131491 ], [ 153.066235038998059, -27.476147439143325 ], [ 153.066368078954724, -27.476377429158518 ], [ 153.066415928937715, -27.476471489164066 ], [ 153.06645195892321, -27.476555439168358 ], [ 153.066462028913691, -27.476622449169898 ], [ 153.066275038872192, -27.477109439154951 ], [ 153.066226018862295, -27.477229449150975 ], [ 153.066058008827213, -27.477649459137396 ], [ 153.066017058819625, -27.477744439134035 ], [ 153.065089008903414, -27.477869439041715 ], [ 153.064761018931165, -27.477928489009201 ], [ 153.064649078938231, -27.47796744899826 ], [ 153.06461093893904, -27.477993468994622 ], [ 153.06457205893804, -27.478034418991047 ], [ 153.064525958935889, -27.478090498986852 ], [ 153.064502928933308, -27.478130458984861 ], [ 153.064475918928622, -27.478190468982607 ], [ 153.064437048912936, -27.478347438979952 ], [ 153.064192938792019, -27.479511408964608 ], [ 153.064479388664296, -27.480278768999479 ], [ 153.064548988633533, -27.480463439007927 ], [ 153.064930968477, -27.481377469053552 ], [ 153.064943188471858, -27.481407439055019 ], [ 153.064982068419397, -27.48178949906195 ], [ 153.064869028371021, -27.482268459054378 ], [ 153.063996058482275, -27.48212945896552 ], [ 153.06241596868233, -27.481888488804763 ], [ 153.062409878690573, -27.481828368803672 ], [ 153.06210257872911, -27.481784298772428 ], [ 153.06237818870747, -27.481721458799644 ], [ 153.062922148684493, -27.481441458852121 ], [ 153.063282258689526, -27.481096028885581 ] ] ] ] } },
{ "type": "Feature", "properties": { "sa1_2021": "30502111802", "sa2_2021": "305021118", "sa2_2021_name": "Norman Park", "sa1_2021_short": 3111802 }, "geometry": { "type": "MultiPolygon", "coordinates": [ [ [ [ 153.060288058472935, -27.485352408618233 ], [ 153.059748038629749, -27.484570488557765 ], [ 153.059227108782949, -27.483800448499323 ], [ 153.059061878832921, -27.48354547848071 ], [ 153.059007748855009, -27.483416808474242 ], [ 153.059295878861121, -27.483123478500882 ], [ 153.059760998856461, -27.482765448544807 ], [ 153.060138988844955, -27.482535488580979 ], [ 153.060929908810095, -27.482139408657353 ], [ 153.061649398761972, -27.481909418727859 ], [ 153.061887158746003, -27.481833418751158 ], [ 153.06210257872911, -27.481784298772428 ], [ 153.062409878690573, -27.481828368803672 ], [ 153.06241596868233, -27.481888488804763 ], [ 153.063996058482275, -27.48212945896552 ], [ 153.064869028371021, -27.482268459054378 ], [ 153.064375108308752, -27.483180439011932 ], [ 153.063948858254918, -27.483968478975303 ], [ 153.063894148245112, -27.484092418970786 ], [ 153.063852058233607, -27.48421948896755 ], [ 153.063737198218348, -27.484437478957734 ], [ 153.063673098161786, -27.484939488955259 ], [ 153.063597178055431, -27.48584543895479 ], [ 153.063505017957226, -27.486700438952283 ], [ 153.061903658160759, -27.486450318789323 ], [ 153.060829098297319, -27.48628245867997 ], [ 153.060774018325219, -27.486108418673066 ], [ 153.060288058472935, -27.485352408618233 ] ] ] ] } },
{ "type": "Feature", "properties": { "sa1_2021": "30502111803", "sa2_2021": "305021118", "sa2_2021_name": "Norman Park", "sa1_2021_short": 3111803 }, "geometry": { "type": "MultiPolygon", "coordinates": [ [ [ [ 153.072082407205357, -27.485364719804171 ], [ 153.070757897374989, -27.485147489669259 ], [ 153.069974207475667, -27.485016439589405 ], [ 153.070162107568279, -27.484124459601258 ], [ 153.070352197660895, -27.483230479613304 ], [ 153.070558127753827, -27.482320489626822 ], [ 153.070600947772277, -27.482138429629682 ], [ 153.070627737768859, -27.482142889632414 ], [ 153.07064700774913, -27.482282449635449 ], [ 153.070619017734174, -27.482424459633766 ], [ 153.07057900771369, -27.482620449631295 ], [ 153.070980037662167, -27.482687449672145 ], [ 153.070962037652833, -27.482776459671044 ], [ 153.071363027601478, -27.482842449711875 ], [ 153.071563997575566, -27.482876449732366 ], [ 153.071865047537131, -27.482925449763027 ], [ 153.072367037472617, -27.483009439814175 ], [ 153.073036047386893, -27.483119449882331 ], [ 153.073170037369607, -27.483142459895991 ], [ 153.073470027331183, -27.483191449926544 ], [ 153.073972017266726, -27.483275459977691 ], [ 153.074273027228202, -27.48332444000836 ], [ 153.074317307221264, -27.483341690012931 ], [ 153.074199887167651, -27.483865440005282 ], [ 153.075000147139946, -27.483405440082116 ], [ 153.075591997005063, -27.483969470146111 ], [ 153.076072956951435, -27.483985490194616 ], [ 153.076364186905039, -27.484105460224857 ], [ 153.076454926862766, -27.484362410236017 ], [ 153.076454926835453, -27.48457841023771 ], [ 153.076404886820484, -27.484739420233961 ], [ 153.076543106785039, -27.484902400249148 ], [ 153.076817076721341, -27.485173480278856 ], [ 153.076991296679893, -27.485353340297795 ], [ 153.077158866642264, -27.485508630315888 ], [ 153.077394906585084, -27.485760630341613 ], [ 153.078406106353725, -27.486731480451006 ], [ 153.078532136334701, -27.486775290464021 ], [ 153.07849501631955, -27.486926450461485 ], [ 153.078343106275668, -27.487402440449969 ], [ 153.076083316566468, -27.487021020219657 ], [ 153.075585896630344, -27.486938230168963 ], [ 153.073637196880469, -27.48661447997042 ], [ 153.07384995697825, -27.485660479984269 ], [ 153.072082407205357, -27.485364719804171 ] ] ] ] } },
{ "type": "Feature", "properties": { "sa1_2021": "30502111804", "sa2_2021": "305021118", "sa2_2021_name": "Norman Park", "sa1_2021_short": 3111804 }, "geometry": { "type": "MultiPolygon", "coordinates": [ [ [ [ 153.067378947569807, -27.486475439339994 ], [ 153.067452057622376, -27.485997439343556 ], [ 153.067494137672725, -27.485563459344359 ], [ 153.067625907762221, -27.484743469351123 ], [ 153.06761404777842, -27.484625479349006 ], [ 153.069150877581365, -27.484879459505535 ], [ 153.069974207475667, -27.485016439589405 ], [ 153.070757897374989, -27.485147489669259 ], [ 153.072082407205357, -27.485364719804171 ], [ 153.07384995697825, -27.485660479984269 ], [ 153.073637196880469, -27.48661447997042 ], [ 153.073190506940108, -27.486521929924763 ], [ 153.071797967126031, -27.486233419782437 ], [ 153.071697877077384, -27.48670348977609 ], [ 153.071598167029009, -27.487170409769739 ], [ 153.071413106936603, -27.488058449758153 ], [ 153.069396047194687, -27.487729499552721 ], [ 153.068514027307742, -27.487584399462882 ], [ 153.066924997511194, -27.487324499301053 ], [ 153.067105017602756, -27.486447449312227 ], [ 153.067378947569807, -27.486475439339994 ] ] ] ] } },
{ "type": "Feature", "properties": { "sa1_2021": "30502111805", "sa2_2021": "305021118", "sa2_2021_name": "Norman Park", "sa1_2021_short": 3111805 }, "geometry": { "type": "MultiPolygon", "coordinates": [ [ [ [ 153.063673098161786, -27.484939488955259 ], [ 153.063737198218348, -27.484437478957734 ], [ 153.063852058233607, -27.48421948896755 ], [ 153.063894148245112, -27.484092418970786 ], [ 153.064020878229741, -27.48410645898365 ], [ 153.06435893819355, -27.484105459017613 ], [ 153.065865218001477, -27.484346109170957 ], [ 153.06761404777842, -27.484625479349006 ], [ 153.067625907762221, -27.484743469351123 ], [ 153.067494137672725, -27.485563459344359 ], [ 153.067452057622376, -27.485997439343556 ], [ 153.067378947569807, -27.486475439339994 ], [ 153.067105017602756, -27.486447449312227 ], [ 153.066924997511194, -27.487324499301053 ], [ 153.066225877601056, -27.487207479229834 ], [ 153.06525997772485, -27.487048459131465 ], [ 153.063505017957226, -27.486700438952283 ], [ 153.063597178055431, -27.48584543895479 ], [ 153.063673098161786, -27.484939488955259 ] ] ] ] } },
{ "type": "Feature", "properties": { "sa1_2021": "30502111806", "sa2_2021": "305021118", "sa2_2021_name": "Norman Park", "sa1_2021_short": 3111806 }, "geometry": { "type": "MultiPolygon", "coordinates": [ [ [ [ 153.064869028371021, -27.482268459054378 ], [ 153.064982068419397, -27.48178949906195 ], [ 153.064943188471858, -27.481407439055019 ], [ 153.064930968477, -27.481377469053552 ], [ 153.065105908454655, -27.481405459071365 ], [ 153.06704307820533, -27.481733429268722 ], [ 153.067981968085178, -27.481886419364344 ], [ 153.070558127753827, -27.482320489626822 ], [ 153.070352197660895, -27.483230479613304 ], [ 153.070162107568279, -27.484124459601258 ], [ 153.069974207475667, -27.485016439589405 ], [ 153.069150877581365, -27.484879459505535 ], [ 153.06761404777842, -27.484625479349006 ], [ 153.065865218001477, -27.484346109170957 ], [ 153.06435893819355, -27.484105459017613 ], [ 153.064020878229741, -27.48410645898365 ], [ 153.063894148245112, -27.484092418970786 ], [ 153.063948858254918, -27.483968478975303 ], [ 153.064375108308752, -27.483180439011932 ], [ 153.064869028371021, -27.482268459054378 ] ] ] ] } },
{ "type": "Feature", "properties": { "sa1_2021": "30502111807", "sa2_2021": "305021118", "sa2_2021_name": "Norman Park", "sa1_2021_short": 3111807 }, "geometry": { "type": "MultiPolygon", "coordinates": [ [ [ [ 153.064479388664296, -27.480278768999479 ], [ 153.064192938792019, -27.479511408964608 ], [ 153.064437048912936, -27.478347438979952 ], [ 153.064475918928622, -27.478190468982607 ], [ 153.064502928933308, -27.478130458984861 ], [ 153.064525958935889, -27.478090498986852 ], [ 153.06457205893804, -27.478034418991047 ], [ 153.06461093893904, -27.477993468994622 ], [ 153.064649078938231, -27.47796744899826 ], [ 153.064761018931165, -27.477928489009201 ], [ 153.065089008903414, -27.477869439041715 ], [ 153.066017058819625, -27.477744439134035 ], [ 153.065844998793068, -27.478100489119551 ], [ 153.066735968678387, -27.478251409210319 ], [ 153.067313428389042, -27.480050259282596 ], [ 153.067418188336575, -27.480376489295722 ], [ 153.067524038306999, -27.480520489307501 ], [ 153.067711028269628, -27.480657449327381 ], [ 153.068805038094183, -27.481116449441014 ], [ 153.07005194790554, -27.481550439569837 ], [ 153.070600947772277, -27.482138429629682 ], [ 153.070558127753827, -27.482320489626822 ], [ 153.067981968085178, -27.481886419364344 ], [ 153.06704307820533, -27.481733429268722 ], [ 153.065105908454655, -27.481405459071365 ], [ 153.064930968477, -27.481377469053552 ], [ 153.064548988633533, -27.480463439007927 ], [ 153.064479388664296, -27.480278768999479 ] ] ] ] } },
{ "type": "Feature", "properties": { "sa1_2021": "30502111808", "sa2_2021": "305021118", "sa2_2021_name": "Norman Park", "sa1_2021_short": 3111808 }, "geometry": { "type": "MultiPolygon", "coordinates": [ [ [ [ 153.058448089411229, -27.479490448386947 ], [ 153.059102649411471, -27.478932408448326 ], [ 153.059246929411557, -27.478809408461856 ], [ 153.0595550993431, -27.479089498495043 ], [ 153.061416269061141, -27.479740068687274 ], [ 153.061518029045715, -27.479775628697784 ], [ 153.063319968772731, -27.480405478883917 ], [ 153.06366419871992, -27.480531048919524 ], [ 153.063652958716119, -27.48057043891869 ], [ 153.063566198709509, -27.480696448910965 ], [ 153.063332918690207, -27.481047448890294 ], [ 153.063282258689526, -27.481096028885581 ], [ 153.062922148684493, -27.481441458852121 ], [ 153.06237818870747, -27.481721458799644 ], [ 153.06210257872911, -27.481784298772428 ], [ 153.061887158746003, -27.481833418751158 ], [ 153.061649398761972, -27.481909418727859 ], [ 153.060929908810095, -27.482139408657353 ], [ 153.060138988844955, -27.482535488580979 ], [ 153.059760998856461, -27.482765448544807 ], [ 153.059295878861121, -27.483123478500882 ], [ 153.059007748855009, -27.483416808474242 ], [ 153.058899418892906, -27.483208948461709 ], [ 153.057845399191791, -27.481738938344158 ], [ 153.057712429237, -27.48149393832885 ], [ 153.057161029382797, -27.480808438268006 ], [ 153.057259029391247, -27.480658448276671 ], [ 153.057292029415635, -27.480437448278234 ], [ 153.057273049450771, -27.480175448274267 ], [ 153.057257019464487, -27.480080448271895 ], [ 153.057216039493653, -27.479884438266239 ], [ 153.057103029527894, -27.47970944825348 ], [ 153.056937029558327, -27.479609458236016 ], [ 153.056836439575676, -27.479557948225505 ], [ 153.05699509957978, -27.479390458240115 ], [ 153.057085109565406, -27.479427968249468 ], [ 153.057125079555334, -27.47947342825384 ], [ 153.057247129534176, -27.479537418266613 ], [ 153.05733045951726, -27.479600598275482 ], [ 153.057607459516987, -27.479367238301482 ], [ 153.057885039453652, -27.479633008331497 ], [ 153.057972019433493, -27.479718658340907 ], [ 153.058359139431786, -27.479403408377316 ], [ 153.058448089411229, -27.479490448386947 ] ] ] ] } },
{ "type": "Feature", "properties": { "sa1_2021": "30502111809", "sa2_2021": "305021118", "sa2_2021_name": "Norman Park", "sa1_2021_short": 3111809 }, "geometry": { "type": "MultiPolygon", "coordinates": [ [ [ [ 153.062364139330754, -27.476801418759329 ], [ 153.062466009335679, -27.476676408768586 ], [ 153.062553869334181, -27.476613398776919 ], [ 153.063396029279062, -27.476334458859377 ], [ 153.063721139288333, -27.475984978889297 ], [ 153.064045839298075, -27.475632048919145 ], [ 153.064446029222495, -27.475890438961432 ], [ 153.064694049191218, -27.475927418986661 ], [ 153.065514159086547, -27.476059459070154 ], [ 153.065559899079147, -27.476079439074901 ], [ 153.065653119066724, -27.476098439084435 ], [ 153.065844959043034, -27.476122949103907 ], [ 153.065767949021279, -27.476360419098047 ], [ 153.065550149000018, -27.476713489078946 ], [ 153.065251288995853, -27.477000219051156 ], [ 153.064596149003791, -27.477493428989195 ], [ 153.064262069006048, -27.477759478957701 ], [ 153.063962178999162, -27.478068448930003 ], [ 153.063817098975846, -27.478376418917851 ], [ 153.063787928952337, -27.478587278916581 ], [ 153.063764898933755, -27.478753428915578 ], [ 153.063764898880663, -27.479173468918912 ], [ 153.063814688823783, -27.47958159892714 ], [ 153.063825048811964, -27.479666478928845 ], [ 153.063812098769461, -27.480013428930295 ], [ 153.06366419871992, -27.480531048919524 ], [ 153.063319968772731, -27.480405478883917 ], [ 153.061518029045715, -27.479775628697784 ], [ 153.061416269061141, -27.479740068687274 ], [ 153.0595550993431, -27.479089498495043 ], [ 153.059246929411557, -27.478809408461856 ], [ 153.059961159409198, -27.478221438529001 ], [ 153.060385949416798, -27.477800418568375 ], [ 153.061521029485391, -27.476293458670561 ], [ 153.062364139330754, -27.476801418759329 ] ] ] ] } },
{ "type": "Feature", "properties": { "sa1_2021": "30502111810", "sa2_2021": "305021118", "sa2_2021_name": "Norman Park", "sa1_2021_short": 3111810 }, "geometry": { "type": "MultiPolygon", "coordinates": [ [ [ [ 153.061913399691008, -27.474333648694511 ], [ 153.060992209860586, -27.473773468597475 ], [ 153.059169150199466, -27.472639448405264 ], [ 153.059358880190018, -27.472553428423648 ], [ 153.060972030005559, -27.47264340858651 ], [ 153.061895079937841, -27.472395478677345 ], [ 153.062444439901896, -27.472213578731125 ], [ 153.062687789885985, -27.47213301875496 ], [ 153.063513999831912, -27.471859438835853 ], [ 153.064127089701572, -27.472370448901536 ], [ 153.064206989663887, -27.472600488911382 ], [ 153.064425879560474, -27.473233448938387 ], [ 153.06447412954617, -27.473305448943808 ], [ 153.064622069503912, -27.47351444896033 ], [ 153.06485493940707, -27.474082858988243 ], [ 153.064965019393298, -27.474098458999439 ], [ 153.066062029253999, -27.47426944911108 ], [ 153.066324029220823, -27.474309449137738 ], [ 153.066564009190273, -27.474347449162167 ], [ 153.066972889126703, -27.474503459204502 ], [ 153.066684129124411, -27.474766439177557 ], [ 153.06652612911472, -27.474977479163332 ], [ 153.06637304910106, -27.475215449149818 ], [ 153.066223029040202, -27.475824449139562 ], [ 153.066210039020859, -27.475988449139553 ], [ 153.066212039017842, -27.476010449139931 ], [ 153.066235038998059, -27.476147439143325 ], [ 153.06611717901049, -27.476149459131491 ], [ 153.065896099036706, -27.476129479109108 ], [ 153.065844959043034, -27.476122949103907 ], [ 153.065653119066724, -27.476098439084435 ], [ 153.065559899079147, -27.476079439074901 ], [ 153.065514159086547, -27.476059459070154 ], [ 153.064694049191218, -27.475927418986661 ], [ 153.064446029222495, -27.475890438961432 ], [ 153.064045839298075, -27.475632048919145 ], [ 153.063175939458517, -27.475101418827506 ], [ 153.062672049551281, -27.474794978774423 ], [ 153.061913399691008, -27.474333648694511 ] ] ] ] } },
{ "type": "Feature", "properties": { "sa1_2021": "30502111811", "sa2_2021": "305021118", "sa2_2021_name": "Norman Park", "sa1_2021_short": 3111811 }, "geometry": { "type": "MultiPolygon", "coordinates": [ [ [ [ 153.058668150010845, -27.474557808370072 ], [ 153.057986180136396, -27.47414344829825 ], [ 153.056941120322051, -27.473561418188613 ], [ 153.057063140319286, -27.473479428200221 ], [ 153.057334950306455, -27.473350468226521 ], [ 153.057494060294289, -27.473311478242206 ], [ 153.05763516028523, -27.473263418256018 ], [ 153.057945160264097, -27.473167478286417 ], [ 153.058151090251584, -27.473091448306494 ], [ 153.059169150199466, -27.472639448405264 ], [ 153.060992209860586, -27.473773468597475 ], [ 153.061913399691008, -27.474333648694511 ], [ 153.062672049551281, -27.474794978774423 ], [ 153.063175939458517, -27.475101418827506 ], [ 153.064045839298075, -27.475632048919145 ], [ 153.063721139288333, -27.475984978889297 ], [ 153.063396029279062, -27.476334458859377 ], [ 153.062553869334181, -27.476613398776919 ], [ 153.062466009335679, -27.476676408768586 ], [ 153.062364139330754, -27.476801418759329 ], [ 153.061521029485391, -27.476293458670561 ], [ 153.060689079638507, -27.475788468582941 ], [ 153.059847029793559, -27.475276458494253 ], [ 153.058999939949786, -27.474759408405014 ], [ 153.058668150010845, -27.474557808370072 ] ] ] ] } },
{ "type": "Feature", "properties": { "sa1_2021": "30502111812", "sa2_2021": "305021118", "sa2_2021_name": "Norman Park", "sa1_2021_short": 3111812 }, "geometry": { "type": "MultiPolygon", "coordinates": [ [ [ [ 153.057849049881241, -27.476279458301352 ], [ 153.058999939949786, -27.474759408405014 ], [ 153.059847029793559, -27.475276458494253 ], [ 153.060689079638507, -27.475788468582941 ], [ 153.061521029485391, -27.476293458670561 ], [ 153.060385949416798, -27.477800418568375 ], [ 153.059961159409198, -27.478221438529001 ], [ 153.059246929411557, -27.478809408461856 ], [ 153.059102649411471, -27.478932408448326 ], [ 153.058448089411229, -27.479490448386947 ], [ 153.058359139431786, -27.479403408377316 ], [ 153.057972019433493, -27.479718658340907 ], [ 153.057885039453652, -27.479633008331497 ], [ 153.057607459516987, -27.479367238301482 ], [ 153.05733045951726, -27.479600598275482 ], [ 153.057247129534176, -27.479537418266613 ], [ 153.057125079555334, -27.47947342825384 ], [ 153.057085109565406, -27.479427968249468 ], [ 153.05699509957978, -27.479390458240115 ], [ 153.056836439575676, -27.479557948225505 ], [ 153.056696019593176, -27.479538458211234 ], [ 153.05665203959768, -27.479540448206826 ], [ 153.056548049608807, -27.479540448196374 ], [ 153.05644602961749, -27.479558448186264 ], [ 153.056250029626398, -27.47965444816732 ], [ 153.055948029636795, -27.479828438138345 ], [ 153.055841039641223, -27.479884438128039 ], [ 153.055740049644101, -27.479947448118384 ], [ 153.055524039657541, -27.480024448097279 ], [ 153.054956029694523, -27.4802144480417 ], [ 153.054538029711864, -27.480432448001416 ], [ 153.054246029714989, -27.480655447973827 ], [ 153.05413601970676, -27.480814457964037 ], [ 153.053908039696466, -27.481089457943298 ], [ 153.053867009693164, -27.481150447939662 ], [ 153.053651039689299, -27.481364437919641 ], [ 153.053399049695372, -27.481530437895639 ], [ 153.053263049696824, -27.481634447882794 ], [ 153.053094019705611, -27.481708447866392 ], [ 153.052928019728085, -27.481671447849401 ], [ 153.052839029748412, -27.481586437839805 ], [ 153.052768039781427, -27.481385457831074 ], [ 153.052770039810895, -27.481150447829421 ], [ 153.052785039839335, -27.480912447829049 ], [ 153.052806029869572, -27.480655447829118 ], [ 153.052800049894586, -27.480462457826999 ], [ 153.052868049933807, -27.480094447830922 ], [ 153.052957029952665, -27.479869457838085 ], [ 153.053083029966558, -27.47965244784903 ], [ 153.053151029971389, -27.479556457855104 ], [ 153.053254029976728, -27.479426457864424 ], [ 153.053450039977065, -27.479257457882795 ], [ 153.053637029978091, -27.479090437900254 ], [ 153.053859019976613, -27.478913447921165 ], [ 153.054122039976335, -27.478692447945857 ], [ 153.054265049981666, -27.478528447958933 ], [ 153.054374039992325, -27.478351457968483 ], [ 153.054425030006598, -27.478195447972368 ], [ 153.054404040032608, -27.478007447968771 ], [ 153.054303040068589, -27.477808447957049 ], [ 153.054137040109509, -27.47762544793893 ], [ 153.054299100108409, -27.477496477954197 ], [ 153.054647160107805, -27.477205437986871 ], [ 153.054789730075441, -27.477340768002271 ], [ 153.054877590072891, -27.477286248010671 ], [ 153.055147620072574, -27.477059618036016 ], [ 153.055246490080179, -27.476915058044806 ], [ 153.056168919946174, -27.477192468139712 ], [ 153.057450879858862, -27.476794498265402 ], [ 153.057849049881241, -27.476279458301352 ] ] ] ] } },
{ "type": "Feature", "properties": { "sa1_2021": "30502111813", "sa2_2021": "305021118", "sa2_2021_name": "Norman Park", "sa1_2021_short": 3111813 }, "geometry": { "type": "MultiPolygon", "coordinates": [ [ [ [ 153.056317330534341, -27.472410788116814 ], [ 153.056275720543852, -27.472370798112323 ], [ 153.056313030547273, -27.4723120381156 ], [ 153.056345220546717, -27.472289228118665 ], [ 153.056383840544697, -27.472272158122404 ], [ 153.056403250546254, -27.47224354812413 ], [ 153.056409750550614, -27.472203458124461 ], [ 153.056429130551408, -27.472180598126236 ], [ 153.056454940551532, -27.472157748128645 ], [ 153.056467820552314, -27.472140578129807 ], [ 153.056519430552555, -27.472094888134638 ], [ 153.056525930556944, -27.472054798134966 ], [ 153.056546110559253, -27.472019168136715 ], [ 153.056558230559972, -27.472003308137804 ], [ 153.056595720557596, -27.471990328141484 ], [ 153.056622650557358, -27.471969138144015 ], [ 153.056629410557974, -27.471958668144598 ], [ 153.056655720552982, -27.471975708147383 ], [ 153.056735800558613, -27.471863268154554 ], [ 153.056849650568182, -27.471690888164627 ], [ 153.05694086057639, -27.47154824817267 ], [ 153.056865340588331, -27.47151797816483 ], [ 153.056895930592674, -27.471457578167431 ], [ 153.056907900595689, -27.47142349816837 ], [ 153.056928630597554, -27.471391328170203 ], [ 153.056939330599022, -27.471370448171115 ], [ 153.056950530602847, -27.471330688171921 ], [ 153.05697535060699, -27.471276838173985 ], [ 153.057035910615639, -27.471157048179123 ], [ 153.057056130617156, -27.47112792818093 ], [ 153.057082340620923, -27.471075928183144 ], [ 153.057095040625256, -27.471030598184075 ], [ 153.057112850628613, -27.47098886818554 ], [ 153.057140330631256, -27.470944778187945 ], [ 153.057153660634782, -27.470905668188976 ], [ 153.057171540641008, -27.470841028190257 ], [ 153.05719235064592, -27.470784438191913 ], [ 153.057217420649778, -27.470732588194018 ], [ 153.05723764065192, -27.470698598195778 ], [ 153.057246440656627, -27.470653518196308 ], [ 153.057246910657653, -27.470645148196283 ], [ 153.057270020659274, -27.470612718198353 ], [ 153.057283010663667, -27.470566918199307 ], [ 153.057302430665942, -27.470532578200981 ], [ 153.057302650671687, -27.470486758200636 ], [ 153.057297760674714, -27.470467178199996 ], [ 153.057326810679797, -27.470402178202402 ], [ 153.057344840702115, -27.470210218202684 ], [ 153.057362360713768, -27.470102968203602 ], [ 153.057356380720222, -27.470056978202642 ], [ 153.057362360723886, -27.470022978202973 ], [ 153.05737536072678, -27.469988978204011 ], [ 153.057388350728274, -27.469965978205131 ], [ 153.057395360731221, -27.469936968205612 ], [ 153.057408350741412, -27.469844968206193 ], [ 153.057408350747096, -27.469799978205831 ], [ 153.057412110749027, -27.469781758206064 ], [ 153.057623340722444, -27.469812838227543 ], [ 153.057725720711204, -27.469814708237852 ], [ 153.057721120706617, -27.4698548182377 ], [ 153.057903800635273, -27.470264678259305 ], [ 153.057905230630865, -27.470298428259714 ], [ 153.057895340620036, -27.470392348259459 ], [ 153.058218220579192, -27.470441428292297 ], [ 153.058228140550739, -27.470658418295017 ], [ 153.058246320541258, -27.470717558297316 ], [ 153.058330120530684, -27.470730458305841 ], [ 153.058344620505125, -27.470920508308797 ], [ 153.058099630536134, -27.470882818283883 ], [ 153.05831093048144, -27.471136458307111 ], [ 153.058103170421617, -27.471786438291371 ], [ 153.057638050413402, -27.472246418248258 ], [ 153.05763516028523, -27.473263418256018 ], [ 153.057494060294289, -27.473311478242206 ], [ 153.057334950306455, -27.473350468226521 ], [ 153.057063140319286, -27.473479428200221 ], [ 153.056941120322051, -27.473561418188613 ], [ 153.056541150338802, -27.473768418150051 ], [ 153.055599160375522, -27.474277938059409 ], [ 153.055330120386003, -27.474423448033509 ], [ 153.054836420401159, -27.474722937986272 ], [ 153.054763130403387, -27.474767417979258 ], [ 153.054597160408036, -27.474871457963399 ], [ 153.054409950416499, -27.474963437945316 ], [ 153.053155010506458, -27.475317397821996 ], [ 153.051749980592973, -27.475826077684825 ], [ 153.050901020645256, -27.476133437601952 ], [ 153.050134010693085, -27.476406437527039 ], [ 153.050142520745027, -27.475988007524574 ], [ 153.050565520710336, -27.475903427566408 ], [ 153.050599240710454, -27.475873567569572 ], [ 153.050650740708534, -27.475845077574522 ], [ 153.050708630706623, -27.475810887580064 ], [ 153.050773060704074, -27.47577669758628 ], [ 153.050856710699378, -27.475742567594406 ], [ 153.050927520694671, -27.475719887601336 ], [ 153.051024030687159, -27.475697257610857 ], [ 153.051152620677669, -27.475663317623511 ], [ 153.05123635067298, -27.475629177631657 ], [ 153.051339240666209, -27.475595127641729 ], [ 153.051416440660034, -27.475578177649361 ], [ 153.051487250655356, -27.475555497656288 ], [ 153.051570840649248, -27.475532837664517 ], [ 153.051641650646701, -27.475492947671306 ], [ 153.051699640644074, -27.475464477676912 ], [ 153.051750630642147, -27.475436267681808 ], [ 153.051957150631523, -27.475344927701844 ], [ 153.052008620629607, -27.475316437706784 ], [ 153.052066650629854, -27.475265047712202 ], [ 153.052137430625152, -27.475242347719139 ], [ 153.052201740621825, -27.475213907725379 ], [ 153.052248970617683, -27.475206657730073 ], [ 153.052330440613048, -27.475174187737998 ], [ 153.05239482060901, -27.475151497744296 ], [ 153.052465520604983, -27.475123057751166 ], [ 153.052523450600916, -27.475106037756863 ], [ 153.052574910597542, -27.475089017761896 ], [ 153.052626530596342, -27.475054797766813 ], [ 153.05267153059367, -27.475037757771194 ], [ 153.052729420589628, -27.475020757776885 ], [ 153.052800230585575, -27.474992297783782 ], [ 153.052851730582944, -27.474969547788767 ], [ 153.052909660579616, -27.474946787794405 ], [ 153.05297404057626, -27.474918357800657 ], [ 153.053025510574372, -27.474889867805597 ], [ 153.05312201056978, -27.474844317814938 ], [ 153.053169940565454, -27.474837957819709 ], [ 153.053187350566731, -27.474812517821256 ], [ 153.053232430566993, -27.474772537825462 ], [ 153.053284040566496, -27.474732597830339 ], [ 153.053329150566697, -27.474692597834551 ], [ 153.053412840562771, -27.474652767842649 ], [ 153.053477340563035, -27.474595657848681 ], [ 153.053599720562204, -27.474498607860212 ], [ 153.053657830563168, -27.474441477865597 ], [ 153.053696410561912, -27.474418667869287 ], [ 153.053748060562128, -27.474372977874122 ], [ 153.053806020561666, -27.474327317879592 ], [ 153.053857630561879, -27.474281617884415 ], [ 153.053880150561241, -27.474267677886566 ], [ 153.053973520559566, -27.474201737895434 ], [ 153.05403163056053, -27.474144607900815 ], [ 153.054096050560105, -27.474093237906885 ], [ 153.054160440558974, -27.474047617912991 ], [ 153.054212050559215, -27.474001907917813 ], [ 153.054265520559881, -27.473951217922799 ], [ 153.054239240567284, -27.473915137919867 ], [ 153.054250560569159, -27.473890567920812 ], [ 153.054322830566576, -27.47384977792775 ], [ 153.054354140565835, -27.473828747930732 ], [ 153.054376520567246, -27.473798607932739 ], [ 153.054388530566371, -27.473795587933918 ], [ 153.054406560566719, -27.47377732793559 ], [ 153.05443112056571, -27.47376432793796 ], [ 153.054488860566153, -27.473712117943343 ], [ 153.054501640566656, -27.473697297944511 ], [ 153.054507550566512, -27.473693337945075 ], [ 153.054533030566574, -27.473671087947466 ], [ 153.054540950565638, -27.473671657948259 ], [ 153.054576060563932, -27.473655347951649 ], [ 153.054625850563667, -27.473615257956347 ], [ 153.054651440563134, -27.473597747958774 ], [ 153.054723010557694, -27.473580067965838 ], [ 153.054787110556816, -27.473532517971901 ], [ 153.054789150556957, -27.47352957797208 ], [ 153.054811820556722, -27.473512407974223 ], [ 153.054858720558343, -27.473459337978518 ], [ 153.054882920559606, -27.473428917980709 ], [ 153.054893830559763, -27.473418377981723 ], [ 153.054906020558207, -27.473420537982957 ], [ 153.054914750556236, -27.4734285879839 ], [ 153.054946720551555, -27.47343863798719 ], [ 153.054983260547971, -27.473435877990848 ], [ 153.054978840551229, -27.473414007990232 ], [ 153.055060240545259, -27.473392257998245 ], [ 153.055205030531397, -27.473378548012679 ], [ 153.055332930531904, -27.473266398024652 ], [ 153.05551295053283, -27.473106058041473 ], [ 153.055532730534253, -27.473077608043241 ], [ 153.055629530535498, -27.472985878052235 ], [ 153.055689820537566, -27.472918078057763 ], [ 153.055727460538378, -27.472879708061239 ], [ 153.055772420540364, -27.472825768065338 ], [ 153.055902140541292, -27.472708398077447 ], [ 153.055951640539178, -27.47268303808222 ], [ 153.055997740536583, -27.472664518086706 ], [ 153.056009750535793, -27.472660728087885 ], [ 153.05609351053468, -27.472597938095806 ], [ 153.056144140531813, -27.47257797810073 ], [ 153.056182320530866, -27.472552778104369 ], [ 153.056213420531236, -27.472523548107265 ], [ 153.056248350532314, -27.472485528110475 ], [ 153.056287440533197, -27.472445088114096 ], [ 153.056317330534341, -27.472410788116814 ] ] ] ] } },
{ "type": "Feature", "properties": { "sa1_2021": "30502111814", "sa2_2021": "305021118", "sa2_2021_name": "Norman Park", "sa1_2021_short": 3111814 }, "geometry": { "type": "MultiPolygon", "coordinates": [ [ [ [ 153.055330120386003, -27.474423448033509 ], [ 153.055599160375522, -27.474277938059409 ], [ 153.056541150338802, -27.473768418150051 ], [ 153.056941120322051, -27.473561418188613 ], [ 153.057986180136396, -27.47414344829825 ], [ 153.058668150010845, -27.474557808370072 ], [ 153.058999939949786, -27.474759408405014 ], [ 153.057849049881241, -27.476279458301352 ], [ 153.057450879858862, -27.476794498265402 ], [ 153.056168919946174, -27.477192468139712 ], [ 153.055246490080179, -27.476915058044806 ], [ 153.05510805010033, -27.476873458030568 ], [ 153.055079030192502, -27.47616845802207 ], [ 153.055052210233782, -27.475864428016983 ], [ 153.054970120326203, -27.475202478003492 ], [ 153.054901020358415, -27.475006457995011 ], [ 153.054831890383639, -27.474865427986941 ], [ 153.054763130403387, -27.474767417979258 ], [ 153.054836420401159, -27.474722937986272 ], [ 153.055330120386003, -27.474423448033509 ] ] ] ] } },
{ "type": "Feature", "properties": { "sa1_2021": "30502111815", "sa2_2021": "305021118", "sa2_2021_name": "Norman Park", "sa1_2021_short": 3111815 }, "geometry": { "type": "MultiPolygon", "coordinates": [ [ [ [ 153.051749980592973, -27.475826077684825 ], [ 153.053155010506458, -27.475317397821996 ], [ 153.054409950416499, -27.474963437945316 ], [ 153.054597160408036, -27.474871457963399 ], [ 153.054763130403387, -27.474767417979258 ], [ 153.054831890383639, -27.474865427986941 ], [ 153.054901020358415, -27.475006457995011 ], [ 153.054970120326203, -27.475202478003492 ], [ 153.055052210233782, -27.475864428016983 ], [ 153.055079030192502, -27.47616845802207 ], [ 153.05510805010033, -27.476873458030568 ], [ 153.055246490080179, -27.476915058044806 ], [ 153.055147620072574, -27.477059618036016 ], [ 153.054877590072891, -27.477286248010671 ], [ 153.054789730075441, -27.477340768002271 ], [ 153.054647160107805, -27.477205437986871 ], [ 153.054299100108409, -27.477496477954197 ], [ 153.054137040109509, -27.47762544793893 ], [ 153.054077030124915, -27.47755443793233 ], [ 153.053952020151428, -27.477450447918947 ], [ 153.05384103017866, -27.477329447906843 ], [ 153.053735030205189, -27.477209447895234 ], [ 153.053582020235552, -27.477099447878992 ], [ 153.053412040270302, -27.476968447860873 ], [ 153.05314201031976, -27.476806447832455 ], [ 153.052789020374149, -27.476675447795945 ], [ 153.052373030429465, -27.476591437753488 ], [ 153.05205004046536, -27.476581447720942 ], [ 153.051944050470155, -27.476633457710708 ], [ 153.051780020475775, -27.476728447694981 ], [ 153.051645040477752, -27.476827447682201 ], [ 153.05148904046996, -27.477021457668052 ], [ 153.05146404046522, -27.477080447666015 ], [ 153.051429030452795, -27.477208457663501 ], [ 153.051390010436393, -27.477371457660883 ], [ 153.051364030418711, -27.477533437659538 ], [ 153.051353040390865, -27.477763457660256 ], [ 153.051306030372388, -27.477949447656997 ], [ 153.051240040344993, -27.478222457652532 ], [ 153.051211020338116, -27.478301447650235 ], [ 153.051202040329258, -27.478379447649939 ], [ 153.05115203031832, -27.478508447645936 ], [ 153.051052020309868, -27.478660447637093 ], [ 153.051023040301118, -27.478754437634926 ], [ 153.051000050296977, -27.47880644763303 ], [ 153.05091705029983, -27.478854457625065 ], [ 153.050771050306253, -27.478927457610979 ], [ 153.050545040320912, -27.479003447588866 ], [ 153.050336040331757, -27.47909545756859 ], [ 153.050047030346207, -27.479226447540594 ], [ 153.049862020360109, -27.479273437522373 ], [ 153.049701010378044, -27.479268447506151 ], [ 153.04960805039056, -27.479248447496662 ], [ 153.04949201040489, -27.479233447484873 ], [ 153.049406020417194, -27.479209447476041 ], [ 153.049351010432787, -27.479132447469915 ], [ 153.049346010446982, -27.479024447468554 ], [ 153.049259030484848, -27.478798457458037 ], [ 153.04923403050924, -27.478626437454164 ], [ 153.04924403052587, -27.478486447454056 ], [ 153.049310030535338, -27.47835545745966 ], [ 153.049436020537826, -27.478228447471309 ], [ 153.049542020546824, -27.478067447480679 ], [ 153.049734050559778, -27.477801447497875 ], [ 153.04983103057225, -27.47762044750619 ], [ 153.049876030584585, -27.477484457509643 ], [ 153.049896030596102, -27.477376447510785 ], [ 153.049962030607333, -27.477231447516267 ], [ 153.049982030621777, -27.477100447517255 ], [ 153.050028020631089, -27.47698744752098 ], [ 153.050068020645568, -27.476838457523815 ], [ 153.050119050670929, -27.476594457527014 ], [ 153.050134010693085, -27.476406437527039 ], [ 153.050901020645256, -27.476133437601952 ], [ 153.051749980592973, -27.475826077684825 ] ] ] ] } }
]
}
