pp_name,premises,latitude,longitude
Abbotsford,Collingwood Town Hall,-37.80391428,144.9925578
Aberdeen,Geelong Lutheran College - St John's Newtown,-38.14725093,144.3471345
Aberfeldie,Aberfeldie Primary School,-37.75657584,144.8955942
Aireys Inlet,Aireys Inlet Community Centre,-38.45638808,144.1074684
Airport West,St Christopher's Catholic Primary School,-37.72597764,144.8801463
Alamanda,Alamanda K-9 College,-37.90823647,144.7414908
Alamein,Craig Family Centre,-37.86650569,145.0841478
Albanvale,Albanvale Primary School,-37.74419482,144.7750122
Alberton,Alberton Primary School,-38.61758635,146.6665886
Albion,Albion Primary School,-37.77801722,144.8200319
Albion North,Albion North Primary School,-37.76221536,144.8225051
Aldercourt,Aldercourt Primary School,-38.11746457,145.1611393
Alexandra,Alexandra Secondary College,-37.1951505,145.7011789
Alfredton,McCallum Community Centre,-37.55764217,143.8128584
Alfredton West,Alfredton Primary School,-37.55480626,143.8022055
Alfredton West,Alfredton Primary School,-37.55480626,143.8022055
Allansford,Allansford Primary School,-38.38616359,142.5907099
Alma,Alma Road Community House,-37.86333761,145.0073016
Alphington,Alphington Primary School,-37.78318735,145.0327403
Alphington North,Alfred Nuttall Kindergarten,-37.77195719,145.0222359
Altona,Altona Primary School,-37.86802312,144.82204
Altona Bay,Altona Green Primary School,-37.88681411,144.7849513
Altona Meadows,Altona Meadows Primary School,-37.86871893,144.7797029
Altona Meadows CC,Altona Meadows Community Centre,-37.87760699,144.7831389
Altona North,Altona North Primary School,-37.83684297,144.8492019
Altona West,Altona P-9 College,-37.86296894,144.8177596
Amphitheatre,Amphitheatre Mechanics Institute,-37.18277674,143.3993898
Amstel,St Peter's Catholic Co-Ed College,-38.1098187,145.2584696
Anakie,Anakie Community House,-37.91289807,144.2553648
Anglesea,Anglesea Memorial Hall,-38.40978908,144.1849998
Antonio Park,Antonio Park Primary School,-37.81621006,145.2056259
Antwerp,Antwerp Public Hall,-36.2950307,142.0221548
Apollo Bay,Apollo Bay Leisure Centre,-38.75284736,143.6601376
Apollo Parkways,Apollo Parkways Primary School,-37.68719187,145.1085878
Apsley,Apsley Hall,-36.96795797,141.082024
Ararat,Ararat Senior Citizens Clubrooms,-37.28361415,142.9325894
Ararat West,Ararat Secondary College,-37.28545854,142.9220728
Arawata,Arawata Public Hall,-38.39458152,145.8701065
Ardeer,Ardeer Primary School,-37.78157275,144.7997485
Ardeer South,Ardeer South Primary School,-37.78832432,144.7997416
Ardmona,Ardmona Primary School,-36.38543394,145.3132655
Armadale,Armadale Primary School,-37.85200333,145.0178457
Armadale East,St Joseph's Primary School,-37.85817506,145.0312845
Armstrong Creek,Geelong Lutheran College,-38.23044542,144.3389044
Armstrong Creek East,Oberon High School,-38.23138904,144.364162
Arthurs Creek,Arthurs Creek Primary School,-37.57928338,145.2024401
Ascot Vale Central,St Mary's Catholic Primary School,-37.77433586,144.9115806
Ascot Vale East,Ascot Vale Uniting Church,-37.77228703,144.9222529
Ashburton,Ashburton Primary School,-37.86218102,145.0842876
Ashley Park,Ashley Park Primary School,-37.61422514,145.1281374
Ashwood,Ashwood High School,-37.86332214,145.1034057
Aspendale,Aspendale Primary School,-38.02097469,145.099934
Aspendale Gardens,Aspendale Gardens Primary School,-38.02273291,145.1158185
Atherton Gardens,Saint Mark's Anglican Church,-37.80178808,144.9814655
Auburn,Hawthorn Citizens Youth Club,-37.82868548,145.0439948
Auburn North,Auburn Primary School,-37.82029568,145.05025
Auburn South,Auburn South Primary School,-37.83962369,145.0446934
Avebury,Timbarra Community Hall,-38.0246325,145.3263769
Avebury,Timbarra Community Hall,-38.0246325,145.3263769
Avenel,Avenel Primary School,-36.90143647,145.2349927
Avoca,Avoca RSL Hall,-37.08500721,143.4727134
Avondale Heights,Avondale Primary School,-37.76713168,144.8603367
Avondale Heights Central,St Martin De Porres Catholic Church Hall,-37.75847304,144.8605265
Avondale Heights North,Greek Orthodox Church of Panagia Soumela,-37.74974089,144.8600257
Axedale,Axedale Hall,-36.78739479,144.5026494
Bacchus Marsh,Bacchus Marsh College,-37.68489738,144.4333889
Bacchus Marsh Central,St Bernard's Catholic Primary School,-37.67248733,144.4358672
Baddaginnie,Peranbin Primary College,-36.59233536,145.863669
Baden Powell,Baden Powell Park Scout Hall,-38.17396473,145.1084703
Baden Powell,Baden Powell Park Scout Hall,-38.17396473,145.1084703
Badger Creek,Badger Creek Primary School,-37.68137483,145.5332108
Bairnsdale,St Mary's Parish Centre - Bairnsdale,-37.82593551,147.6273178
Bairnsdale West,Bairnsdale West Primary School,-37.82336231,147.607742
Balaclava,Bet Anielewicz Centre,-37.86547027,144.9939931
Ballam Park,McClelland College,-38.14575692,145.1619914
Ballan,Ballan and District Community House,-37.60123609,144.2245019
Ballarat Central,Dana Street Primary School,-37.5644383,143.8529918
Ballarat North,Ballarat North Primary School,-37.54168108,143.862283
Ballarat North West,Pleasant Street Primary School,-37.5568286,143.8379236
Ballarat South,St Aloysius Parish School,-37.57773312,143.837193
Ballarat South West,Newington Primary School,-37.56644455,143.8308128
Balmoral,Balmoral Memorial Hall,-37.24867892,141.8424294
Balnarring,Balnarring Primary School,-38.37642704,145.1232013
Balwyn,Balwyn Baptist Church,-37.81362367,145.090629
Balwyn Central,Balwyn Primary School,-37.81410665,145.0812288
Balwyn North,Balwyn North Primary School,-37.79656815,145.0772533
Balwyn North Central,St Bede's Primary School,-37.79353416,145.0714972
Balwyn North West,Belle Vue Primary School,-37.78226449,145.0785073
Balwyn West,Gordon Barnard Reserve Pavilion,-37.80158031,145.0865377
Bamawm,Bamawm Sports Centre Recreation Reserve,-36.26249939,144.5899446
Bamawm Extension,Bamawm Extension Public Hall,-36.20022289,144.6170559
Bannockburn,Bannockburn Cultural Centre,-38.04713804,144.1710057
Bannockburn West,Bannockburn P-12 College,-38.04087227,144.1610735
Banyan Fields,Banyan Fields Primary School,-38.09500852,145.1875488
Banyule,Banyule Primary School,-37.74376982,145.0777582
Baranduda,Baranduda Primary School,-36.18049312,146.9475941
Barmah,Barmah Community Hall,-36.01612315,144.960978
Barnawartha,Barnawartha Soldiers Memorial Hall,-36.10543271,146.6738217
Barwon,South Geelong Primary School,-38.1568138,144.3590618
Barwon Heads,Barwon Heads Primary School,-38.28156313,144.4871238
Bass,Bass Valley Community Centre,-38.48443539,145.4660111
Baxter,Baxter Primary School,-38.19966978,145.1816611
Bayles,Bayles Hall,-38.1777874,145.5704687
Bayswater,Bayswater Primary School,-37.84277835,145.2596845
Bayswater North,Bayswater North Primary School,-37.82880901,145.2957377
Bayswater South,Bayswater South Primary School,-37.85476069,145.2613259
Bayswater West,Bayswater West Primary School,-37.84931932,145.2524408
Beacon Point,Beacon Point Kindergarten,-38.14877138,144.5753827
Beaconsfield,Beaconsfield Primary School,-38.04809091,145.3720479
Beaconsfield Upper,Beaconsfield Upper Primary School,-37.99639277,145.4155547
Bealiba,Bealiba Primary School,-36.78998371,143.5516968
Beaufort,Beeripmo Development Centre,-37.42793059,143.3840808
Beaumaris,St Michaels Anglican Church Beaumaris,-37.99074458,145.0369664
Beaumaris Central,Beaumaris Secondary College,-37.97829681,145.034257
Beaumaris North,Beaumaris North Primary School,-37.97342464,145.0361264
Beeac,Beeac Primary School,-38.19423759,143.6440803
Beechworth,Beechworth Servicemen's Memorial Hall,-36.35865255,146.6880924
Belgrave,St Thomas More Primary School,-37.90838532,145.3531296
Belgrave South,Belgrave South Primary School,-37.93124764,145.3578339
Bell,Bell Primary School,-37.74706593,144.9910103
Bell,Bell Primary School,-37.74706593,144.9910103
Bell Park,Bell Park North Primary School,-38.10616263,144.3363136
Bell Park South,Nelson Park School,-38.11410322,144.3380425
Bellbrae,Bellbrae Public Hall,-38.33680204,144.2625476
Bellbridge,Central Park Community Centre,-37.87806586,144.7037788
Bellbridge East,Bellbridge Primary School,-37.87045478,144.7102697
Belmont,Roslyn Primary School,-38.17400458,144.330187
Belmont North,Belmont Primary School,-38.17061723,144.3420382
Belmont West,Clairvaux Catholic School Hall,-38.18456292,144.3255726
Belmont West,Clairvaux Catholic School Hall,-38.18456292,144.3255726
Belvedere Park,Seaford Park Primary School,-38.10529495,145.1547865
Belvedere Park,Seaford Park Primary School,-38.10529495,145.1547865
Bena,Bena Public Hall,-38.41159405,145.7623156
Benalla,Benalla Secondary College - Avon Campus,-36.54748037,145.9940809
Benalla West,Benalla Secondary College - Faithful Campus,-36.55296857,145.9637217
Bendigo Central,Bendigo Town Hall,-36.75914149,144.2824855
Bendigo Central,Bendigo Town Hall,-36.75914149,144.2824855
Bendigo East,Bendigo East Public Hall,-36.75482384,144.2947087
Bendigo North,Saint Peter's Catholic Primary School,-36.74412119,144.2721874
Bentleigh,St. Paul's Primary School Bentleigh,-37.92244058,145.0419203
Bentleigh Central,St John's Anglican Church Hall,-37.9202155,145.0512157
Bentleigh East,Bentleigh Secondary College,-37.9269445,145.059591
Bentleigh West,Bentleigh West Primary School,-37.92076135,145.0263639
Berendale,Berendale School,-37.93996016,145.031425
Berendale,Berendale School,-37.93996016,145.031425
Berriwillock,Berriwillock Community Centre,-35.63616057,142.9950829
Berwick,Berwick Secondary College,-38.03074421,145.3657494
Berwick Chase,Berwick Chase Primary School,-38.06771526,145.3472455
Berwick Lodge,Berwick Lodge Primary School,-38.03147448,145.3275611
Berwick Lodge,Berwick Lodge Primary School,-38.03147448,145.3275611
Berwick South,Brentwood Park Primary School,-38.0532111,145.3478203
Bethal,Bethal Primary School,-37.65959991,144.9177199
Bethal,Bethal Primary School,-37.65959991,144.9177199
Bethanga,Bethanga Soldiers Memorial Hall,-36.12404569,147.0982293
Beulah,Beulah Memorial Hall,-35.93894798,142.4208799
Beverford,Beverford Primary School,-35.23282808,143.4785518
Beveridge,Beveridge Primary School - Ambrosia Campus,-37.46878902,144.9564533
Beverley Hills,Beverley Hills Primary School,-37.79609845,145.1593013
Bimbadeen,Bimbadeen Heights Primary School,-37.77485397,145.3213358
Birchip,Birchip Public Hall,-35.98089551,142.9175776
Birregurra,Birregurra Community Health Centre,-38.33643398,143.7862644
Bisinella,Bisinella Community Centre,-38.02589301,144.386922
Bittern,Bittern Primary School,-38.33997911,145.1714099
Black Hill,Black Hill Primary School,-37.54991093,143.8696569
Black Rock,Black Rock Primary School,-37.96996388,145.0215084
Black Rock South,St. Joseph's Primary School - Black Rock,-37.97620767,145.0230347
Blackburn,The Avenue Uniting Church ,-37.82300287,145.1520177
Blackburn,The Avenue Uniting Church ,-37.82300287,145.1520177
Blackburn Lake,Blackburn Lake Primary School,-37.8270147,145.1663364
Blackburn North,Blackburn Primary School,-37.81656549,145.1565933
Blackburn North,Blackburn Primary School,-37.81656549,145.1565933
Blackburn South,St Luke's Roman Catholic Parish Hall,-37.83544366,145.1470395
Blackwood,Blackwood Community Hall,-37.47052516,144.3074995
Blairgowrie,Blairgowrie Community Hall,-38.36385553,144.7841922
Blind Bight,Blind Bight Community Centre,-38.21683578,145.3395953
Blossom Park,Plenty Parklands Primary School,-37.6698715,145.0771033
Blyth,Salvation Army Community Centre - Brunswick,-37.76905934,144.9634036
Boardwalk,Carranballac P-9 College - Boardwalk Campus,-37.88471469,144.7431907
Boisdale,Boisdale Public Hall,-37.88279,146.98818
Boldrewood,Reservoir East Primary School,-37.72096699,145.0217589
Bolinda,Bolinda Primary School,-37.43336579,144.7455247
Bolwarra,Bolwarra Primary School,-38.28166831,141.6148216
Bona Vista,Bona Vista Primary School,-38.21011469,145.9594522
Bonbeach,Bonbeach Primary School,-38.06730672,145.1250339
Bonegilla,Bonegilla Hall,-36.14116455,147.005776
Boneo,Boneo Community Hall,-38.41109777,144.8865433
Bonnie Doon,Bonnie Doon Community Centre,-37.0253313,145.8527878
Boolarra,Boolarra Memorial Hall,-38.37864573,146.2748769
Boort,Boort Resource and Information Centre (BRIC),-36.11661823,143.7266329
Boronia East,Boronia Church of Christ,-37.86230799,145.2897957
Boronia North,Boronia Heights Primary School,-37.84497302,145.2954565
Boronia West,Boronia West Primary School,-37.85897034,145.2785524
Boroondara,Boroondara Park Primary School,-37.78967704,145.0880778
Botanic Ridge,Botanic Ridge Primary School,-38.15000025,145.2888432
Boundary Bend,Boundary Bend Hall,-34.71716058,143.1536107
Bowenvale,Bowenvale Public Hall,-36.9893062,143.710387
Box Hill,St Peter's Anglican Church Hall,-37.81876203,145.127326
Box Hill Central,The Arbour Hall - Box Hill Community Arts Centre,-37.82533994,145.1225635
Box Hill North,Box Hill North Primary School,-37.80081727,145.1234264
Box Hill South,Roberts McCubbin Primary School,-37.83448489,145.1262138
Brandon Park,Brandon Park Primary School,-37.91437688,145.1732173
Branxholme,Branxholme Hall,-37.85724805,141.7963152
Briagolong,Briagolong Mechanics Institute,-37.843336,147.0684493
Briar Hill,Briar Hill Primary School,-37.70816455,145.1152747
Bridgewater,Bridgewater Hall,-36.60291865,143.9448271
Bridport,Albert Park Primary School,-37.84135935,144.9523739
Bright,Bright Senior Citizens Centre,-36.73051326,146.9623113
Brighton,Brighton Primary School,-37.91237595,145.0016876
Brighton Beach,Brighton Beach Primary School,-37.92218651,144.9960686
Brighton East,Melbourne Montessori School,-37.91180769,145.0174413
Brighton High,Brighton Secondary College,-37.92009213,145.0197362
Brim,Brim Memorial Hall,-36.07602704,142.41643
Britannia,St Patrick's Catholic Primary School,-38.13453108,144.3458995
Broadford,Broadford Secondary College,-37.20519587,145.0400973
Broadmeadows,Meadows Primary School,-37.68748981,144.9295595
Broadmeadows North,Hume Central Secondary College - Blair Campus,-37.67946393,144.9318786
Brookfield,Melton Christian College,-37.70103911,144.5596465
Brooklyn,Annunciation Primary School,-37.82132773,144.8478883
Brookside,Brookside College,-37.74639262,144.7363855
Bruce Park,Monash Peninsula Campus,-38.15193992,145.1352581
Brunswick East,Brunswick East Primary School,-37.76525863,144.9793522
Brunswick North,Brunswick North Primary School,-37.76019339,144.9519446
Brunswick North West,Brunswick North West Primary School,-37.7566591,144.9430973
Brunswick North West,Brunswick North West Primary School,-37.7566591,144.9430973
Brunswick South,Temple Park Senior Citizens Centre Brunswick West,-37.77479749,144.9531919
Brunswick South West,Brunswick South West Primary School,-37.77002871,144.9437071
Bruthen,Bruthen Mechanics Hall,-37.70745609,147.8318307
Buangor,Buangor Primary School,-37.36441574,143.1751251
Buchan,Buchan Primary School,-37.49748164,148.1804191
Buckley Park,Buckley Park College,-37.74785806,144.8976749
Buckley Park,Buckley Park College,-37.74785806,144.8976749
Bulla,Jack McKenzie Community Hall,-37.63524253,144.8051693
Bulleen,Bulleen Heights School Pleasant Road Campus,-37.7631941,145.0952069
Bulleen West,Koonarra Hall,-37.77828076,145.0889595
Bullengarook,Macedon Sunbury Specialist School,-37.48690241,144.5167323
Bulmans,Catholic Regional College Melton,-37.67786371,144.5507548
Buln Buln,Buln Buln Primary School,-38.09908947,145.9380271
Bunbartha,Bunbartha Community Centre,-36.21982074,145.3436226
Bundalaguah,Bundalaguah Primary School,-38.02286953,147.011832
Bundalong,Bundalong Hall,-36.03729548,146.172849
Bundeera,Caulfield South Primary School,-37.8952121,145.0310901
Bundoora,Bundoora Secondary College,-37.70734451,145.0618469
Bungaree,Bungaree Mechanics Institute,-37.55859979,143.9930641
Buninyong,Buninyong Primary School,-37.65303915,143.8858587
Bunyip,Bunyip Hall,-38.09836793,145.7212695
Burnside,Burnside Primary School,-37.74586822,144.7528037
Burwood,Alfred Road Kindergarten,-37.85442537,145.0890467
Burwood Central,Wattle Park Primary School,-37.84340966,145.097534
Burwood Central,Wattle Park Primary School,-37.84340966,145.097534
Burwood Heights,Burwood Heights Primary School,-37.84675276,145.1633682
Burwood West,1st Glen Iris Scout Hall,-37.85258603,145.0690547
Buxton,Buxton Primary School,-37.42175301,145.7089903
Byrneside,Byrneside Public Hall,-36.42091723,145.1746793
Cabarita,The Lake Primary School,-34.20596063,142.093692
Cairnlea,Cairnlea Park Primary School,-37.75872034,144.7883305
Calder Rise,Overnewton Gatehouse Hall,-37.70935664,144.8204139
Caledonian,Caledonian Primary School,-37.55521924,143.8938721
Caledonian,Caledonian Primary School,-37.55521924,143.8938721
California Gully,California Gully Mechanics Institute Hall,-36.73460538,144.2569507
Calivil,Calivil Public Hall,-36.29883577,144.0721735
Camberwell,Camberwell Primary School,-37.83357229,145.0575368
Camberwell Middle,Camberwell Church of Christ,-37.83276266,145.0658295
Camberwell South,Camberwell South Primary School,-37.84815154,145.0627366
Camberwell South,Camberwell South Primary School,-37.84815154,145.0627366
Cambridge,Cambridge Primary School,-37.86745716,144.6755015
Camelot,Camelot Rise Primary School,-37.86516796,145.1877839
Campbellfield,Campbellfield Heights Primary School,-37.67461741,144.9648247
Campbells Creek,Campbells Creek Primary School,-37.09313158,144.2040282
Camperdown,Camperdown P-12 College,-38.23874252,143.1445819
Canadian,Canadian Lead Primary School,-37.57227047,143.8760161
Cann River,Cann River Public Hall,-37.56852967,149.1529762
Canterbury,Canterbury Girls Secondary College,-37.81977155,145.0702198
Canterbury,Canterbury Girls Secondary College,-37.81977155,145.0702198
Canterbury Gardens,The Basin Primary School,-37.84946171,145.3083506
Canterbury South,Camberwell High School,-37.83011851,145.0733325
Cape Clear,Cape Clear Hall,-37.79211301,143.6096783
Cape Paterson,Cape Paterson Community Hall,-38.66978154,145.6211638
Caramut,Caramut War Memorial Hall,-37.9568426,142.5197668
Cardross,Cardross Primary School,-34.28801312,142.1445285
Carisbrook,Carisbrook Primary School,-37.05144675,143.8126353
Carlton,Kathleen Syme Library and Community Centre,-37.79862066,144.9653286
Carlton Central,Carlton North Primary School,-37.79064191,144.972708
Carlton North,St Michael's Anglican Church Hall,-37.78507711,144.9682488
Carnegie,Carnegie Primary School,-37.89038094,145.0543734
Carnegie East,St Peter's Parish Hall,-37.89026553,145.0622797
Carnegie North,1st Malvern Scout Hall,-37.88004806,145.0675294
Carnegie West,St Anthony's Parish Primary School,-37.88653245,145.0466633
Caroline Springs,Catholic Regional College - Caroline Springs Campus,-37.73062169,144.7397333
Carpendeit,Carpendeit Public Hall,-38.37023026,143.2415567
Carrington,Carrington Primary School,-37.89185409,145.2471212
Carrum,Carrum Primary School,-38.078983,145.1261358
Carrum Downs,Carrum Downs Secondary College,-38.0954251,145.1975213
Carrum Downs Central,St Joachim's Catholic Primary School,-38.10361668,145.1781282
Casey Central,Alkira Secondary College,-38.0732593,145.3077855
Casey Fields,Casey Fields Primary School,-38.11996725,145.2972311
Casey Fields,Casey Fields Primary School,-38.11996725,145.2972311
Casterton,Casterton Town Hall,-37.58464806,141.4052093
Castlemaine,St Mary's Castlemaine Catholic Parish Church Hall,-37.06463534,144.2197794
Castlemaine North,Castlemaine Secondary College,-37.05005893,144.2272917
Catani,Catani Recreation Reserve,-38.19444255,145.6400447
Caulfield East,Glen Eira College,-37.8853373,145.0374157
Caulfield North,Caulfield Indonesian Uniting Church Hall,-37.87191237,145.0193885
Caulfield South,4th Caulfield Scout Hall,-37.89275324,145.0213978
Caulfield Upper,Mackillop Education Caulfield Campus ,-37.87354149,145.0259041
Caulfield West,Shelford Girls' Grammar,-37.87697597,145.0118443
Cavendish,Cavendish Memorial Hall,-37.52800334,142.0399227
Caversham,John Henry Primary School,-38.07749126,145.4428813
Centre Road,Berwick Fields Primary School,-38.04921651,145.3344845
Ceres,Ceres Temperance Hall,-38.17018747,144.276605
Chadstone,Malvern Valley Primary School,-37.88045273,145.0826416
Chapel,Sirius College - Keysborough Campus,-38.00462801,145.1609522
Charlesworth Park,Livingstone Primary School,-37.85352626,145.1815833
Charlton,Charlton Senior Citizens Centre,-36.26747911,143.3481193
Chatham,Chatham Primary School,-37.81733482,145.0920454
Chatham South,Canterbury Primary School,-37.83092379,145.0829388
Chelsea,Chelsea Activity Hub,-38.05002883,145.1140355
Chelsea Central,Chelsea Primary School,-38.05491427,145.1228616
Chelsea Central,Chelsea Primary School,-38.05491427,145.1228616
Chelsea Heights,Chelsea Heights Primary School,-38.04473702,145.1382945
Cheltenham,Cheltenham Primary School,-37.96902409,145.0549076
Cheltenham East,Cheltenham East Primary School,-37.96498269,145.0682388
Cheltenham East,Cheltenham East Primary School,-37.96498269,145.0682388
Cheltenham North,Cheltenham Secondary College,-37.95400842,145.0683902
Cheltenham South,Cheltenham East Community Centre,-37.97088264,145.0710029
Cheltenham West,Olympic Avenue Kindergarten,-37.96187911,145.0463573
Chewton,Chewton Primary School,-37.08196323,144.2611282
Chiltern,Chiltern Memorial Hall,-36.15105505,146.6120796
Chilwell,Chilwell Primary School,-38.15471275,144.3448805
Chirnside Park,Chirnside Park Primary School,-37.75034667,145.3112225
Chirnside Park,Chirnside Park Primary School,-37.75034667,145.3112225
Churchill,Churchill Shire Hall,-38.31324242,146.4212716
Civic Square,Keystone Hall,-37.80095957,145.2825061
Clarence,Caulfield South Community House Hall,-37.89490209,145.0138848
Clareville,Wellington Secondary College,-37.93388928,145.1706772
Clarinda,Clarinda Primary School,-37.92670357,145.1020107
Clarinda South,Sundowner Neighbourhood House,-37.94356293,145.1075694
Clarkes Hill,St Mary's Catholic School,-37.50062542,143.9886564
Clayton,Fregon Hall,-37.91843217,145.1235576
Clayton East,Clayton Senior Citizens Club,-37.92320218,145.1214103
Clayton North,Monash Uniting Church Hall,-37.91225582,145.124313
Clayton South,Clayton South Primary School,-37.94112657,145.1158964
Cleeland,Dandenong High School - Cleeland Campus,-37.978289,145.2109307
Clifton Hill,Spensley Street Primary School,-37.78680392,145.0034958
Clifton Springs,Clifton Springs Primary School,-38.16572343,144.5536978
Clonbinane,Clonbinane Community Hall,-37.29791276,145.0687313
Clunes,Clunes Primary School,-37.29162078,143.7918585
Clyde,Clyde Public Hall,-38.13181533,145.3298395
Clyde,Clyde Public Hall,-38.13181533,145.3298395
Clyde North,Wilandra Rise Primary School,-38.1087335,145.3197765
Clyde North East,Rivercrest Christian College,-38.08500536,145.3721251
Coatesville,Coatesville Primary School,-37.92008764,145.073735
Coatesville,Coatesville Primary School,-37.92008764,145.073735
Cobains,Cobains Primary School,-38.07468803,147.1327648
Cobden,Cobden Civic Hall,-38.32705937,143.0773217
Cobram,Cobram Civic Centre,-35.91893599,145.651663
Coburg,Coburg Primary School - Junior Campus,-37.74158612,144.9680932
Coburg East,Antonine College - Cedar Campus,-37.74628404,144.9785069
Coburg North,Coburg Special Development School,-37.73280719,144.9518039
Coburg South,Carinya Society,-37.74290478,144.9542153
Coburg West,Coburg West Primary School,-37.74697002,144.9478388
Coburn,Coburn Primary School,-37.69503594,144.5730679
Cockatoo,Cockatoo Community Complex,-37.93693009,145.4911584
Cohuna,Cohuna Memorial Public Hall,-35.81062427,144.2215688
Colac East,Colac Primary School,-38.33650928,143.5982983
Colac West,Colac South West Primary School,-38.34373434,143.5708418
Colbinabbin,Colbinabbin Primary School,-36.59019195,144.801591
Coldstream,Coldstream Community Centre,-37.73255583,145.3825968
Coleraine,Coleraine Primary School,-37.601283,141.684039
Collendina,Bellarine Church of Christ,-38.25773142,144.5503968
Collingwood,Collingwood Secondary College,-37.80331722,144.9905043
Collingwood North,Clifton Hill Primary School,-37.79256218,144.9901467
Comet Hill,Lightning Reef Primary School,-36.73605476,144.2688045
Comet Hill,Lightning Reef Primary School,-36.73605476,144.2688045
Concongella,Concongella Primary School,-37.0493804,142.8226262
Condah,Condah Hall,-37.95531278,141.7464932
Congupna,Congupna Primary School,-36.29996659,145.4343144
Coolaroo,Coolaroo South Primary School,-37.66218674,144.9300369
Cooma,Cooma Recreation Reserve Pavilion,-36.41592738,145.0683683
Coomoora,Keysborough Primary School,-37.98244119,145.1527368
Cora Lynn,Cora Lynn Recreation Reserve Hall,-38.14458862,145.6083219
Coral Park,Coral Park Primary School,-38.0441119,145.2745993
Corinella,Corinella Public Hall,-38.4144618,145.4330464
Corio,Hendy Street Hall (Corio Community Centre),-38.07189897,144.3673722
Corio Central,Northern Bay College - Wexford Court Campus,-38.07235749,144.3516874
Corio West,Northern Bay P-12 College - Goldsworthy Campus,-38.07820052,144.3557248
Cororooke,Cororooke Public Hall,-38.2842452,143.522032
Corryong,Corryong Memorial Hall,-36.19507242,147.9067216
Cotham,Genazzano College,-37.809822,145.056722
Courtenay Gardens,Courtenay Gardens Primary School,-38.08048719,145.2835889
Courtenay Gardens,Courtenay Gardens Primary School,-38.08048719,145.2835889
Cowes,Cowes Primary School,-38.45622988,145.2415521
Cowwarr,Cowwarr Primary School,-38.01366172,146.6991578
Craigieburn,Our Lady's Catholic Primary School,-37.59813274,144.931486
Craigieburn Central,Craigieburn Primary School,-37.58283404,144.9341793
Craigieburn North West,Aitken Creek Primary School,-37.58308933,144.9069617
Craigieburn South,Craigieburn Secondary College,-37.60910547,144.9362252
Craigieburn West,Willmott Park Primary School,-37.59158962,144.9227641
Cranbourne,Cranbourne Primary School,-38.1123305,145.288335
Cranbourne East,Cranbourne East Secondary College,-38.10552981,145.3061207
Cranbourne North East,Cranbourne Carlisle Primary School,-38.08659244,145.288438
Cranbourne North West,Fairhaven Family and Children's Centre,-38.08992239,145.2592866
Cranbourne Park,Cranbourne Park Primary School,-38.10407505,145.2778845
Cranbourne South,Cranbourne South Primary School,-38.14786632,145.2450813
Cranbourne South,Cranbourne South Primary School,-38.14786632,145.2450813
Cranbourne South West,Barton Primary School,-38.11503415,145.2399647
Cranbourne West,Cranbourne West Primary School,-38.10256508,145.2679168
Creekside,Creekside College,-37.73487073,144.7386736
Cressy,Cressy Hall,-38.03030381,143.6341219
Creswick,Creswick Neighbourhood Centre,-37.42233737,143.8924004
Crib Point,Crib Point Primary School,-38.36042623,145.200446
Croxton,St Joseph's Primary School,-37.77500045,144.9965385
Croydon,Croydon Swimming Club Hall,-37.79756838,145.2866753
Croydon Central,Croydon Primary School,-37.79307228,145.2797389
Croydon East,Ruskin Park Primary School,-37.79895791,145.2960403
Croydon Hills,Croydon Hills Primary School,-37.77733964,145.2715102
Croydon North,Brushy Creek Hall,-37.76857599,145.2981113
Croydon North,Brushy Creek Hall,-37.76857599,145.2981113
Croydon West,Ainslie Parklands Primary School,-37.79409247,145.2647327
Cudgewa,Cudgewa Mechanics Institute,-36.18466698,147.7789128
Cullulleraine,Millewa Community Complex,-34.27606537,141.6039922
Dalyston,Dalyston Hall,-38.56418833,145.5428695
Dandenong Central,Dandenong Primary School,-37.98841544,145.2197949
Dandenong North,Lyndale Greens Primary School,-37.96493908,145.2042425
Dandenong South,Dandenong South Primary School,-37.99879834,145.2100325
Dandenong West,Dandenong West Primary School,-37.98101499,145.1997965
Darebin Parklands,Thornbury High School,-37.75687589,145.0265636
Dargo,Dargo Public Hall,-37.45553199,147.2510195
Darley,Darley Primary School,-37.65428021,144.4375789
Darling,Caulfield Grammar School - Malvern,-37.86367797,145.0519799
Darnum,Darnum Primary School,-38.18768937,145.9998106
Darraweit Guim,Darraweit Guim Memorial Hall,-37.40488604,144.8941143
Dartmoor,Dartmoor Hall,-37.92219097,141.2763329
Davies Reserve,Wirringga Scout Hall,-37.92107931,145.1038143
Daylesford,Daylesford Primary School,-37.34563601,144.1417839
Deans Marsh,Deans Marsh Public Hall,-38.3991768,143.8849239
Dederang,Dederang Multi-Purpose Building,-36.47571585,147.0216656
Deepdene,Our Lady of Good Counsel,-37.81138857,145.0632881
Deer Park Central,Victoria University Secondary College - Deer Park Campus,-37.75892292,144.7672255
Deer Park North,Deer Park North Primary School,-37.75622382,144.7734749
Deer Park West,Deer Park West Primary School,-37.7719985,144.7653016
Delacombe,Delacombe Primary School,-37.58558174,143.8175851
Delahey,MacKellar Primary School,-37.71727878,144.7766753
Delbridge,Clifton Hill Presbyterian Church Hall,-37.78736515,144.9906098
Delbridge,Clifton Hill Presbyterian Church Hall,-37.78736515,144.9906098
Dendy,St Leonards College,-37.92959389,145.0077738
Dereel,Dereel Community Centre,-37.81986504,143.7530205
Derinya,Derinya Primary School,-38.17453065,145.1206994
Derinya,Derinya Primary School,-38.17453065,145.1206994
Derrimut,Derrimut Heath Primary School,-37.86001905,144.6913673
Derrinallum,Derrinallum Community Hall,-37.94779928,143.2171372
Devenish,Devenish Primary School,-36.32644431,145.8941895
Devon Meadows,Devon Meadows Community Hall,-38.16247504,145.3023792
Devon North,Devon North Public Hall,-38.51993048,146.6586502
Dhurringile,Dhurringile Primary School,-36.54304135,145.2395644
Diamond Creek,Sacred Heart Parish Hall,-37.67247103,145.1580666
Diamond Creek East,Diamond Valley College,-37.67320097,145.1673577
Diggers Rest,Diggers Rest Primary School,-37.62254366,144.7095466
Dimboola,Dimboola Uniting Church,-36.45116338,142.0261999
Dingee,Dingee Memorial Hall,-36.36799732,144.232027
Dingley,Dingley Primary School,-37.98226346,145.1327619
Dingwall,Dingwall Hall,-35.80982096,143.8425121
Dixons Creek,Dixons Creek Recreation Reserve Hall,-37.60477817,145.4172065
Docklands,Library at the Dock,-37.82036989,144.94022
Donald,Donald Senior Citizens Centre,-36.36860561,142.9818251
Donburn,Donburn Primary School,-37.78747037,145.1654044
Doncaster,Doncaster Primary School,-37.78615426,145.1309624
Doncaster Central,Doncaster Secondary College,-37.78545386,145.1377841
Doncaster East,East Doncaster Secondary College,-37.78196528,145.1577751
Doncaster East,East Doncaster Secondary College,-37.78196528,145.1577751
Doncaster Gardens,Doncaster Gardens Primary School,-37.78267638,145.1489252
Doncaster Heights,Saints Peter and Paul Catholic Parish,-37.79091218,145.1523404
Doncaster South,Birralee Primary School,-37.79340821,145.1132137
Doncaster West,Vista Valley Kindergarten,-37.77788466,145.1030653
Donvale,Whitefriars College,-37.7924465,145.1983949
Dookie,Dookie Primary School,-36.33118658,145.6828652
Doreen,Ivanhoe Grammar School - Plenty Campus,-37.6030634,145.1160686
Dorset,Dorset Primary School,-37.81076426,145.2852088
Doveton North,Doveton College,-37.99077088,145.244123
Doveton West,Holy Family Catholic Primary School,-37.99087693,145.2387316
Dromana,Dromana Community Hall,-38.33657115,144.9583138
Dromana Beach,Dromana Senior Citizens Club,-38.3343133,144.9669154
Drouin,Drouin Primary School,-38.13317512,145.8544281
Drouin College,Drouin Secondary College,-38.14391839,145.8523709
Drouin South,Drouin South Primary School,-38.17113173,145.8265349
Drouin West,Drouin West Primary School,-38.08778125,145.871015
Drummond,Drummond Community Hall,-37.23609444,144.3317858
Drysdale,Drysdale Primary School,-38.1696276,144.5741366
Dumbalk,Dumbalk Public Hall,-38.53317361,146.0939782
Dunkeld,Sterling Place Dunkeld Community Centre,-37.65136748,142.3419332
Dunolly,Dunolly Senior Citizens Clubrooms,-36.85794378,143.7320772
Eagle Point,Eagle Point Primary School,-37.89231365,147.679935
Eaglehawk North,Eaglehawk North Primary School,-36.70732587,144.2379455
Eaglehawk West,Bendigo Badminton and Table Tennis Complex,-36.72554282,144.2491188
Eaglemont,Waratah Special Development School,-37.75672849,145.0416565
East Melbourne,Melbourne Unitarian Church,-37.81160403,144.984749
Eastmont,St James Primary School,-37.83702208,145.2096711
Eastwood,Eastwood Primary School,-37.81728634,145.2531397
Echuca,Echuca Primary School,-36.12842453,144.7469717
Echuca East,Echuca East Primary School,-36.13441826,144.7605206
Echuca South,Echuca Twin Rivers Specialist School,-36.13861163,144.7244821
Ecklin,Ecklin Hall,-38.38022733,142.9126021
Edenhope,Edenhope and District Community Centre,-37.03624297,141.2953885
Edithvale,Edithvale Primary School,-38.03708374,145.1136838
Edward,Brunswick Town Hall,-37.77182428,144.961221
Eildon,Eildon Community Centre,-37.23449363,145.9085639
Elaine,Elaine Mechanics Institute,-37.77701052,144.0306913
Eldorado,Eldorado Memorial Hall,-36.30814432,146.5201554
Elevation,Elevation Secondary College,-37.5982063,144.8894078
Elgar Park,Our Lady of Perpetual Succour School,-37.83026779,145.110903
Ellaswood,Wy Yung Community Hall,-37.7981083,147.5815498
Elliminyt,Elliminyt Primary Events and Education Centre,-38.36058794,143.5831953
Ellinbank,Ellinbank Primary School,-38.23906177,145.9357564
Elmhurst,Elmhurst Mechanics Hall,-37.17995685,143.2503385
Elmore,Elmore Athenaeum Hall,-36.49491897,144.6099955
Elphinstone,Elphinstone Recreation Reserve Hall,-37.09600024,144.3452215
Elsternwick,Wesley College Elsternwick Campus,-37.8895834,145.0091598
Elsternwick North,12th Caulfield Scout Hall,-37.88478934,145.0074173
Elsternwick South,Elsternwick Primary School,-37.89179248,144.9983899
Eltham,Eltham Primary School,-37.72484576,145.1480469
Eltham East,Eltham East Primary School,-37.71125638,145.154626
Eltham North,Eltham North Primary School,-37.70037669,145.1510518
Elwood,1st Elwood Scout Hall,-37.88483589,144.9868842
Elwood North,Elwood Primary School,-37.88224126,144.9880555
Emerald,Emerald Primary School,-37.93327004,145.4419876
Endeavour Hills,James Cook Primary School,-37.97900882,145.2456386
Endeavour Hills East,Southern Cross Primary School,-37.98852207,145.2643036
Endeavour Hills North,Chalcot Lodge Primary School,-37.96928391,145.2475035
Eppalock,Eppalock Primary School,-36.84198488,144.387555
Epping,Epping Primary School - High Street Campus,-37.64580179,145.0257326
Epping,Epping Primary School - High Street Campus,-37.64580179,145.0257326
Epping East,Epping Secondary College,-37.6449575,145.033167
Epping North,Creeds Farm Living and Learning Centre,-37.62619038,145.011343
Epping North West,Harvest Home Primary School,-37.62310838,145.00108
Epping Views,Epping Views Primary School,-37.63000824,145.0255429
Epping Views,Epping Views Primary School,-37.63000824,145.0255429
Epsom,Epsom Primary School,-36.70481197,144.3124073
Erica,Erica Memorial Hall,-37.97875479,146.371707
Eskdale,Eskdale Public Hall,-36.46446136,147.2523049
Essendon,St Therese's Catholic Primary School,-37.75150152,144.9104404
Essendon North,Essendon North Primary School,-37.74012972,144.9031296
Essendon North,Essendon North Primary School,-37.74012972,144.9031296
Essendon West,Essendon Keilor College - VCE Essendon Campus,-37.75436402,144.9025895
Essendon West,Essendon Keilor College - VCE Essendon Campus,-37.75436402,144.9025895
Essex Heights,Essex Heights Primary School,-37.86287664,145.115198
Euroa,Civic Hall Euroa,-36.75292755,145.5727061
Everton,Everton Public Hall,-36.43582419,146.5446313
Eynesbury,Eynesbury Primary School,-37.79054103,144.5485085
Fairfield,Fairfield Primary School,-37.77823805,145.0199398
Fairhills,Fairhills Primary School,-37.87021279,145.2664189
Fairy Hills,Ivanhoe Grammar School (Dodemaide Hall),-37.77277742,145.0441881
Fawkner,St Mark's Catholic Parish Primary School,-37.7159861,144.9639304
Fawkner North,John Fawkner Secondary College,-37.70255638,144.9727175
Fawkner Park,South Yarra Primary School,-37.84124414,144.984843
Featherbrook,Featherbrook P-9 College,-37.90053008,144.7275879
Ferntree Gully,Ferntree Gully Girl Guide Hall,-37.88093315,145.2956551
Ferntree Gully Central,Ferntree Gully Community Arts Centre,-37.88984857,145.2905844
Ferntree Gully Central,Ferntree Gully Community Arts Centre,-37.88984857,145.2905844
Ferntree Gully North,Ferntree Gully North Primary School,-37.87417184,145.2993478
Ferntree Gully Upper,Upper Ferntree Gully Primary School,-37.89591,145.31425
Ferntree Gully West,Wattleview Primary School,-37.87641862,145.2781301
Ferny Creek,Ferny Creek Primary School,-37.88441145,145.334927
Ferrars,South Melbourne Primary School,-37.82968531,144.9536342
Findon,Findon Primary School,-37.66674348,145.0511397
Findon,Findon Primary School,-37.66674348,145.0511397
Fish Creek,Fish Creek Memorial Hall,-38.69294717,146.0817233
Fitzroy,Fitzroy Primary School,-37.79956382,144.9815915
Fitzroy North,Mark Street Community Hall ,-37.78511944,144.9854044
Flamingo,The Knox School,-37.86412072,145.2197467
Flemington,St Brendans Primary School,-37.78455175,144.9319445
Flinders,St John's Anglican Church,-38.47162311,145.0112934
Flora Hill,Holy Trinity Anglican Hall,-36.7768628,144.2911524
Flowerdale,Flowerdale Primary School,-37.31712551,145.2907726
Footscray,Footscray High School - Barkly Campus,-37.79909119,144.8946935
Footscray Central,5th Footscray Scout Hall,-37.80857548,144.896473
Footscray East,Victoria University - Footscray Park Campus,-37.79378619,144.9004717
Footscray North,YMCA,-37.79496229,144.8802565
Footscray Park,Angliss Senior Citizens Hall,-37.79652721,144.9067092
Forest Hill,Holbury Childrens Centre,-37.83944657,145.1589943
Forrest,Forrest Public Hall,-38.51693805,143.7147207
Foster,Foster Secondary College,-38.65208368,146.1978215
Fountain Gate,Fountain Gate Primary School,-38.00967074,145.2952599
Frankston,St Francis Xavier Primary School,-38.14894933,145.1257486
Frankston Beach,St Pauls Anglican Church Hall,-38.14767852,145.1189051
Frankston East,Frankston East Primary School,-38.14652037,145.1467403
Frankston Forest,Monterey Secondary College,-38.12674568,145.1482713
Frankston Heights,Frankston Heights Primary School,-38.1618258,145.1472905
Frankston Rail,Chisholm Institute,-38.14400613,145.1266398
Frankston South,Frankston High School - Senior Campus,-38.16081362,145.1291261
Fyans Park,St Joseph's College - Edmund Rice Campus,-38.15124125,144.3309581
Fyansford,Kardinia International College,-38.11064045,144.3263843
Gaffney,Pascoe Vale Senior Citizens Centre,-37.72874678,144.9340973
Galvin Park,Wyndham Central College,-37.88807264,144.6530295
Gapsted,Gapsted Public Hall,-36.50809787,146.6762876
Gardenvale,Star of the Sea College,-37.89678877,144.9974094
Gardiner,St Roch's Parish Primary School,-37.85768246,145.0522948
Garfield,Garfield Primary School,-38.09072702,145.6739059
Geelong,Geelong High School,-38.15242709,144.3726775
Geelong East,Geelong East Primary School,-38.17562599,144.3830851
Geelong West,Geelong West Town Hall,-38.14096724,144.3481522
Gellibrand River,Gellibrand Hall,-38.52022168,143.5381457
Gembrook,Gembrook Primary School,-37.95176548,145.5460243
Girgarre,Girgarre Primary School,-36.39835644,144.9737401
Gisborne,Gisborne Primary School,-37.49022966,144.5890432
Gisborne South,Gisborne Secondary College,-37.49618308,144.5854492
Gladeswood,Mulgrave Primary School,-37.93299092,145.1973406
Gladstone Park,Gladstone Park Secondary College,-37.68912849,144.8895309
Gladstone Views,Gladstone Views Primary School,-37.68962028,144.8973333
Gladysdale,Gladysdale Primary School,-37.82030778,145.6511427
Glen Eagles,Mossgiel Park Primary School,-37.96838512,145.2677491
Glen Eira,Glen Eira Town Hall - Auditorium,-37.87999152,145.0226459
Glen Iris,St Oswald's Church Hall,-37.86243659,145.0709534
Glen Iris South,Solway Primary School,-37.8722568,145.0729775
Glen Katherine,St Helena Secondary College,-37.68650076,145.1386123
Glen Nichol,Holy Trinity Church Hall,-37.77316602,144.9793673
Glen Park,Glen Park Community Centre,-37.83412757,145.2725549
Glen Waverley,Glen Waverley Primary School,-37.87457229,145.1675633
Glen Waverley Central,Glen Waverley Community Centre,-37.8887173,145.161755
Glen Waverley Lower,Brandon Park Community Centre - Sports Hall,-37.90374417,145.1650078
Glen Waverley South,Brentwood Secondary College,-37.89955785,145.1661374
Glen Waverley South,Brentwood Secondary College,-37.89955785,145.1661374
Glenbervie,Essendon Primary School,-37.75317191,144.9216089
Glenburn,Glenburn Community Centre,-37.41974574,145.4257787
Glendal,Glendal Primary School,-37.86708794,145.1591194
Glenferrie,Hawthorn Arts Centre (Chandelier Room),-37.82275352,145.0359651
Glenferrie Central,Glenferrie Primary School,-37.82400304,145.0339895
Glenferrie South,Erasmus School,-37.82701986,145.0313652
Glengala,Sunshine Heights Primary School,-37.79199383,144.8178435
Glengala South,Sunshine Special Development School,-37.80313089,144.8209598
Glengarry,Glengarry Primary School,-38.12766567,146.5714692
Glenhuntly East,Glen Huntly Primary School,-37.89338416,145.0454327
Glenhuntly East,Glen Huntly Primary School,-37.89338416,145.0454327
Glenlyon,Glenlyon Shire Hall,-37.29549623,144.2447457
Glenmaggie,Glenmaggie Mechanics Institute,-37.89496897,146.7512673
Glenorchy,Glenorchy Memorial Hall,-36.90801376,142.6622161
Glenorden,Wyndham Park Primary School,-37.88490913,144.6765595
Glenrowan,Glenrowan Primary School,-36.46018322,146.2219921
Glenroy,Glenroy College,-37.70481149,144.9288068
Glenroy East,St Thomas More School,-37.70785233,144.944492
Glenroy North,Glenroy Specialist School,-37.69952154,144.9192681
Glenroy West,Glenroy West Primary School,-37.70489734,144.9085377
Glenthompson,Glenthompson Memorial Hall,-37.63806391,142.5478798
Golden Beach,Golden Beach Community Hall,-38.2110347,147.4001567
Golden Square,Golden Square Primary School (Maple Street Campus),-36.770338,144.2567198
Golden Square,Golden Square Primary School (Maple Street Campus),-36.770338,144.2567198
Golden Square South,Golden Square Girl Guide Hall,-36.77655889,144.2519089
Golf Links,Golf Links Primary School,-37.73550147,145.0742836
Goonawarra,Goonawarra Primary School,-37.58051208,144.7509967
Goorambat,Goorambat Public Hall,-36.41114759,145.9227183
Goornong,Goornong Soldiers Memorial Hall,-36.6151487,144.5055462
Gordon,Gordon Public Hall,-37.58054824,144.1037768
Gormandale,Gormandale Mechanics Institute,-38.29452222,146.7018952
Goroke,Goroke Memorial Hall,-36.71828255,141.4741322
Gowanbrae,Gowanbrae Community House,-37.70220983,144.9000103
Gowrie Park,Belle Vue Park Primary School,-37.70111271,144.9438885
Gowrie Street,Gowrie Street Primary School,-36.36652557,145.3963057
Grantville,Grantville Hall,-38.40448703,145.5326695
Grassmere,Grassmere Primary School,-38.28616415,142.5228341
Great Western,Great Western Primary School,-37.14896252,142.8517789
Greenbrook,Epping Primary School - Greenbrook Campus,-37.65000502,145.0422861
Greenhills,Greenhills Primary School,-37.69238883,145.1189779
Greensborough,Greensborough Primary School,-37.70367092,145.0992904
Greensborough,Greensborough Primary School,-37.70367092,145.0992904
Greenvale,Greenvale Primary School,-37.64098722,144.8866256
Greenvale Park,Aitken College,-37.6277715,144.8919289
Greenvale South,Greenvale Recreation Centre,-37.65033587,144.8925507
Greythorn,Greythorn Primary School,-37.8023278,145.0960542
Greythorn,Greythorn Primary School,-37.8023278,145.0960542
Grovedale,Grovedale West Primary School,-38.20777414,144.3278101
Grovedale Central,Grovedale Primary School,-38.19756301,144.3476111
Grovedale East,Grovedale Uniting Church Hall,-38.20508044,144.3413164
Gruyere,Gruyere Cricket Pavillion,-37.73149293,145.4448571
Guildford,Guildford Public Hall,-37.14934062,144.1665799
Gumnut Gully,Gumnut Gully Preschool,-37.75985777,145.1799852
Gunbower,Gunbower Memorial Hall,-35.95669266,144.370004
Guthrie Street,Guthrie Street Primary School,-36.39805371,145.3905019
Haddon,Haddon Recreation Centre,-37.58841846,143.7223634
Hadfield,Westbreen Primary School,-37.71590368,144.9366763
Hallam,Hallam Primary School,-38.00171844,145.2581939
Hallam East,Hallam Gardens Kindergarten,-38.00255705,145.2814854
Hallam Valley,Fleetwood Primary School,-38.03911924,145.3176062
Halls Gap,Halls Gap Community Hall,-37.14055937,142.519202
Hamilton,Monivae College,-37.74102627,142.0494236
Hamilton Central,Hamilton Senior Citizens Clubroom,-37.74085364,142.0244415
Hamilton North,Hamilton North Primary School,-37.72627361,141.9951883
Hamlyn Heights,Western Heights College,-38.12385788,144.3289583
Hampton,Hampton Primary School,-37.93346102,145.003342
Hampton,Hampton Primary School,-37.93346102,145.003342
Hampton Central,Hampton Uniting Church Hall,-37.93970872,145.0044265
Hampton East,Sandringham Youth Club,-37.93995991,145.0179823
Hampton Park,Hampton Park Primary School,-38.03084408,145.2519574
Hampton Park East,River Gum Primary School,-38.03469925,145.2604746
Harcourt,Harcourt Valley Primary School,-37.00265585,144.2574108
Harkaway,Harkaway Primary School,-38.00081795,145.3451352
Harkaway,Harkaway Primary School,-38.00081795,145.3451352
Harrietville,Harrietville Primary School,-36.88773651,147.0648489
Harrisfield,Harrisfield Primary School,-37.95388047,145.1793577
Harrow,Harrow RSL Hall,-37.16645,141.5922
Hartwell,Hartwell Primary School,-37.84800189,145.0839369
Hastings,Hastings Community Hall,-38.30777259,145.1941161
Haven,Haven Memorial Hall,-36.75679808,142.1941173
Hawkesdale,Hawkesdale P-12 College,-38.10676756,142.3193214
Hawksburn,Toorak - South Yarra Library,-37.84003938,144.9994595
Hawksburn Central,Renown Kindergarten,-37.84390012,144.9930174
Hawthorn,Hawthorn West Primary School,-37.8198729,145.0177214
Hazelwood North,Hazelwood North Primary School,-38.26837726,146.4475488
Healesville,Healesville High School,-37.64349569,145.5307584
Healesville Central,Healesville Memorial Hall,-37.65360211,145.5176993
Heany Park,Heany Park Primary School,-37.93399634,145.2427079
Heathcote,Heathcote RSL Hall,-36.92316543,144.7093939
Heatherdale,Heatherdale Pre-School,-37.82045817,145.2086336
Heatherhill,Heatherhill Primary School,-37.96293765,145.1580712
Heatherhill,Heatherhill Primary School,-37.96293765,145.1580712
Heatherton North,St Andrew's Primary School,-37.93469708,145.1068039
Heathmont,Heathmont Uniting Church Hall,-37.82691465,145.2470231
Heathmont East,Heathmont East Primary School,-37.83060522,145.2558903
Heathmont West,Heathmont College,-37.83849593,145.2339097
Heathmont West,Heathmont College,-37.83849593,145.2339097
Heidelberg,Our Lady of Mercy College,-37.7585406,145.0679687
Heidelberg West,St Pius X Parish Hall,-37.7472884,145.0467617
Hepburn Springs,Hepburn Primary School,-37.30952186,144.1324686
Heyfield,Heyfield Memorial Hall,-37.98469269,146.7843176
Heywood,Heywood Senior Citizens Club,-38.13132341,141.6320864
Highett,Sandringham Secondary College - Highett Campus,-37.95152429,145.0212647
Highett South,Highett Neighbourhood Community House,-37.94751018,145.0380899
Highfield,St Dominic's Parish Primary School,-37.83859803,145.0839951
Highton,Highton Primary School,-38.17215544,144.3164689
Highton Central,St Luke's Uniting Church,-38.16920478,144.3104003
Highton North,Montpellier Primary School,-38.16617749,144.3161841
Highvale,Highvale Primary School,-37.86716988,145.1741095
Hillside,Sydenham-Hillside Primary School - Hillside Campus,-37.6865005,144.7364454
Hillsmeade,Hillsmeade Primary School,-38.06441885,145.3078005
Hoddles Creek,Hoddles Creek Primary School,-37.83194384,145.597834
Holloway,Sandringham Secondary College,-37.95694086,145.0236821
Holy Trinity - Eltham North,Holy Trinity Primary School,-37.69780782,145.135493
Homestead,Homestead Senior Secondary College,-37.91565323,144.7687605
Hopetoun,Senior Citizens Clubrooms,-35.72879624,142.3642298
Horsham East,Horsham C.W.A. Hall,-36.71336785,142.2051251
Horsham North,Horsham Primary School - Rasmussen Campus,-36.69709219,142.2054123
Horsham South,Green Park Kindergarten,-36.72691173,142.2086895
Horsham West,Horsham West Primary School,-36.71704921,142.1803507
Hosie,Richmond High School - Gleadell Campus,-37.81751166,145.0016003
Hotham Hill,North Melbourne Community Centre,-37.79331522,144.9404704
Hughesdale,Hughesdale Community Centre,-37.89821297,145.0761763
Hughesdale South,Coatesville Uniting Church Hall,-37.90863647,145.0762134
Hughesdale South,Coatesville Uniting Church Hall,-37.90863647,145.0762134
Hume Central,Hume Central Secondary College - Dimboola Campus,-37.68167974,144.909945
Huntingdale,Oakleigh Occasional Care Centre,-37.90643929,145.111865
Huntly,Huntly Primary School,-36.66255129,144.334642
Hurstbridge,Hurstbridge Primary School,-37.6362539,145.198423
Hyde,Footscray City Primary School,-37.80640907,144.8988396
Hyde,Footscray City Primary School,-37.80640907,144.8988396
Hyde Park,1st Kew Scout Hall,-37.79174947,145.0398352
Indented Head,Indented Head Community Hall,-38.14244651,144.7132885
Inglewood,Inglewood Primary School,-36.57397426,143.8702415
Invergordon,Invergordon Recreation Reserve Public Hall,-36.14996286,145.6105846
Inverleigh,Inverleigh Primary School,-38.10103452,144.0549562
Inverloch,Inverloch Community Hub,-38.63368907,145.7276639
Iramoo,Iramoo Primary School,-37.89545382,144.6270561
Ironbark,Violet Street Primary School,-36.75752963,144.2652277
Irrewillipe East,Irrewillipe Public Hall,-38.41065656,143.4414313
Irymple,Irymple Senior Citizens Centre,-34.23377085,142.168498
Ivanhoe,Ivanhoe Primary School,-37.76627266,145.0415689
Ivanhoe East,St George's Anglican Church,-37.77386442,145.0597658
Ivanhoe West,St Bernadette's School Hall,-37.76281217,145.0347632
Jacksons Hill,Sunbury Primary School,-37.59593024,144.7281926
Jamieson,Jamieson Memorial Hall,-37.30203731,146.1377286
Jamieson Way,Carranballac P-9 College - Jamieson Way Campus,-37.89500156,144.7452078
Jells Park,Jells Park Primary School,-37.90294524,145.1927808
Jeparit,Jeparit Memorial Town Hall,-36.14317295,141.9873047
Jindivick,Jindivick Primary School,-38.02756698,145.9011759
Jobs Gully,Eaglehawk Secondary College,-36.72112181,144.2623506
John Paul College,John Paul College,-38.13793505,145.139083
Johnsonville,Johnsonville Public Hall,-37.82014465,147.8302158
Jordanville South,St Mary Magdalene's Centre,-37.87952115,145.1010318
Junortoun,Bendigo Baptist Church,-36.77018249,144.3459672
Kalinda,Kalinda Primary School,-37.78928887,145.2548864
Kalinda,Kalinda Primary School,-37.78928887,145.2548864
Kallista,Kallista Primary School,-37.88521386,145.3705908
Kananook,Kananook Primary School,-38.12491453,145.1316268
Kangaroo Flat,Crusoe Secondary College,-36.78954804,144.2346636
Kangaroo Flat South,St Monica's Primary School,-36.79482191,144.2454004
Kangaroo Flat South,St Monica's Primary School,-36.79482191,144.2454004
Kangaroo Flat South West,Kangaroo Flat Community and Neighbourhood House,-36.80362994,144.2352366
Kangaroo Ground,Kangaroo Ground Primary School,-37.69158903,145.2139857
Kaniva,Kaniva Wesley Hall,-36.37831477,141.2409857
Kardinia Park,Kardinia Park Senior Citizens Club,-38.16007165,144.3547319
Karingal Heights,Karingal Heights Primary School,-38.14143005,145.166934
Karoo,Karoo Primary School,-37.9053531,145.2637294
Katamatite,Katamatite Sports and Community Hub,-36.07611382,145.6901275
Katandra West,Katandra West Primary School,-36.22579589,145.5602219
Katunga,Katunga Primary School,-35.99896567,145.4553158
Kealba,St Paul's Kealba Catholic School,-37.73393474,144.8192838
Keilor,Keilor Primary School,-37.7169732,144.8357665
Keilor Downs,Keilor Views Primary School,-37.71779457,144.8092674
Keilor East,St Peter's Parish,-37.74462964,144.8586715
Keilor Heights,Keilor Heights Primary School,-37.73752928,144.8662293
Keilor Park,Keilor Park Kindergarten,-37.72067379,144.8579888
Keilor South,Essendon Keilor College - Keilor East Campus,-37.74005002,144.8696537
Kennington,St Therese's Primary School,-36.76684215,144.2980122
Kensington,Kensington Primary School,-37.79283902,144.9276046
Keon Park,Keon Park Children's Hub,-37.70082043,145.021625
Kerang,Kerang Memorial Hall,-35.73455519,143.9172975
Kerang North,Kerang Technical High School - Thornley Hall,-35.72617822,143.9144317
Kerferd South,Middle Park Primary School,-37.84791797,144.9572901
Kergunyah,Kergunyah Memorial Hall,-36.32766804,147.0303277
Kerrimuir,Kerrimuir Primary School,-37.80362286,145.1345547
Kew,Kew Primary School,-37.80470613,145.033041
Kew East,Kew East Uniting Church Hall,-37.79755466,145.0558885
Kew North,Kew East Primary School,-37.79657137,145.0495202
Kew South,Trinity Grammar School,-37.81077934,145.034647
Keysborough Gardens,Keysborough Gardens Primary School,-38.00946446,145.1612295
Keysborough Park,Springers Leisure Centre,-37.99567154,145.154395
Kialla,Kialla Central Primary School,-36.45250036,145.4316812
Kialla West,Kialla West Primary School,-36.46584958,145.3897353
Kidman,Wangala Primary School,-38.18565004,144.3389154
Kilberry Valley,Kilberry Valley Primary School,-38.03359006,145.2796271
Kilcunda,Kilcunda Community Centre,-38.54878776,145.4750541
Kilmore,Assumption College,-37.3020816,144.9478903
Kilsyth,Kilsyth Primary School,-37.802131,145.3152415
Kilsyth South,Gladesville Primary School,-37.81102736,145.3228644
Kinglake,Kinglake Primary School,-37.52142059,145.3560216
Kinglake West,Kinglake West Mechanics Institute Hall,-37.48106073,145.2583069
Kings Park,Copperfield College - Kings Park Campus,-37.73090632,144.771089
Kings Park,Copperfield College - Kings Park Campus,-37.73090632,144.771089
Kings Park,Copperfield College - Kings Park Campus,-37.73090632,144.771089
Kingsbury,Kingsbury Primary School,-37.71624538,145.037335
Kingsley Park,Kingsley Park Primary School,-38.16810624,145.1574169
Kingston Heath,Kingston Heath Primary School,-37.9629013,145.0794983
Kingsville,Kingsville Primary School,-37.8125919,144.8747395
Kingsville South,Wembley Primary School,-37.8210595,144.8745051
Kingsville South,Wembley Primary School,-37.8210595,144.8745051
Kingsville West,Kingsville Kindergarten,-37.80425714,144.8711068
Kingswood,Chadwick Reserve Pavilion,-37.98358755,145.119925
Knight Street,St Brendan's Primary School,-36.37490632,145.4080973
Knox,St Joseph's Primary School,-37.86156387,145.2749805
Knox Gardens,Knox Gardens Primary School,-37.88213029,145.2296395
Knox Park,Knox Park Primary School,-37.88376319,145.2512697
Knoxfield North,Kent Park Primary School,-37.88345437,145.2626255
Kongwak,Kongwak Primary School,-38.51509099,145.7129454
Koo Wee Rup,Koo Wee Rup Community Centre,-38.20053126,145.487657
Koondrook,Barook Senior Citizens Rooms,-35.64125462,144.1304083
Koonung Heights,Box Hill Senior Secondary College,-37.80916059,145.1118434
Koonwarra,Koonwarra Village School,-38.54868439,145.9437195
Koorlong,Koorlong Primary School,-34.27791659,142.085243
Kooyong,Vision Australia Kooyong,-37.83839826,145.032629
Kooyong,Vision Australia Kooyong,-37.83839826,145.032629
Koroit,Koroit Senior Citizens Rooms,-38.29283408,142.3674495
Korumburra,St Paul's Anglican Parish Hall,-38.43581698,145.8226832
Koyuga,Koyuga Public Hall,-36.21881283,144.8918532
Kunyung,Kunyung Primary School,-38.18695571,145.0760762
Kurunjang,Kurunjang Secondary College,-37.67251135,144.5842172
Ky Valley,Kyvalley Public Hall,-36.28395758,145.0058719
Kyabram,Kyabram P-12 College,-36.3179887,145.0560032
Kyneton,Kyneton Toyota Sports-Aquatic Centre,-37.24853966,144.4583398
Kyneton East,Sacred Heart College - Kyneton,-37.25334241,144.4570827
Labertouche,Labertouche Public Hall,-38.04814007,145.8064666
Laburnum,Laburnum Primary School,-37.82714176,145.138746
Laharum,Laharum Public Hall,-36.94636,142.32335
Lake Boga,Lake Boga Community Centre,-35.46500735,143.6302429
Lake Bolac,Lake Bolac Memorial Hall,-37.71321848,142.8398088
Lake Charm,Lake Charm Hall,-35.60889104,143.8024385
Lake Park,Lake Park Kindergarten,-37.73069679,144.9665619
Lakes Entrance,Lakes Entrance Mechanics Institute,-37.88019151,147.9856776
Lakes Entrance East,St Brendan's Catholic Primary School,-37.87341546,148.0120245
Lakeside East,Lakeside Lutheran College,-38.06532355,145.4540425
Lalbert,Lalbert Community Centre,-35.67176047,143.3775724
Lalor,Lalor Secondary College,-37.67190354,145.0311118
Lalor East,Lalor East Primary School,-37.67667434,145.0355076
Lalor North,Lalor North Primary School,-37.66355513,145.0282768
Lalor North East,Lalor North Secondary College,-37.66101308,145.0340618
Lalor North East,Lalor North Secondary College,-37.66101308,145.0340618
Lalor Park,Peter Lalor Secondary College,-37.66673095,145.0127495
Lalor South,Barry Road Community Activity Centre,-37.67160859,144.9975632
Lalor West,Lalor Gardens Primary School,-37.66374452,145.0010641
Lancaster,Lancaster Primary School,-36.31334495,145.1321751
Lancefield,Lancefield Primary School,-37.27468739,144.7263166
Landcox,Gardenvale Primary School - Senior School Campus,-37.90223592,145.0153618
Landsborough,Landsborough Public Hall,-37.00888,143.13401
Lang Lang,Lang Lang Primary School,-38.26305261,145.5694559
Langwarrin,Elisabeth Murdoch College,-38.15837242,145.190227
Langwarrin Hall,Langwarrin Public Hall,-38.15170737,145.1918502
Langwarrin Park,Langwarrin Park Primary School,-38.15080605,145.2026878
Lara,Lara Community Centre,-38.02220605,144.4097782
Lara Central,Lara Hall,-38.02203602,144.3976928
Lara Lake,Lara Lake Primary School,-38.03040545,144.395989
Launching Place,Launching Place Primary School,-37.78268084,145.5709402
Laurimar,Laurimar Primary School,-37.58595322,145.128068
Lavers Hill,Lavers Hill Public Hall,-38.68261783,143.3870792
Laverton,Laverton Community Hub,-37.86522263,144.7687544
Laverton North,Laverton P-12 College,-37.8572475,144.7713449
Learmonth,Learmonth Football and Netball Club,-37.42158313,143.7128857
Leitchville,Leitchville Primary School,-35.90879086,144.3022848
Lemnos,Lemnos Primary School,-36.35777963,145.4625847
Leongatha,Dakers Centre,-38.47722563,145.9423935
Leongatha East,Leongatha Secondary College,-38.47961624,145.9571663
Leongatha South,Leongatha South and District Community Centre,-38.52981329,145.8803373
Leopold,LINC Stadium (Leopold Primary School),-38.1880715,144.4644283
Lethbridge,Lethbridge Public Hall,-37.96610869,144.1341467
Lexton,Lexton Community Centre,-37.27494498,143.5145017
Lillico,Nilma North and Lillico Memorial Hall,-38.13224215,145.9859324
Lilydale,Lilydale Primary School,-37.75394185,145.3540787
Lilydale Heights,Lilydale Heights College,-37.7460891,145.341416
Lilydale Lake,Lilydale Baptist Church,-37.77683046,145.3626999
Lilydale West,Victoria Roads Primary School,-37.75622127,145.3368431
Lincoln,Croydon Community School,-37.78985756,145.2806507
Lindenow,Lindenow Pre-School,-37.80002044,147.4565694
Linton,Linton Recreation Reserve,-37.68403,143.56666
Lismore,Lismore Primary School,-37.95433857,143.3394101
Little River,Little River Primary School,-37.96450841,144.5010856
Loch,Loch Public Hall,-38.36980833,145.707391
Loch Sport,Loch Sport Community House,-38.0339645,147.5998068
Lockington,Lockington Community Centre,-36.26907357,144.5368693
Lockwood,Lockwood Primary School,-36.80285779,144.1614906
Longford,Longford Primary School,-38.16960583,147.0880553
Longwarry,Longwarry Public Hall,-38.11388033,145.7675968
Longwood,Longwood Community Centre,-36.80447276,145.4236713
Lorne,Lorne Community Connect,-38.53696647,143.9734346
Lower Plenty,Lower Plenty Primary School,-37.7266002,145.1155517
Lower Templestowe,Bulleen Heights School - Manningham Road Campus,-37.77223366,145.1048216
Loxwood,Resurrection Primary School,-37.98930748,145.163398
Loxwood,Resurrection Primary School,-37.98930748,145.163398
Lucas,Lucas Primary School,-37.54814326,143.7810072
Lucas,Lucas Primary School,-37.54814326,143.7810072
Lucknow,Bairnsdale Baptist Church,-37.81943492,147.6544585
Lucknow West,Lucknow Primary School,-37.8137976,147.63037
Ludstone,Ludstone Scout Hall,-37.9341046,145.0129262
Lurg,Lurg Public Hall,-36.58192208,146.1261274
Lynbrook,Lynbrook Primary School,-38.0523999,145.2491093
Lyndale,Lyndale Secondary College,-37.95656617,145.2062586
Lyndale,Lyndale Secondary College,-37.95656617,145.2062586
Lyndhurst,Lyndhurst Secondary College,-38.07409491,145.2695905
Lyndhurst,Lyndhurst Secondary College,-38.07409491,145.2695905
Lyndhurst West,Lyndhurst Primary School,-38.07394245,145.2545621
Lyrebird,Lyrebird Community Centre,-38.10295376,145.1870258
Lysterfield,Lysterfield Primary School,-37.91155435,145.276154
Macarthur,Macarthur Primary School,-38.03077136,142.001495
Macclesfield,Macclesfield Primary School,-37.88972291,145.4755008
Macedon,Macedon Primary School,-37.41870064,144.5634875
Macleod,Macleod College,-37.72554128,145.0709333
Macleod,Macleod College,-37.72554128,145.0709333
Maffra,Maffra Uniting Church Hall,-37.96513261,146.9775841
Magpie,Magpie Primary School,-37.61637476,143.8434561
Maiden Gully,Maiden Gully Primary School,-36.74364279,144.210066
Maidstone,Footscray North Primary School,-37.78716182,144.8835095
Maidstone West,Maidstone Child and Family Centre,-37.78687665,144.8728652
Mailors Flat,Mailors Flat Hall,-38.29093032,142.4733015
Maldon,Maldon Community Centre,-36.99590473,144.0688841
Mallacoota,Miva Miva Centre,-37.55893489,149.7500782
Malmsbury,Malmsbury Primary School,-37.18726962,144.3867725
Malvern,Malvern Central School,-37.85623389,145.0343077
Malvern Central,Korean Church of Melbourne,-37.86706803,145.0325961
Malvern East,Lloyd Street Primary School,-37.87281774,145.0565536
Malvern Lower,Lauriston Girls School,-37.85261452,145.0247425
Malvern South,Malvern Primary School,-37.87100724,145.038666
Manangatang,Manangatang Community Centre,-35.05712677,142.8827089
Manchester,Manchester Primary School,-37.77152212,145.3099075
Manchester,Manchester Primary School,-37.77152212,145.3099075
Mandama,Mandama Primary School,-38.19991862,144.327046
Mandurang,Mandurang Public Hall,-36.82648979,144.3029129
Manifold Heights,Manifold Heights Primary School,-38.13656808,144.3340466
Manifold Heights West,Western Heights Uniting Church,-38.13215361,144.3268642
Manningham,St Clement of Rome Primary School,-37.76772461,145.0909781
Manooka,Burwood East Special Developmental School,-37.85711894,145.1417695
Manor Lakes,Manor Lakes P-12 Specialist College,-37.8739061,144.6015101
Manorvale,Manorvale Primary School,-37.8935401,144.645246
Mansfield,Mansfield Sporting Complex,-37.05519447,146.0869148
Maralinga,Chandler Park Primary School,-37.99254771,145.1804773
Maramba,Maramba Primary School,-38.00375025,145.3024648
Maribyrnong River,Maribyrnong Community Centre,-37.76685557,144.8876389
Marlo,Marlo Primary School,-37.79661795,148.5347515
Marnoo,Marnoo Primary School,-36.6765048,142.8704111
Marong,Marong Community Centre,-36.73356853,144.1330357
Maryborough,Genesis Church,-37.04492008,143.7356862
Maryborough East,Highview College,-37.053332,143.7356028
Maryknoll,Father Pooley Memorial Hall,-38.03250498,145.6018682
Marymeade,Marymede Catholic College,-37.64273288,145.0924263
Marysville,Marysville Primary School,-37.51226844,145.7492039
McCrae,St Katherine's Anglican Hall,-38.3501614,144.9292648
McKinnon,McKinnon Public Hall,-37.910842,145.0358772
McKinnon East,McKinnon Secondary College,-37.91240108,145.0493445
Meadow Glen,Mill Park Secondary College - Senior Campus,-37.64461317,145.062223
Meadow Heights,Meadow Heights Primary School,-37.65022319,144.9230154
Meeniyan,Meeniyan Primary School,-38.57911009,146.0155512
Melbourne,The Scots' Church Melbourne,-37.81477421,144.9684546
Melton,Melton Primary School,-37.68050954,144.5877257
Melton Central,Melton Community Hall,-37.68166876,144.5865152
Melton South,Melton South Primary School,-37.70906281,144.5749247
Melton West,Melton Secondary College,-37.68144471,144.5683866
Melville,St Joseph's School Hall (Brunswick West),-37.76232605,144.9433679
Melville,St Joseph's School Hall (Brunswick West),-37.76232605,144.9433679
Mentone,Kilbreda College,-37.98433333,145.0649324
Mentone,Kilbreda College,-37.98433333,145.0649324
Mentone North,Mentone Scout Hall,-37.97875008,145.0755644
Mentone Park,Mentone Park Primary School,-37.98016022,145.0831815
Mentone West,Mentone Girls Secondary College,-37.98011753,145.0547616
Menzies Creek,Menzies Creek Primary School,-37.91700421,145.394013
Merbein,Merbein Community Hub,-34.1673951,142.0584843
Meredith,Meredith Memorial Hall,-37.84525022,144.071372
Merino,Merino Consolidated School,-37.70660731,141.5486886
Merlynston,Merlynston Progress Hall,-37.71985703,144.9595208
Mernda,Mernda Primary School,-37.59296412,145.0914161
Mernda Central,Mernda Central P-12 College,-37.60502816,145.088212
Mernda Park,Mernda Park Primary School,-37.61485691,145.0957357
Mernda Park,Mernda Park Primary School,-37.61485691,145.0957357
Merri,Merri Creek Primary School,-37.77688162,144.9872341
Merrigum,Merrigum Primary School,-36.36931359,145.1302012
Merrijig,Merrijig Primary School,-37.10300391,146.2577896
Merrilands,William Ruthven Secondary College,-37.69492095,145.0039386
Merton,Merton Memorial Hall,-36.97649,145.70926
Metung,Metung Primary School,-37.88328525,147.8526047
Mickleham,Newbury Primary School,-37.57046568,144.9094771
Mickleham North,Gaayip-Yagila Primary School,-37.52728115,144.9102147
Middle Brighton,Firbank Grammar Junior School,-37.90728344,144.9973545
Middle Park,Middle Park Bowling Club,-37.84954486,144.9652138
Middlefield,Old Orchard Primary School,-37.80705984,145.1502057
Milawa,Milawa Primary School,-36.44425407,146.4324237
Mildura,Salvation Army Church,-34.2060035,142.1560895
Mildura City Central,Mildura Church of Christ,-34.1877803,142.1585627
Mildura Deakin,Chaffey Secondary College - Assembly Hall,-34.19633428,142.1470642
Mildura Ranfurly,Ranfurly Primary School,-34.19321933,142.1331527
Mildura South,Mildura South Primary School,-34.21282949,142.1271446
Mildura West,Mildura West Primary School,-34.18017927,142.1513075
Milgate,Milgate Primary School,-37.7736094,145.1750619
Mill Park,Mill Park Primary School,-37.67476733,145.0658668
Mill Park Heights,Mill Park Heights Primary School,-37.65720263,145.0517704
Millgrove,Millwarra Primary School (Millgrove Campus),-37.7527588,145.6515888
Miners Rest,Miners Rest Primary School,-37.47795248,143.795041
Minyip,Minyip Memorial Hall,-36.46017794,142.5864653
Mirboo North,Mirboo North Town Hall,-38.40074054,146.1549005
Mitcham,Mitcham Uniting Church Hall,-37.81525059,145.1962735
Mitcham South,Rangeview Primary School,-37.82964492,145.2062518
Mitcham South,Rangeview Primary School,-37.82964492,145.2062518
Mitchell,Thomas Mitchell Primary School,-37.98067797,145.2737546
Mitchell Street,St Margaret Mary's Church Hall,-37.75813499,144.9683311
Moe,Albert Street Primary School,-38.17435833,146.2652485
Moe Central,Baringa Special School,-38.19151129,146.2574033
Moe West,St Kieran's School Hall,-38.17944014,146.2541929
Monash East,Notting Hill Neighbourhood House,-37.90637215,145.1493787
Monbulk Central,Monbulk Community Hub,-37.87584429,145.4093731
Monmia,Monmia Primary School,-37.71651508,144.7927466
Mont Albert,Mont Albert Primary School,-37.81303403,145.1038265
Montmorency,Montmorency Primary School,-37.71743363,145.1217434
Montmorency South,Montmorency South Primary School,-37.72445044,145.1291058
Montrose,Montrose Primary School,-37.80797881,145.344587
Montrose South,Billanook Primary School,-37.82488135,145.3394193
Moolap,Moolap Primary School,-38.17052557,144.4239928
Moomba Park,Moomba Park Primary School,-37.69568847,144.9671211
Moonambel,Moonambel State Primary School,-36.98958595,143.3210201
Moonee Ponds,Lowther Hall Anglican Grammar School,-37.75877829,144.9157437
Moonee Ponds Central,Moonee Ponds Primary School,-37.76254986,144.9327361
Moonee Ponds West,Moonee Ponds West Primary School,-37.76895875,144.9093123
Moorabbin Central,City of Kingston Town Hall,-37.93382539,145.035669
Moorabbin Central,City of Kingston Town Hall,-37.93382539,145.035669
Moorabbin Heights,East Bentleigh Primary School,-37.934512,145.0692726
Moorabbin South,Tucker Road Bentleigh Primary School,-37.9322469,145.0488823
Moorabbin South East,Wickham Road Uniting Church Hall,-37.94548347,145.0465085
Moorabbin South East,Wickham Road Uniting Church Hall,-37.94548347,145.0465085
Moorooduc,Moorooduc Primary School,-38.24840007,145.1049717
Mooroolbark,St Peter Julian Eymard Parish Centre,-37.78718895,145.3164964
Mooroolbark East,Mooroolbark East Primary School,-37.78649759,145.3357719
Mooroolbark South,Pembroke Primary School,-37.79672935,145.3273726
Mooroolbark South,Pembroke Primary School,-37.79672935,145.3273726
Mooroopna,Mooroopna Primary School,-36.39101553,145.3602923
Morack,Vermont Secondary College,-37.84343277,145.2005297
Morang South,Morang South Primary School,-37.65314818,145.0958619
Morang South,Morang South Primary School,-37.65314818,145.0958619
Mordialloc East,Allan McLean Hall,-38.00420373,145.0863235
Moreland,Moreland Primary School,-37.75488289,144.9662572
Moreland,Moreland Primary School,-37.75488289,144.9662572
Moriac,Moriac Community Centre,-38.24484879,144.174665
Mornington,St Mark's Uniting Church,-38.22163221,145.0376934
Mornington East,Benton Junior College,-38.2463,145.06113
Mornington South,Peninsula Community Theatre,-38.23194969,145.0396178
Mortlake,Mortlake Soldiers Memorial Hall,-38.07966517,142.8102296
Morwell,Morwell Senior Citizens Centre,-38.23741717,146.3899999
Morwell Central,St Mary's Anglican Church,-38.23517192,146.3946397
Morwell East,Revival Centre International,-38.21891657,146.4183285
Morwell Estate,Kurnai Secondary College,-38.22833916,146.4327677
Mossfiel,Mossfiel Primary School,-37.87286243,144.69596
Mount Clear,Damascus College,-37.61210399,143.8695314
Mount Dandenong,Mount Dandenong Primary School,-37.83003341,145.3616562
Mount Derrimut,Derrimut Primary School,-37.78863592,144.7641728
Mount Duneed,Mount Duneed Regional Primary School,-38.24112644,144.3197863
Mount Duneed Central,Mirripoa Primary School,-38.22504565,144.3283629
Mount Eccles,Mount Eccles Mechanics Institute,-38.36346605,145.9761118
Mount Egerton,Mount Egerton Mechanics Institute,-37.62803976,144.1050909
Mount Evelyn,Reformed Church of Mount Evelyn,-37.78384882,145.376524
Mount Macedon,Mount Macedon Primary School,-37.40494936,144.5842268
Mount Pleasant,Mount Pleasant Primary School,-37.57805009,143.8585519
Mount Ridley,Mount Ridley P-12 College,-37.57945081,144.9235906
Mount View,Mount View Primary School,-37.88348601,145.1793464
Mount Wallace,Mount Wallace Reserve Hall,-37.73864514,144.2186569
Mount Waverley North,Mount Waverley Secondary College - Senior Campus,-37.86834476,145.1338626
Mount Waverley South,Mount Waverley Primary School,-37.88135617,145.1222443
Mountain Gate,Mountain Gate Primary School,-37.88589866,145.2692072
Moyhu,Moyhu Memorial Hall,-36.5779078,146.3755651
Moyston,Moyston Hall,-37.30242955,142.7661171
Mt Beauty,Mount Beauty Community Centre,-36.74291075,147.1707263
Mt Eliza,Mount Eliza Secondary College,-38.18895556,145.0932521
Mt Eliza Central,Toorak College,-38.17276,145.09432
Mt Eliza North,Mt Eliza North Primary School,-38.18838,145.10084
Mt Eliza South,Mount Eliza Primary School,-38.19517326,145.0916808
Mt Erin,Mount Erin College,-38.17439507,145.1462077
Mt Evelyn South,Mount Evelyn Primary School,-37.7907012,145.3886773
Mt Martha,Mt Martha Primary School,-38.2754004,145.0133393
Mudgegonga,Mudgegonga Hall,-36.49321802,146.8296989
Mulgrave,Wellington Reserve Community Centre,-37.92610127,145.1621117
Murchison,Murchison Community Centre,-36.61827434,145.2160035
Murrabit,Murrabit Public Hall,-35.52656939,143.9562114
Murray,Newlands Senior Citizens Club,-37.73604119,144.981116
Murray,Newlands Senior Citizens Club,-37.73604119,144.981116
Murrayville,Mallee Track Health and Community Service,-35.26262745,141.1806817
Murrumbeena,Murrumbeena Primary School,-37.88693556,145.0701654
Murrumbeena South,Duncan Mackinnon Reserve Pavillion,-37.90593578,145.0637175
Murtoa,Murtoa Uniting Church Education Centre,-36.62076463,142.470371
Myrniong,Myrniong Primary School,-37.61982145,144.346383
Myrtleford,Myrtleford Uniting Church Hall,-36.56281676,146.7274439
Nagambie,Nagambie Senior Citizens Hall,-36.78173227,145.155019
Nambrok,Nambrok-Denison Primary School,-38.05470272,146.8741975
Nandaly,Nandaly Hall,-35.3084286,142.6992062
Nangiloc,Nangiloc-Colignan Primary School,-34.47354152,142.3579021
Nanneella,Nanneella Estate Primary School,-36.3127521,144.777998
Napoleons,Napoleons Primary School,-37.67909211,143.8273716
Nar Nar Goon,Nar Nar Goon Community Centre,-38.082994,145.5742689
Nar Nar Goon North,Nar Nar Goon North Public Hall,-38.01859972,145.555574
Narbethong,Narbethong Community Hall,-37.55106,145.65963
Naringal,Naringal Public Hall,-38.39617929,142.6930538
Narracan,Narracan Public Hall,-38.25950988,146.227472
Narrawong,Narrawong Mechanics Institute,-38.25320191,141.7100519
Narre Warren,Narre Warren Mechanics Institute Hall,-38.02400566,145.3059511
Narre Warren North,Narre Warren North Primary School,-37.97850035,145.3168249
Narre Warren South,Narre Warren South P-12 College,-38.05036958,145.2857487
Nathalia,Nathalia Uniting Church Hall,-36.05691602,145.2073615
Natimuk,Natimuk Soldiers Memorial Hall,-36.74267606,141.9401225
Neerim Junction,Neerim Junction Public Hall,-37.92820491,145.9613395
Neerim South,Neerim South Primary School,-38.01562367,145.9552608
Nelson,Nelson Community Centre,-38.04778972,141.0064513
Nerrena,Nerrena Public Hall,-38.50929876,145.9973022
Netherby,Netherby Hall,-36.10861309,141.6516017
New Gisborne,New Gisborne Primary School,-37.46289389,144.5948093
Newborough,Newborough Public Hall,-38.18669593,146.2918363
Newborough East,Newborough East Primary School,-38.17913048,146.2939687
Newbridge,Newbridge Public Hall,-36.74048792,143.9002348
Newcomb,Newcomb Park Primary School,-38.16535002,144.3949005
Newcomb South,Newcomb Secondary College,-38.17102148,144.3936069
Newham,Newham Primary School,-37.31191834,144.594432
Newhaven,Newhaven Community Hall,-38.51344982,145.3582513
Newlands,Newlands Primary School,-37.73032819,144.9857856
Newlands,Newlands Primary School,-37.73032819,144.9857856
Newlands Arm,Newlands Arm Community Centre,-37.92808327,147.6927617
Newlyn,Newlyn Primary School,-37.4120285,143.9842009
Newmarket,Wingate Avenue Community Centre,-37.77917267,144.9196492
Newmerella,Newmerella Primary School,-37.7352294,148.433591
Newport,Newport Lakes Primary School,-37.83796137,144.8783931
Newport East,Home Road Kindergarten,-37.84116702,144.8876869
Newport West,Bayside Secondary College - Paisley Campus,-37.84344126,144.863747
Newry,Upper Maffra Mechanics Institute,-37.91652213,146.8959885
Newstead,Newstead Community Centre,-37.1070809,144.0604946
Nhill,Nhill Uniting Church Hall,-36.33516061,141.648472
Nichols Point,Nichols Point Primary School,-34.20790189,142.204285
Nicholson,Nicholson Recreation Rooms,-37.81568335,147.7482969
Niddrie,Airport West Uniting Church,-37.72543865,144.8743736
Niddrie Central,Rosehill Secondary College,-37.74675296,144.8848539
Nilma,Nilma Primary School,-38.16566,145.9742556
Noble Park,Noble Park Primary School,-37.9709372,145.1736692
Noble Park,Noble Park Primary School,-37.9709372,145.1736692
Noble Park North,Noble Park Community Centre,-37.96169122,145.1729331
Noble Park South,Keysborough College - Acacia Campus,-37.98446762,145.1825981
Noojee,Noojee Community Hall,-37.89265289,145.9982127
Noorat,Noorat Primary School,-38.19095653,142.9285782
Norlane,Cloverdale Community Centre,-38.07281621,144.3438505
Norlane West,Northern Bay College - Peacock Campus,-38.08899869,144.3428257
Norris Bank,Norris Bank Primary School,-37.69356066,145.0439259
North Melbourne,North Melbourne Primary School,-37.79813734,144.9511457
North Melbourne East,St Joseph's Flexible Learning Centre,-37.80378508,144.9550429
North Shore,Northern Bay P-12 College - Tallis Campus,-38.08961171,144.3650663
North Warrandyte,North Warrandyte Family Centre,-37.72922284,145.2149219
Northcote,Santa Maria College,-37.76996883,145.0036503
Northcote North,Northcote Baptist Church Hall,-37.76370955,144.9998804
Northcote South,Westgarth Primary School,-37.77758453,145.0063986
Northvale,Albany Rise Primary School,-37.92853401,145.1728215
Norwood,Norwood Secondary College,-37.80020525,145.2376512
Norwood,Norwood Secondary College,-37.80020525,145.2376512
Nowa Nowa,Nowa Nowa Community Health Centre,-37.7305121,148.0925884
Nullawarre,Nullawarre Public Hall,-38.46978522,142.7545383
Numurkah,Numurkah Town Hall,-36.09225791,145.4428669
Nunawading,1st Nunawading Scout Hall,-37.8145469,145.1736283
Nunawading East,Mullauna Secondary College,-37.80684892,145.19021
Nunawading South,Mt Pleasant Road Primary School,-37.82853253,145.1801908
Nunawading South,Mt Pleasant Road Primary School,-37.82853253,145.1801908
Nungurner,Nungurner Primary School,-37.86550395,147.8887693
Nyah,Nyah Memorial Hall,-35.17323388,143.3771406
Nyah West,Nyah District Primary School,-35.18576116,143.3430622
Nyora,Nyora Primary School,-38.33623297,145.6746143
Oak Park,Oak Park Primary School,-37.71549933,144.9147011
Oakgrove,Oakgrove Community Centre,-38.05717548,145.2983001
Oakleigh Central,Emmanuel Anglican Church Hall,-37.90654158,145.0899592
Oakleigh East,Amsleigh Park Primary School,-37.9004356,145.109298
Oakleigh North,Christ Our Holy Redeemer Primary School,-37.8967344,145.1049486
Oakleigh South,Oakleigh South Primary School,-37.92265763,145.0945198
Oatlands,Oatlands Primary School,-38.00642887,145.3163324
Oberon,Oberon Primary School,-38.17893191,144.3420273
Ocean Grove,Ocean Grove Primary School,-38.26418055,144.5224428
Officer,Officer Primary School,-38.05823954,145.4102938
Officer East,St Francis Xavier College Officer Campus,-38.06085765,145.4364883
Officer South East,Bridgewood Primary School,-38.07187279,145.4196223
Olinda,Olinda Primary School,-37.8547606,145.3660978
Olympic Village,Olympic Village Primary School,-37.7405231,145.0409971
Omeo,Soldiers Memorial Hall,-37.10066659,147.5915249
Orbost,St James Anglican Parish Hall,-37.70819824,148.4564032
Orford,Orford Memorial Hall,-38.20372163,142.0993203
Ormond,Kilvington Grammar School,-37.89944641,145.0419402
Ormond West,Ormond Primary School,-37.90704321,145.0335551
Orrong,Our Lady of Lourdes School,-37.8525392,145.0094165
Orrvale,Orrvale Primary School,-36.40971528,145.4405736
Osborne,Osborne Primary School,-38.25687518,145.040194
Ouyen,Ouyen and District Senior Citizens Clubrooms,-35.0685367,142.3157116
Oxley,Oxley Shire Hall,-36.44349619,146.383472
Pakenham,Pakenham Secondary College,-38.07229663,145.4720134
Pakenham Central,Pakenham Uniting Church Hall,-38.07661355,145.482355
Pakenham Hills,Pakenham Hills Primary School,-38.0615805,145.4964449
Pakenham Lakeside,Pakenham Lakeside Primary School,-38.06849544,145.4389637
Pakenham Springs,Pakenham Springs Primary School,-38.08578614,145.4703797
Pakenham Upper,Pakenham Upper Public Hall,-38.01018969,145.5108127
Panmure,Panmure Mechanics Institute,-38.33505042,142.7293314
Panton Hill,Panton Hill Primary School,-37.64181469,145.2397077
Park Orchards,Park Orchards Community Centre,-37.77842208,145.2152523
Park Ridge,Park Ridge Primary School,-37.91879873,145.2625826
Parkdale,St David's Parkdale Uniting Church,-37.9923618,145.0789771
Parkdale Central,Parkdale Primary School,-37.99265281,145.085087
Parkdale East,Parkdale Secondary College,-37.98991993,145.0934009
Parkmore,Parkmore Primary School,-37.84364375,145.1765853
Parkville,University High School - Performance Centre,-37.79691184,144.9557768
Parkwood Green,Parkwood Green Primary School,-37.69922824,144.7441658
Pascoe Vale,Pascoe Vale Girl Guides Hall,-37.72858187,144.9443267
Pascoe Vale Central,Antonine College - St Joseph Campus,-37.74092708,144.9422545
Pascoe Vale North,Pascoe Vale North Primary School,-37.72148008,144.9476152
Pascoe Vale South,Pascoe Vale South Primary School,-37.7454959,144.93563
Patterson Lakes,Patterson Lakes Community Centre,-38.06894602,145.1433119
Patterson Park,Patterson Park Hall,-37.73213365,142.0257544
Paynesville,Paynesville Community Centre,-37.91973,147.7231214
Pearcedale,Pearcedale Primary School,-38.20249787,145.2302995
Penshurst,Penshurst Memorial Hall,-37.87637142,142.2900668
Peterborough,Peterborough Hall,-38.60708017,142.876998
Piangil,Piangil Community Centre,-35.05526267,143.3132225
Picola,Picola Public Hall,-35.99912628,145.1087563
Pinewood,Pinewood Primary School,-37.89009412,145.1423246
Piries-Goughs Bay,Goughs Bay Boat Club,-37.19051028,146.0681301
Plenty,Plenty Community Hall,-37.67059997,145.1227396
Plumpton,Springside West Secondary College,-37.71574941,144.7278602
Point Cook East,Saltwater P-9 College,-37.90986507,144.7683077
Point Cook North,Point Cook College,-37.89325948,144.7261258
Point Lonsdale,Point Lonsdale Primary School,-38.27386256,144.6213449
Pomonal,Pomonal Hall,-37.19527864,142.6091483
Poowong,Poowong Consolidated School,-38.34322647,145.7678997
Porepunkah,Porepunkah Primary School,-36.69898812,146.9117854
Port Albert,Port Albert Mechanics Institute,-38.6724363,146.6922836
Port Campbell,Port Campbell Baptist Church,-38.61932429,142.9955604
Port Fairy,St Patrick's Parish Primary School,-38.38622505,142.231423
Port Franklin,Port Franklin Public Hall,-38.68341316,146.2775605
Port Melbourne,Port Melbourne Primary School,-37.83579575,144.9332726
Port Melbourne East,Sol Green Community Centre,-37.83384393,144.9520572
Port Melbourne West,Albert Park Secondary College,-37.84442678,144.9476803
Portarlington,Portarlington Parks Hall,-38.11514235,144.6551316
Portland,Drill Hall,-38.35207016,141.6062962
Portland South,South Portland Hall,-38.36663193,141.6135662
Portland South West,Portland Scout Hall,-38.33505101,141.6036982
Portsea,Watson's Pavilion,-38.32547564,144.7110167
Prahran,Grattan Gardens Community Centre,-37.84707076,144.9914533
Prahran East,Prahran RSL Memorial Hall,-37.85239812,144.9980952
Preston,Sacred Heart School,-37.74473606,145.0040985
Preston,Sacred Heart School,-37.74473606,145.0040985
Preston East,The Pavilion School - East Preston Campus,-37.73776458,145.0181757
Preston North East,Preston North East Primary School,-37.73374745,145.0301695
Preston South,HLT Oulton Reserve - T MacNamara Pavilion,-37.74844373,145.0214402
Preston South,HLT Oulton Reserve - T MacNamara Pavilion,-37.74844373,145.0214402
Preston West,Preston West Primary School,-37.73757894,144.9950937
Puckapunyal,Puckapunyal Primary School,-37.00218426,145.034988
Purnim,Purnim Mechanics Hall,-38.28102176,142.6178888
Pyalong,Pyalong Primary School,-37.11715912,144.8569822
Pyramid Hill,Pyramid Hill Memorial Hall,-36.05380939,144.11487
Quambatook,Quambatook Memorial Hall,-35.84944157,143.5208925
Quarry Hill,Quarry Hill Primary School,-36.7753988,144.2802036
Queen Victoria,Drill Hall,-37.80649291,144.9604803
Queenscliff,Queenscliff Primary School,-38.2673603,144.6562174
Rainbow,Rainbow Civic Centre,-35.89786845,141.9944268
Ramlegh Park,Ramlegh Park Primary School,-38.11541636,145.3379862
Ramlegh Park,Ramlegh Park Primary School,-38.11541636,145.3379862
Rangebank,Rangebank Primary School,-38.08727915,145.2761711
Rawson,Rawson Primary School,-37.95798813,146.3989019
Raywood,Raywood Public Hall,-36.53564478,144.2073976
Red Cliffs,St Joseph's School Red Cliffs,-34.30260952,142.187975
Red Hill,Red Hill Consolidated School,-38.3663862,144.994897
Redan,Phoenix P-12 Community College - Redan Campus,-37.58823436,143.8323303
Redan Central,Betty Day Centre,-37.86283894,144.9871371
Redesdale,Redesdale Public Hall,-37.0229194,144.5315402
Regent,Preston Primary School,-37.73066122,145.010501
Research,Research Primary School,-37.70250947,145.1841651
Reservoir,Reservoir Primary School,-37.71087499,145.0066666
Reservoir Central,Reservoir Senior Citizens Centre,-37.72035289,145.0004155
Reservoir East,Holy Name Primary School Hall,-37.73071281,145.0180051
Reservoir North,Reservoir Views Primary School,-37.7052934,145.0222273
Reservoir North East,East Reservoir Senior Citizens Centre,-37.7158417,145.0189621
Reservoir South,St Mark's Hall,-37.72646817,144.9935461
Reservoir West,Reservoir West Primary School,-37.72203773,144.9910035
Rhyll,Rhyll Mechanics Hall,-38.46327799,145.3030107
Richmond,St Ignatius Church Hall,-37.82166277,144.9977006
Richmond Central,Yarra Primary School Hall,-37.81518382,145.0070748
Richmond North 106,Community Hall 106,-37.81221632,144.9957466
Richmond North 110,Community Hall 110,-37.811855,144.9987904
Richmond South,Richmond Primary School,-37.82988415,145.0003327
Riddell,Riddells Creek Primary School,-37.46058666,144.679886
Ringwood,St Paul's Anglican Church Hall,-37.80970754,145.2307576
Ringwood East,4th Ringwood Scout Hall,-37.80842605,145.2446046
Ringwood Heights,Ringwood Heights Primary School,-37.80380958,145.2174397
Ringwood North,Ringwood North Primary School,-37.79316277,145.2306631
Ringwood South,Maroondah Federation Estate,-37.81963408,145.2301487
Ripponlea East,Ripponlea Primary School,-37.87434998,145.0038335
Riverbend,Riverbend Primary School,-37.87517,144.62594
Riverwalk,Riverwalk Primary School,-37.92170906,144.6394634
Robinvale,Robinvale Community Arts Centre,-34.57873017,142.7721033
Rochester,Rochester Uniting Church,-36.35853131,144.7018539
Rockbank,Rockbank Primary School,-37.73171972,144.6617482
Rockbank North,Aintree Primary School,-37.72405926,144.666979
Rokeby,Rokeby Public Hall,-38.07094162,145.9267636
Rokewood,Rokewood Primary School,-37.9034345,143.7228886
Rolling Hills,Rolling Hills Primary School,-37.76637637,145.3266428
Rollins,Rollins Primary School,-38.10056612,144.32684
Romsey,Romsey Primary School,-37.35397593,144.7446291
Rosanna,Rosanna Primary School,-37.73521971,145.0626777
Rosebud,Rosebud Memorial Hall,-38.35650902,144.9007277
Rosebud East,Rosebud Primary School,-38.35494719,144.9083063
Rosebud South,Genu,-38.36158729,144.9130375
Rosebud West,Rosebud Secondary College,-38.36869396,144.889201
Rosedale,Rosedale Sports Complex,-38.15428319,146.7734781
Rosewood Downs,Rosewood Downs Primary School,-37.94430472,145.2143525
Ross Creek,Ross Creek Hall,-37.63339858,143.7576796
Rowellyn Park,Rowellyn Park Primary School,-38.10376069,145.1913169
Rowville,Rowville Primary School,-37.92363326,145.2368364
Rowville East,1st Rowville Scout Hall,-37.92425782,145.2434085
Roxburgh Homestead,Roxburgh Homestead Primary School,-37.63269429,144.9177022
Roxburgh Park,Roxburgh Park Primary School,-37.63330986,144.9320035
Roxburgh Rise,Roxburgh Rise Primary School,-37.61627864,144.9234978
Ruffy,Ruffy Public Hall,-36.9744747,145.5018927
Running Creek,St Albans Parish Hall,-36.54680778,147.0591769
Rupanyup,Rupanyup Senior Citizens Hall,-36.63192489,142.6292885
Rushworth,Rushworth P-12 College,-36.58302481,145.0137913
Rutherglen,Rutherglen Primary School,-36.0559881,146.4609264
Ruthven,St Joseph the Worker Primary School,-37.70177226,144.9934023
Rye,Rye Civic Hall,-38.37174346,144.8216676
Sailors Gully,Sailors Gully Lions Community Hall,-36.70813039,144.2465368
Sale,Sale Memorial Hall,-38.10948665,147.0673282
Sale East,Araluen Primary School,-38.10741019,147.0892746
Sale North,Sale College Gymnasium Guthridge Campus,-38.09761263,147.0839872
San Remo,San Remo Recreation Centre,-38.52401239,145.3708271
Sandhurst,Catherine McAuley College - Marion Centre Theatre,-36.75198112,144.2736622
Sandridge,Fishermens Bend Community Hall,-37.83681409,144.9204636
Sandringham,Sacred Heart Parish School,-37.95096076,145.00892
Sandringham North,Sandringham Primary School,-37.94705341,145.0095544
Sandy Point,T.P. Taylor Community Centre,-38.82981284,146.1254943
Sassafras,Sassafras Primary School,-37.86144495,145.354773
Scarsdale,Scarsdale Town Hall,-37.6708663,143.6546225
Scoresby,St Jude's Parish Centre,-37.88912242,145.2264388
Scotts Creek,Scotts Creek Public Hall,-38.44990135,143.0496662
Sea Lake,Uniting Church Hall - Sea Lake,-35.50457269,142.8534804
Seabrook,Seabrook Primary School,-37.87880805,144.7579651
Seabrook Central,Seabrook Community Centre,-37.88619858,144.7589321
Seaford,Seaford Primary School,-38.10374916,145.1310526
Seaford North,Seaford North Primary School,-38.09038843,145.1344966
Seaholme,Seaholme Primary School,-37.86551184,144.8409162
Seaspray,Seaspray Public Hall,-38.3753915,147.1895274
Sebastopol,Sebastopol RSL,-37.59751697,143.8399424
Seddon,Seddon Uniting Church Hall,-37.80954923,144.8900077
Sedgwick,Sedgwick Public Hall,-36.87136377,144.3156705
Selby,Selby Primary School,-37.91151285,145.36754
Serpell,Serpell Primary School,-37.7697868,145.1538327
Serpentine,Loddon Shire Council Offices,-36.40974536,143.9742729
Seville,Seville Primary School,-37.77395511,145.4644912
Seymour,Anglican Parish Hall,-37.02601415,145.1365453
Seymour East,Seymour College,-37.03017208,145.1433493
Shannon,Newtown Primary School,-38.1456305,144.3369675
Shepparton East,Shepparton East Primary School,-36.40050439,145.479852
Sherbourne,Sherbourne Primary School,-37.7090488,145.1298934
Shoreham,Shoreham Hall,-38.42742483,145.0453197
Silvan,Silvan Primary School,-37.8244646,145.4210123
Silverton,St Elizabeth's Parish School,-37.94627458,145.1978349
Simpson,Simpson Primary School Early Childhood Centre,-38.49840141,143.208499
Skipton,Skipton Mechanics Institute,-37.68688238,143.364634
Skipton Street,Skipton Street Uniting Church,-37.57591851,143.845477
Skye,Discover Church,-38.11650818,145.1942448
Smeaton,Smeaton Community Centre,-37.3331349,143.9483303
Smythesdale,Smythesdale Recreation Facility,-37.6423164,143.6826776
Snake Valley,Snake Valley Hall,-37.61238292,143.5843939
Somers,RW Stone Pavilion,-38.38990838,145.1643251
Somerton,Good Samaritan Catholic School,-37.62383002,144.9339007
Somerville,Somerville Primary School,-38.22475189,145.1787506
Somerville West,Somerville Rise Primary School,-38.23021331,145.1683798
Sorrento,Sorrento Community Centre,-38.33863332,144.7358463
South Kensington,Holy Rosary School,-37.79525859,144.9288205
South Melbourne,South Melbourne Community Centre,-37.8368414,144.9576695
South Melbourne Park,South Melbourne Park Primary School,-37.84112949,144.9630972
South Yarra,Melbourne Girls Grammar Junior School,-37.83554823,144.9887655
Southbank,Victorian College of the Arts Secondary School,-37.82820448,144.9649379
Southbank,Victorian College of the Arts Secondary School,-37.82820448,144.9649379
Southmoor,Southmoor Primary School,-37.94134495,145.0559998
Southvale,Keysborough College - Banksia Campus,-37.96832951,145.1608208
Southwood,Great Ryrie Primary School,-37.82425778,145.2374992
Sparrowhawk,Long Gully Neighbourhood Centre,-36.74945566,144.253495
Specimen Hill,Specimen Hill Primary School,-36.76230279,144.248397
Speed,Speed Recreation Centre (Golf Club),-35.39852938,142.4395397
Spotswood,Spotswood Primary School,-37.83021228,144.8822866
Spotswood West,South Kingsville Community Centre,-37.82888041,144.8700308
Spring Gully,Spring Gully Tennis Club,-36.79168242,144.2849697
Spring Valley,Spring Parks Primary School - Valley Campus,-37.96379256,145.1390036
Springhurst,Springhurst Primary School,-36.18478257,146.4682551
Springside,Springside P-9 College,-37.71132893,144.738881
Springvale,Springvale Rise Primary School - Springvale Campus,-37.95176141,145.1525515
Springvale Central,St Joseph's Catholic Primary School,-37.95352446,145.150594
Springvale Heights,Springvale Rise Primary School - Springvale Heights Campus,-37.93948041,145.1583852
Springvale North,Whitworth Avenue Pre-School,-37.93978277,145.1462
Springvale South,Athol Road Primary School (West Campus),-37.97118709,145.150699
Springvale West,Spring Parks Primary School - West Campus,-37.95832242,145.1395685
Springvale West,Spring Parks Primary School - West Campus,-37.95832242,145.1395685
St Albans,St Albans Heights Primary School,-37.74844761,144.809602
St Albans East,Biggs Street Meeting Room,-37.73831221,144.8139349
St Albans North,St Albans North Primary School,-37.73233428,144.8026082
St Albans Park,St Albans Uniting Church Hall,-38.18405323,144.3888744
St Albans South,University Park Primary School,-37.75505276,144.8030298
St Albans South East,Jackson School,-37.75581751,144.8143869
St Albans West,Stevensville Primary School,-37.73632135,144.7820154
St Andrews,St Andrews Primary School,-37.60233,145.26986
St Andrews Beach,St Andrews Recreation Hall,-38.42266766,144.8374134
St Arnaud,St Arnaud Senior Citizens Clubrooms,-36.61574935,143.2587923
St Georges Road,St Georges Road Primary School,-36.3906726,145.4052456
St Gregory's,St Gregory's the Great Primary School,-37.7802853,145.123206
St Helens,Geelong West Oval St Helens Pavilion,-38.12900713,144.3452734
St Helens,Geelong West Oval St Helens Pavilion,-38.12900713,144.3452734
St James,St James Town Hall,-36.26970854,145.8957782
St Kilda,St Kilda Town Hall,-37.86852261,144.9882989
St Kilda,St Kilda Town Hall,-37.86852261,144.9882989
St Kilda,St Kilda Town Hall,-37.86852261,144.9882989
St Kilda East,St Michael's Grammar School,-37.85988152,144.9903786
St Kilda Park,St Kilda Park Primary School,-37.85810805,144.9780407
St Kilda South,Christ Church Mission Community Centre,-37.86386057,144.9755041
St Leonards,St Leonards Memorial Hall,-38.17227278,144.7149384
Staceys Bridge,Staceys Bridge Public Hall,-38.55506073,146.5303514
Stanhope,Stanhope Public Hall,-36.44664374,144.9842632
Stanley,Stanley Safer Place,-36.4031078,146.7546114
Starling,St Scholastica's Catholic Primary School,-37.85195874,145.1263068
Starling,St Scholastica's Catholic Primary School,-37.85195874,145.1263068
Stawell,Stawell Senior Citizens Club Rooms,-37.0582313,142.7771442
Stawell West,Stawell West Primary School,-37.0657463,142.770105
Stevensville,Movelle Primary School,-37.73743663,144.7759222
Stevensville,Movelle Primary School,-37.73743663,144.7759222
Storey,Bourchier Street Primary School,-36.36810022,145.4134687
Stratford,Stratford Mechanics Hall,-37.96607901,147.0811785
Strath Hill,Kennington Primary School,-36.76862078,144.308365
Strathaird,Strathaird Family and Community Centre,-38.06083072,145.2880714
Strathbogie,Strathbogie Memorial Hall,-36.85712545,145.736341
Strathdale,Strathdale Community Centre,-36.76090505,144.3137389
Strathfieldsaye,Strathfieldsaye Uniting Church Hall,-36.80634156,144.3549635
Strathmerton,Strathmerton Memorial Hall,-35.92583,145.47775
Strathmore,Strathmore Secondary College,-37.73674226,144.9263014
Strathmore North,1st Strathmore Scout Hall,-37.72471355,144.9101482
Strathmore North,1st Strathmore Scout Hall,-37.72471355,144.9101482
Strathmore North,1st Strathmore Scout Hall,-37.72471355,144.9101482
Strathtulloh,Strathtulloh Primary School,-37.71640416,144.5895856
Streatham,Streatham Public Hall,-37.67924188,143.0623407
Streeton,Streeton Primary School,-37.72141417,145.1012009
Streeton,Streeton Primary School,-37.72141417,145.1012009
Studfield East,Knox Central Primary School,-37.86109587,145.2551008
Studley Park,Burke Hall (Xavier Prep School),-37.80515976,145.0139737
Sunbury,Sunbury College,-37.57339893,144.7291912
Sunbury Central,Sunbury Memorial Hall,-37.57956868,144.7327466
Sunbury Heights,Sunbury Heights Primary School,-37.58086764,144.7062731
Sunbury North,Kismet Park Primary School,-37.56541474,144.7286793
Sunbury North West,Killara Primary School,-37.56416796,144.7054837
Sunbury West,Our Lady of Mt Carmel Parish Hall,-37.56820345,144.7197689
Sunnycliffs,Irymple South Primary School,-34.25236262,142.1899493
Sunshine North,St Bernadette's Catholic Primary School,-37.7710767,144.8349309
Sunvale,Sunshine Harvester School,-37.78284277,144.8460487
Sunvale,Sunshine Harvester School,-37.78284277,144.8460487
Surfside,Surfside Primary School,-38.26160027,144.5416535
Surrey Hills,Surrey Hills Uniting Church Hall,-37.82604453,145.1018732
Surrey Hills,Surrey Hills Uniting Church Hall,-37.82604453,145.1018732
Surrey Hills North,Holy Trinity Surrey Hills Church Hall,-37.82243033,145.098006
Surrey Hills North,Holy Trinity Surrey Hills Church Hall,-37.82243033,145.098006
Surrey Hills North,Holy Trinity Surrey Hills Church Hall,-37.82243033,145.098006
Sussex Heights,Mount Waverley Heights Primary School,-37.88918401,145.1118668
Swan Hill,Swan Hill Anglican Function Centre,-35.33972228,143.5567023
Swan Hill North,Swan Hill North Primary School,-35.33222076,143.5464411
Swan Hill South,Swan Hill College Longhurst Hall - FLO Campus,-35.3563297,143.5624888
Swan Hill West,Swan Hill Primary School,-35.34643535,143.5437033
Swanpool,Albert Heaney Recreation Reserve Clubrooms,-36.74953483,146.0016912
Swifts Creek,Swifts Creek Hall,-37.26421824,147.721987
Sydenham,Sydenham-Hillside Primary School - Sydenham Campus,-37.70186791,144.7628537
Sydenham East,Catholic Regional College Sydenham,-37.69915515,144.7721555
Sydenham West,Brimbank City Salvation Army Church,-37.70835595,144.7786182
Syndal North,Mount Waverley North Primary School,-37.86744556,145.1405964
Syndal South,Syndal South Primary School,-37.87950231,145.1424294
Taggerty,Taggerty Hall,-37.32127497,145.7122724
Talbot,Talbot Primary School,-37.16865631,143.7040148
Tallangatta,Tallangatta Memorial Hall,-36.21599975,147.1776766
Tallangatta Valley,Tallangatta Valley Public Hall,-36.28772722,147.3915528
Tallarook,Tallarook Primary School,-37.09718413,145.1010746
Tally Ho,East Burwood Hall,-37.85415787,145.1617455
Tallygaroopna,Tallygaroopna Primary School,-36.23875717,145.4365883
Tangambalanga,Tangambalanga Community Centre,-36.2520185,147.0287594
Tanjil South,Tanjil South Primary School,-38.11911116,146.2527475
Tanti Park,Mornington Park Primary School,-38.22589382,145.0587242
Taradale,Taradale Primary School,-37.14116151,144.3515578
Tarnagulla,Victoria Theatre/Tarnagulla Hall,-36.77032517,143.8328684
Tarneit,Baden Powell P-9 College - Tarneit Campus,-37.84150998,144.6941925
Tarneit East,Thomas Carr College,-37.84838669,144.7021743
Tarneit North,Tarneit P-9 College,-37.8374256,144.6804324
Tarneit Rise,Tarneit Rise Primary School,-37.83729633,144.665564
Tarneit West,Good News Lutheran College,-37.85459425,144.6653936
Tarrawingee,Tarrawingee Hall,-36.39105043,146.4458198
Tarrington,Tarrington Church Hall,-37.76692487,142.0947543
Tarwin Lower,Tarwin Lower Mechanics Institute,-38.69912381,145.8671173
Tatong,Tatong Memorial Hall,-36.73064131,146.1090347
Tatura,Tatura Primary School,-36.44372383,145.2292116
Tatyoon,Tatyoon Public Hall,-37.5231786,142.9438144
Tawonga,Tawonga Primary School,-36.69124984,147.1434646
Taylors Hill,Taylors Hill Primary School,-37.71630077,144.7591351
Taylors Lakes,Taylors Lakes Primary School,-37.70996692,144.792468
Taylors Lakes Central,Taylors Lakes Secondary College,-37.70839301,144.7942842
Taylors Lakes North,Overnewton Anglican Community College - Canowindra Campus,-37.68990309,144.7746861
Tecoma,Tecoma Primary School,-37.90682153,145.3446176
Teesdale,Teesdale Community Hall,-38.02886983,144.0466772
Templestowe,Manningham Templestowe Leisure Centre,-37.75849223,145.1299313
Templestowe Heights,Templestowe Heights Primary School,-37.76614868,145.119897
Templestowe Park,Templestowe Park Primary School,-37.75634116,145.1433404
Templestowe Valley,Templestowe Valley Primary School,-37.75988049,145.1110005
Templeton,Templeton Primary School,-37.86088071,145.2323164
Terang,Terang Civic Hall,-38.24118226,142.9150528
Tetoora Road,Tetoora Road Community Centre,-38.27108885,145.8930639
The Basin,St Bernadette's Catholic Primary School,-37.85304412,145.3117378
The Glen,Glen Waverley Secondary College,-37.8782528,145.1631697
The Grange,The Grange P-12 College - Deloraine Campus,-37.85788308,144.674275
The Lakes,The Lakes South Morang College - Early Years Campus,-37.62954398,145.0781878
The Patch,The Patch Primary School,-37.89297052,145.3934836
The Pines,Deep Creek Anglican Church Hall,-37.76640727,145.166204
The Pines,Deep Creek Anglican Church Hall,-37.76640727,145.166204
The Stables,Mill Park Secondary College - Middle Years Campus,-37.66386052,145.063262
The Stables,Mill Park Secondary College - Middle Years Campus,-37.66386052,145.063262
The Stockade,St Alipius Primary School,-37.56163078,143.8738205
Thomas Chirnside,Thomas Chirnside Primary School,-37.90296119,144.6388459
Thomastown,Thomastown Primary School,-37.68252671,145.0119892
Thomastown East,Thomastown East Primary School,-37.68051118,145.0248811
Thomastown Meadows,Thomastown Meadows Primary School,-37.68181452,144.9920273
Thomastown West,Thomastown Secondary College,-37.67896207,145.0020225
Thomson,East Geelong Senior Citizens Club,-38.16534442,144.3775916
Thoona,Thoona Memorial Hall,-36.33980754,146.0769711
Thornbury,Thornbury Primary School,-37.75547034,144.9962172
Thornbury East,Penders Grove Primary School,-37.75448853,145.0140644
Thornbury South,Wales Street Primary School,-37.76212073,145.0081921
Thornton,Thornton Memorial Hall,-37.25748846,145.7974348
Thorpdale,Thorpdale Public Hall,-38.28766648,146.1774073
Timbarra,Timbarra P-9 College,-38.01655776,145.3185316
Timbarra,Timbarra P-9 College,-38.01655776,145.3185316
Timboon,Timboon and District Hall,-38.48422949,142.9730244
Tinamba,Tinamba Community Meeting Room,-37.96339173,146.8918196
Tinternvale,Tinternvale Primary School,-37.81846169,145.2653923
Tinternvale,Tinternvale Primary School,-37.81846169,145.2653923
Tolmie,Tolmie Mechanics Institute Hall,-36.93592091,146.2386971
Tongala,Tongala Shire Hall,-36.25038758,144.950038
Tooborac,Tooborac Mechanics Hall,-37.03898048,144.7985268
Toolamba,Toolamba Primary School,-36.49032046,145.344301
Toolangi,Toolangi Memorial Hall,-37.5379177,145.4738532
Toolern,Toolern Vale Primary School,-37.60661196,144.5939653
Toolern,Toolern Vale Primary School,-37.60661196,144.5939653
Toolleen,Toolleen Uniting Church Hall,-36.71962919,144.6851171
Toolondo,Toolondo Recreation Reserve,-36.99043846,141.9350397
Toomuc Valley,Toomuc Valley Public Hall,-38.0319009,145.4621843
Toongabbie,Toongabbie Primary School,-38.0568184,146.6253087
Toora,Toora Community Hall,-38.66406909,146.325673
Tooradin,Tooradin Primary School,-38.20736106,145.3783714
Toorak,St Catherine's School,-37.83859188,145.021739
Toorak Central,Toorak Primary School,-37.84476409,145.0099934
Toorak Central,Toorak Primary School,-37.84476409,145.0099934
Toorak West,Geelong Grammar School - Toorak Campus,-37.83926423,145.009022
Toorak West,Geelong Grammar School - Toorak Campus,-37.83926423,145.009022
Toorloo Arm,Toorloo Arm Primary School,-37.85235123,148.0510129
Tootgarook,Tootgarook Primary School,-38.36967649,144.8571605
Torquay,Wurdi Baierr Stadium,-38.30390488,144.3220936
Torquay North,St Therese Primary School,-38.3214931,144.3128083
Torrumbarry,Torrumbarry Public Hall,-36.0285117,144.5145838
Tottenham North,Western English Language School - Tottenham,-37.79153092,144.8540744
Trafalgar,Trafalgar Primary School,-38.21478549,146.1597099
Traralgon,Grey Street Primary School,-38.19309744,146.537367
Traralgon East,Liddiard Road Primary School,-38.20216434,146.5527984
Traralgon North,Lavalla Catholic College - St Paul's Campus,-38.18957002,146.5154762
Traralgon North East,Traralgon Uniting Church Hall,-38.18864818,146.5525031
Traralgon South,Traralgon South Community Hall,-38.29644208,146.5393736
Traralgon West,Connecting2Australia,-38.20700573,146.5337981
Trentham,Trentham Primary School,-37.38818961,144.328641
Truganina,St Clare's Catholic Primary School,-37.84361826,144.7281681
Truganina North,Garrang Wilam Primary School,-37.82786906,144.7253822
Truganina South,Truganina South Primary School,-37.86366494,144.7258513
Tullamarine,Tullamarine Primary School,-37.7025178,144.8783719
Tulliallan,Tulliallan Primary School,-38.08157264,145.3273428
Tulliallan,Tulliallan Primary School,-38.08157264,145.3273428
Tungamah,Tungamah Primary School,-36.16139735,145.8796575
Tunstall,Donvale Primary School,-37.79991253,145.1736358
Tyabb,Tyabb Rail Primary School,-38.26179279,145.1920308
Tyers,Tyers Primary School,-38.14899975,146.4782503
Tylden,Tylden Primary School,-37.32508527,144.4087303
Tyne,11th Box Hill Scout Hall,-37.8107914,145.1277878
Tynong,Tynong Public Hall,-38.08447563,145.6258251
Ultima,Ultima Community Hall,-35.47056487,143.2677627
Undera,Undera Primary School,-36.27623382,145.2192846
Underbool,Underbool Early Learning Centre,-35.1700676,141.8110704
Upfield,Dallas Brooks Community Primary School,-37.66961438,144.9425929
Upwey,Upwey Primary School,-37.90288813,145.3327266
Valencia Creek,Valencia Creek Soldiers Memorial Hall,-37.82548567,146.9897892
Vermont North,1st Vermont Scout Group,-37.83574024,145.1960746
Vermont North,1st Vermont Scout Group,-37.83574024,145.1960746
Victory,Victory Lutheran Primary School,-36.11670033,146.8452989
Viewbank,Viewbank Primary School,-37.73391578,145.0898648
Violet Town,Violet Town Community Complex,-36.63700164,145.7174285
Waaia,Waaia/Yalca South Primary School,-36.05108857,145.3289892
Wahgunyah,Wahgunyah School of Arts Hall,-36.01072087,146.3936507
Waiora,Rosanna Baptist Church,-37.74644379,145.0578839
Wakefield,Whitehorse Primary School,-37.8083535,145.167719
Wallan,Wallan Primary School,-37.41243548,144.9744899
Wallan South,Wallan Secondary College,-37.41964641,144.9797735
Wallarano,Wallarano Primary School,-37.97956598,145.1710405
Wallington,Wallington Primary School,-38.21936777,144.5060138
Walwa,Walwa Servicemen's Memorial Hall,-35.96398611,147.7371307
Wandiligong,Wandiligong Primary School,-36.76887117,146.9826834
Wandin East,Wandin East Public Hall,-37.816071,145.4583876
Wandin Yallock,Wandin Yallock Primary School,-37.79027985,145.4366488
Wandong,Wandong Primary School,-37.36045789,145.0279343
Wanganui,Visy Community Centre,-36.35763415,145.3914719
Wangaratta West,Wangaratta West Primary School,-36.35354138,146.30498
Wangoom,Wangoom Memorial Hall,-38.32961773,142.5790794
Wantirna,Wantirna Primary School,-37.85615306,145.2163992
Wantirna North,Wantirna College,-37.85679407,145.2291123
Wantirna South,Wantirna South Primary School,-37.87239825,145.2374796
Wantirna West,St Luke's Primary School,-37.85305845,145.2349598
Warburton,Warburton Primary School,-37.7560884,145.7015519
Warburton East,Millwarra Primary School - Warburton East Campus,-37.74244998,145.7357308
Warracknabeal,Warracknabeal Scout and Band Hall,-36.25021211,142.3966434
Warragul,Warragul Primary School - Senior Campus,-38.15741159,145.9276249
Warragul East,Warragul Uniting Church,-38.15368073,145.9440374
Warragul North,Warragul North Primary School,-38.14752361,145.9401016
Warrandyte,Warrandyte Primary School,-37.7425756,145.2138356
Warrandyte South,Warrandyte South Hall,-37.76871954,145.2343002
Warranwood,Warranwood Primary School,-37.77424956,145.2471259
Warrawong,Blackburn English Language School - Whitehorse Campus,-37.84863538,145.1481111
Warrenheip,Warrenheip Primary School,-37.57409424,143.9273911
Warrion,Warrion Public Hall,-38.2221758,143.5721263
Warrnambool,Warrnambool Temperance Hall,-38.38250752,142.4808624
Warrnambool - Tower Square,Our Lady Help of Christians Primary School,-38.38534103,142.5212738
Warrnambool Central,Uniting Church Hall,-38.38470077,142.4844391
Warrnambool East,Warrnambool East Primary School,-38.38944491,142.4975048
Warrnambool Education Centre,Warrnambool College - Wave Campus,-38.3748465,142.4725831
Warrnambool North,St Joseph's Primary School,-38.37293708,142.4857887
Warrnambool South West,Harris Street Reserve Pavilion,-38.38468416,142.4704565
Warrnambool West,Brauer College,-38.35960399,142.4601607
Waterfall Gully,Bayview Church,-38.3735401,144.9078444
Watsonia,Greensborough College,-37.71053703,145.0902944
Watsonia Central,Watsonia Primary School,-37.70763153,145.0862195
Watsonia Heights,Watsonia Heights Primary School,-37.71597482,145.1008988
Watsonia North,Watsonia North Primary School,-37.70018577,145.0804229
Watsonia South,Watsonia Community Centre,-37.71201419,145.0788064
Wattle Glen,Wattle Glen Primary School,-37.66879512,145.1830921
Wattle Park,9th Box Hill Scout Hall,-37.83889624,145.1199908
Waubra,Waubra Primary School,-37.3539417,143.6342572
Waurn Ponds,Christian College Geelong,-38.18584085,144.3104101
Waverley Meadows,Waverley Meadows Primary School,-37.91454893,145.1844261
Waverley Park,Carwatha College,-37.94307828,145.1885648
Wedderburn,Wedderburn Senior Citizens Centre,-36.41980568,143.6146653
Weeden Heights,Holy Saviour Primary School,-37.86106875,145.1755797
Weeroona,Weeroona College,-36.73905773,144.2965302
Welshpool,Welshpool Memorial Hall,-38.66483008,146.440197
Wemen,Wemen Public Hall,-34.7771953,142.6437233
Wendouree,Ballarat and Queens Grammar,-37.53791597,143.8315585
Wendouree East,Selkirk Stadium,-37.53537978,143.8432772
Wendouree North,Mount Rowan Secondary College,-37.51921226,143.8352158
Wendouree West,Yuille Park Community College,-37.52791211,143.819331
Werribee,Werribee Secondary College,-37.90577071,144.6694391
Werribee Central,Werribee Primary School,-37.90650637,144.6594481
Werribee South,Diggers Road Soldiers Memorial Hall,-37.95221707,144.688287
Wesburn,Wesburn Primary School,-37.76894185,145.6466273
West End,Wangaratta High School,-36.34383926,146.309799
West Footscray,Footscray West Primary School,-37.79459484,144.8752575
Westall,Westall Secondary College,-37.94005229,145.1358285
Westgarth,All Saints Parish Hall,-37.78348783,144.9965611
Westgrove,Westgrove Primary School,-37.8784767,144.659571
Westgrove,Westgrove Primary School,-37.8784767,144.659571
Westmeadows,Westmeadows Primary School,-37.67574711,144.8954892
Westmeadows,Westmeadows Primary School,-37.67574711,144.8954892
Westmeadows,Westmeadows Primary School,-37.67574711,144.8954892
Westpark,Wallaroo Primary School,-38.29808534,145.1737733
Wheelers Hill,Wheelers Hill Primary School,-37.90009033,145.1775537
Wheelers Hill South,St Justin's Primary School,-37.9174368,145.1895555
White Hills,Holy Rosary Parish Centre (Ted Harte Centre),-36.72635689,144.3097859
Whitfield,Whitfield Primary School,-36.76538594,146.4127494
Whittington,Bellarine Living and Learning Centre,-38.17841301,144.3946408
Whittington South,St Paul's Anglican Church Hall,-38.18073511,144.3896319
Whittlesea,Whittlesea Secondary College,-37.5149655,145.1210809
Whorouly,Whorouly Primary School,-36.50580348,146.5862795
Willaura,Willaura Memorial Hall,-37.54466091,142.7424176
Williamstown,Williamstown Town Hall,-37.85853635,144.8958523
Williamstown South,Williamstown Primary School,-37.86432297,144.8994983
Williamstown West,Bayside Secondary College - Williamstown Campus,-37.85752502,144.8844164
Willison,St Dunstan's Anglican Church Hall,-37.84245124,145.079816
Willow Grove,Willow Grove Community Centre,-38.07310535,146.179424
Wilmot Road,Wilmot Road Primary School,-36.39833723,145.4061674
Winchelsea,Winchelsea Senior Citizens Centre,-38.24086358,143.9926927
Winchelsea South,Wurdale Hall,-38.31444,144.01223
Windsor,St Mary's Parish Hall,-37.85891156,144.9971926
Winters Flat,Winters Flat Primary School,-37.07011914,144.2079494
Wiridjil,Wiridjil Hall,-38.62209199,143.1517636
Wodonga,Saint Augustine's Catholic Primary School,-36.11700161,146.8889734
Wodonga Birallee,Melrose Primary School,-36.13114939,146.8605327
Wodonga Central,Wodonga Senior Secondary College,-36.12701772,146.8810201
Wodonga South,Wodonga Middle Years College - Huon Campus,-36.130798,146.8903968
Wollert South West,Edgars Creek Primary School,-37.60931137,145.0039519
Won Wron,Won Wron Public Hall,-38.4732152,146.7177765
Wonga Park,Wonga Park Primary School,-37.73064929,145.2740914
Wonthaggi,Bass Coast College - McKenzie Campus,-38.61086591,145.5978786
Wonthaggi North,Wonthaggi North Primary School,-38.59802008,145.5999653
Woodend,Buffalo Sports Stadium,-37.35363102,144.5208154
Woodford,Woodford Primary School,-38.31683737,142.4845397
Woodlands,Woodlands Primary School,-38.13576808,145.2031024
Woodside,Woodside Public Hall,-38.52730394,146.8768344
Woodvale,Woodvale Hall,-36.65508814,144.2124496
Woodville,Warringa Park School - Warringa Crescent Campus,-37.8838445,144.6876636
Woodville,Warringa Park School - Warringa Crescent Campus,-37.8838445,144.6876636
Woolsthorpe,Woolsthorpe Primary School,-38.18725055,142.4314865
Woomelang,Woomelang Memorial Hall,-35.68079223,142.6658087
Wooragee,Wooragee Centenary Hall,-36.2906737,146.729889
Wooranna Park,Wooranna Park Primary School,-37.95959923,145.2179435
Woori Yallock,Woori Yallock Primary School,-37.77731,145.53275
Woorinen,Woorinen District Primary School,-35.29036955,143.4539368
Wunghnu,Wunghnu Primary School,-36.1503864,145.4309981
Wurruk,Wurruk Primary School,-38.10684634,147.039931
Wycheproof,Wycheproof Shire Hall,-36.07521212,143.2249665
Wyuna,Wyuna Memorial Hall,-36.1973675,145.060729
Yackandandah,Yackandandah Senior Citizens Centre,-36.31366253,146.8379915
Yallourn North,Yallourn North Primary School,-38.16313835,146.3621383
Yambuk,Yambuk Public Hall,-38.31636199,142.0673048
Yanakie,Yanakie Public Hall,-38.81152645,146.2052049
Yandoit,Yandoit Primary School,-37.21411804,144.0886297
Yarck,Yarck Community Hall,-37.10215904,145.6162717
Yarra Glen,Yarra Glen Primary School,-37.64987274,145.3725831
Yarra Junction,Yarraburn Centre,-37.78083289,145.6134996
Yarra Road,Yarra Road Primary School,-37.76635763,145.2722114
Yarragon,Yarragon Public Hall,-38.20513121,146.0641156
Yarram,Yarram Guide and Scout Hall,-38.55616925,146.6773728
Yarraman Oaks,Yarraman Oaks Primary School,-37.97046303,145.1913678
Yarrambat,Yarrambat Primary School,-37.6396208,145.1334048
Yarraville,Yarraville Community Centre,-37.82154465,144.8929998
Yarraville,Yarraville Community Centre,-37.82154465,144.8929998
Yarraville Central,Yarraville Senior Citizens Centre,-37.81696609,144.8872192
Yarrawonga,Yarrawonga Secondary College - ECA Centre,-36.02195712,146.007804
Yarrawonga Central,Sacred Heart College,-36.01018562,146.0098092
Yarroweyah,Yarroweyah Public Hall,-35.92534806,145.5606651
Yarrunga,Our Lady's Primary School,-36.37199164,146.3202569
Yea,Yea Shire Hall,-37.21135221,145.4258371
Yinnar,Yinnar RSL Hall,-38.32043162,146.3296658
Yulong Park,Concord Playgroup,-37.69787294,145.0626922