{
"type": "FeatureCollection",
"name": "booths",
"crs": { "type": "name", "properties": { "name": "urn:ogc:def:crs:EPSG::7844" } },
"features": [
{ "type": "Feature", "properties": { "name": "Abbotsford", "premises": "Collingwood Town Hall" }, "geometry": { "type": "Point", "coordinates": [ 144.992557799999986, -37.80391428 ] } },
{ "type": "Feature", "properties": { "name": "Aberdeen", "premises": "Geelong Lutheran College - St John's Newtown" }, "geometry": { "type": "Point", "coordinates": [ 144.34713450000001, -38.14725093 ] } },
{ "type": "Feature", "properties": { "name": "Aberfeldie", "premises": "Aberfeldie Primary School" }, "geometry": { "type": "Point", "coordinates": [ 144.8955942, -37.75657584 ] } },
{ "type": "Feature", "properties": { "name": "Aireys Inlet", "premises": "Aireys Inlet Community Centre" }, "geometry": { "type": "Point", "coordinates": [ 144.107468399999988, -38.45638808 ] } },
{ "type": "Feature", "properties": { "name": "Airport West", "premises": "St Christopher's Catholic Primary School" }, "geometry": { "type": "Point", "coordinates": [ 144.8801463, -37.72597764 ] } },
{ "type": "Feature", "properties": { "name": "Alamanda", "premises": "Alamanda K-9 College" }, "geometry": { "type": "Point", "coordinates": [ 144.7414908, -37.90823647 ] } },
{ "type": "Feature", "properties": { "name": "Alamein", "premises": "Craig Family Centre" }, "geometry": { "type": "Point", "coordinates": [ 145.084147800000011, -37.86650569 ] } },
{ "type": "Feature", "properties": { "name": "Albanvale", "premises": "Albanvale Primary School" }, "geometry": { "type": "Point", "coordinates": [ 144.7750122, -37.74419482 ] } },
{ "type": "Feature", "properties": { "name": "Alberton", "premises": "Alberton Primary School" }, "geometry": { "type": "Point", "coordinates": [ 146.666588600000011, -38.61758635 ] } },
{ "type": "Feature", "properties": { "name": "Albion", "premises": "Albion Primary School" }, "geometry": { "type": "Point", "coordinates": [ 144.8200319, -37.77801722 ] } },
{ "type": "Feature", "properties": { "name": "Albion North", "premises": "Albion North Primary School" }, "geometry": { "type": "Point", "coordinates": [ 144.8225051, -37.76221536 ] } },
{ "type": "Feature", "properties": { "name": "Aldercourt", "premises": "Aldercourt Primary School" }, "geometry": { "type": "Point", "coordinates": [ 145.1611393, -38.11746457 ] } },
{ "type": "Feature", "properties": { "name": "Alexandra", "premises": "Alexandra Secondary College" }, "geometry": { "type": "Point", "coordinates": [ 145.7011789, -37.1951505 ] } },
{ "type": "Feature", "properties": { "name": "Alfredton", "premises": "McCallum Community Centre" }, "geometry": { "type": "Point", "coordinates": [ 143.81285840000001, -37.55764217 ] } },
{ "type": "Feature", "properties": { "name": "Alfredton West", "premises": "Alfredton Primary School" }, "geometry": { "type": "Point", "coordinates": [ 143.802205500000014, -37.55480626 ] } },
{ "type": "Feature", "properties": { "name": "Alfredton West", "premises": "Alfredton Primary School" }, "geometry": { "type": "Point", "coordinates": [ 143.802205500000014, -37.55480626 ] } },
{ "type": "Feature", "properties": { "name": "Allansford", "premises": "Allansford Primary School" }, "geometry": { "type": "Point", "coordinates": [ 142.5907099, -38.38616359 ] } },
{ "type": "Feature", "properties": { "name": "Alma", "premises": "Alma Road Community House" }, "geometry": { "type": "Point", "coordinates": [ 145.0073016, -37.86333761 ] } },
{ "type": "Feature", "properties": { "name": "Alphington", "premises": "Alphington Primary School" }, "geometry": { "type": "Point", "coordinates": [ 145.0327403, -37.78318735 ] } },
{ "type": "Feature", "properties": { "name": "Alphington North", "premises": "Alfred Nuttall Kindergarten" }, "geometry": { "type": "Point", "coordinates": [ 145.0222359, -37.77195719 ] } },
{ "type": "Feature", "properties": { "name": "Altona", "premises": "Altona Primary School" }, "geometry": { "type": "Point", "coordinates": [ 144.82204, -37.86802312 ] } },
{ "type": "Feature", "properties": { "name": "Altona Bay", "premises": "Altona Green Primary School" }, "geometry": { "type": "Point", "coordinates": [ 144.784951299999989, -37.88681411 ] } },
{ "type": "Feature", "properties": { "name": "Altona Meadows", "premises": "Altona Meadows Primary School" }, "geometry": { "type": "Point", "coordinates": [ 144.7797029, -37.86871893 ] } },
{ "type": "Feature", "properties": { "name": "Altona Meadows CC", "premises": "Altona Meadows Community Centre" }, "geometry": { "type": "Point", "coordinates": [ 144.783138900000012, -37.87760699 ] } },
{ "type": "Feature", "properties": { "name": "Altona North", "premises": "Altona North Primary School" }, "geometry": { "type": "Point", "coordinates": [ 144.8492019, -37.83684297 ] } },
{ "type": "Feature", "properties": { "name": "Altona West", "premises": "Altona P-9 College" }, "geometry": { "type": "Point", "coordinates": [ 144.817759599999988, -37.86296894 ] } },
{ "type": "Feature", "properties": { "name": "Amphitheatre", "premises": "Amphitheatre Mechanics Institute" }, "geometry": { "type": "Point", "coordinates": [ 143.3993898, -37.18277674 ] } },
{ "type": "Feature", "properties": { "name": "Amstel", "premises": "St Peter's Catholic Co-Ed College" }, "geometry": { "type": "Point", "coordinates": [ 145.258469600000012, -38.1098187 ] } },
{ "type": "Feature", "properties": { "name": "Anakie", "premises": "Anakie Community House" }, "geometry": { "type": "Point", "coordinates": [ 144.2553648, -37.91289807 ] } },
{ "type": "Feature", "properties": { "name": "Anglesea", "premises": "Anglesea Memorial Hall" }, "geometry": { "type": "Point", "coordinates": [ 144.184999800000014, -38.40978908 ] } },
{ "type": "Feature", "properties": { "name": "Antonio Park", "premises": "Antonio Park Primary School" }, "geometry": { "type": "Point", "coordinates": [ 145.2056259, -37.81621006 ] } },
{ "type": "Feature", "properties": { "name": "Antwerp", "premises": "Antwerp Public Hall" }, "geometry": { "type": "Point", "coordinates": [ 142.02215480000001, -36.2950307 ] } },
{ "type": "Feature", "properties": { "name": "Apollo Bay", "premises": "Apollo Bay Leisure Centre" }, "geometry": { "type": "Point", "coordinates": [ 143.660137600000013, -38.75284736 ] } },
{ "type": "Feature", "properties": { "name": "Apollo Parkways", "premises": "Apollo Parkways Primary School" }, "geometry": { "type": "Point", "coordinates": [ 145.1085878, -37.68719187 ] } },
{ "type": "Feature", "properties": { "name": "Apsley", "premises": "Apsley Hall" }, "geometry": { "type": "Point", "coordinates": [ 141.082024, -36.96795797 ] } },
{ "type": "Feature", "properties": { "name": "Ararat", "premises": "Ararat Senior Citizens Clubrooms" }, "geometry": { "type": "Point", "coordinates": [ 142.932589400000012, -37.28361415 ] } },
{ "type": "Feature", "properties": { "name": "Ararat West", "premises": "Ararat Secondary College" }, "geometry": { "type": "Point", "coordinates": [ 142.9220728, -37.28545854 ] } },
{ "type": "Feature", "properties": { "name": "Arawata", "premises": "Arawata Public Hall" }, "geometry": { "type": "Point", "coordinates": [ 145.8701065, -38.39458152 ] } },
{ "type": "Feature", "properties": { "name": "Ardeer", "premises": "Ardeer Primary School" }, "geometry": { "type": "Point", "coordinates": [ 144.7997485, -37.78157275 ] } },
{ "type": "Feature", "properties": { "name": "Ardeer South", "premises": "Ardeer South Primary School" }, "geometry": { "type": "Point", "coordinates": [ 144.7997416, -37.78832432 ] } },
{ "type": "Feature", "properties": { "name": "Ardmona", "premises": "Ardmona Primary School" }, "geometry": { "type": "Point", "coordinates": [ 145.3132655, -36.38543394 ] } },
{ "type": "Feature", "properties": { "name": "Armadale", "premises": "Armadale Primary School" }, "geometry": { "type": "Point", "coordinates": [ 145.0178457, -37.85200333 ] } },
{ "type": "Feature", "properties": { "name": "Armadale East", "premises": "St Joseph's Primary School" }, "geometry": { "type": "Point", "coordinates": [ 145.0312845, -37.85817506 ] } },
{ "type": "Feature", "properties": { "name": "Armstrong Creek", "premises": "Geelong Lutheran College" }, "geometry": { "type": "Point", "coordinates": [ 144.3389044, -38.23044542 ] } },
{ "type": "Feature", "properties": { "name": "Armstrong Creek East", "premises": "Oberon High School" }, "geometry": { "type": "Point", "coordinates": [ 144.364162, -38.23138904 ] } },
{ "type": "Feature", "properties": { "name": "Arthurs Creek", "premises": "Arthurs Creek Primary School" }, "geometry": { "type": "Point", "coordinates": [ 145.2024401, -37.57928338 ] } },
{ "type": "Feature", "properties": { "name": "Ascot Vale Central", "premises": "St Mary's Catholic Primary School" }, "geometry": { "type": "Point", "coordinates": [ 144.9115806, -37.77433586 ] } },
{ "type": "Feature", "properties": { "name": "Ascot Vale East", "premises": "Ascot Vale Uniting Church" }, "geometry": { "type": "Point", "coordinates": [ 144.922252899999989, -37.77228703 ] } },
{ "type": "Feature", "properties": { "name": "Ashburton", "premises": "Ashburton Primary School" }, "geometry": { "type": "Point", "coordinates": [ 145.08428760000001, -37.86218102 ] } },
{ "type": "Feature", "properties": { "name": "Ashley Park", "premises": "Ashley Park Primary School" }, "geometry": { "type": "Point", "coordinates": [ 145.128137400000014, -37.61422514 ] } },
{ "type": "Feature", "properties": { "name": "Ashwood", "premises": "Ashwood High School" }, "geometry": { "type": "Point", "coordinates": [ 145.1034057, -37.86332214 ] } },
{ "type": "Feature", "properties": { "name": "Aspendale", "premises": "Aspendale Primary School" }, "geometry": { "type": "Point", "coordinates": [ 145.099934, -38.02097469 ] } },
{ "type": "Feature", "properties": { "name": "Aspendale Gardens", "premises": "Aspendale Gardens Primary School" }, "geometry": { "type": "Point", "coordinates": [ 145.115818499999989, -38.02273291 ] } },
{ "type": "Feature", "properties": { "name": "Atherton Gardens", "premises": "Saint Mark's Anglican Church" }, "geometry": { "type": "Point", "coordinates": [ 144.981465500000013, -37.80178808 ] } },
{ "type": "Feature", "properties": { "name": "Auburn", "premises": "Hawthorn Citizens Youth Club" }, "geometry": { "type": "Point", "coordinates": [ 145.0439948, -37.82868548 ] } },
{ "type": "Feature", "properties": { "name": "Auburn North", "premises": "Auburn Primary School" }, "geometry": { "type": "Point", "coordinates": [ 145.05025, -37.82029568 ] } },
{ "type": "Feature", "properties": { "name": "Auburn South", "premises": "Auburn South Primary School" }, "geometry": { "type": "Point", "coordinates": [ 145.0446934, -37.83962369 ] } },
{ "type": "Feature", "properties": { "name": "Avebury", "premises": "Timbarra Community Hall" }, "geometry": { "type": "Point", "coordinates": [ 145.326376900000014, -38.0246325 ] } },
{ "type": "Feature", "properties": { "name": "Avebury", "premises": "Timbarra Community Hall" }, "geometry": { "type": "Point", "coordinates": [ 145.326376900000014, -38.0246325 ] } },
{ "type": "Feature", "properties": { "name": "Avenel", "premises": "Avenel Primary School" }, "geometry": { "type": "Point", "coordinates": [ 145.2349927, -36.90143647 ] } },
{ "type": "Feature", "properties": { "name": "Avoca", "premises": "Avoca RSL Hall" }, "geometry": { "type": "Point", "coordinates": [ 143.4727134, -37.08500721 ] } },
{ "type": "Feature", "properties": { "name": "Avondale Heights", "premises": "Avondale Primary School" }, "geometry": { "type": "Point", "coordinates": [ 144.8603367, -37.76713168 ] } },
{ "type": "Feature", "properties": { "name": "Avondale Heights Central", "premises": "St Martin De Porres Catholic Church Hall" }, "geometry": { "type": "Point", "coordinates": [ 144.8605265, -37.75847304 ] } },
{ "type": "Feature", "properties": { "name": "Avondale Heights North", "premises": "Greek Orthodox Church of Panagia Soumela" }, "geometry": { "type": "Point", "coordinates": [ 144.8600257, -37.74974089 ] } },
{ "type": "Feature", "properties": { "name": "Axedale", "premises": "Axedale Hall" }, "geometry": { "type": "Point", "coordinates": [ 144.5026494, -36.78739479 ] } },
{ "type": "Feature", "properties": { "name": "Bacchus Marsh", "premises": "Bacchus Marsh College" }, "geometry": { "type": "Point", "coordinates": [ 144.433388900000011, -37.68489738 ] } },
{ "type": "Feature", "properties": { "name": "Bacchus Marsh Central", "premises": "St Bernard's Catholic Primary School" }, "geometry": { "type": "Point", "coordinates": [ 144.4358672, -37.67248733 ] } },
{ "type": "Feature", "properties": { "name": "Baddaginnie", "premises": "Peranbin Primary College" }, "geometry": { "type": "Point", "coordinates": [ 145.863669, -36.59233536 ] } },
{ "type": "Feature", "properties": { "name": "Baden Powell", "premises": "Baden Powell Park Scout Hall" }, "geometry": { "type": "Point", "coordinates": [ 145.1084703, -38.17396473 ] } },
{ "type": "Feature", "properties": { "name": "Baden Powell", "premises": "Baden Powell Park Scout Hall" }, "geometry": { "type": "Point", "coordinates": [ 145.1084703, -38.17396473 ] } },
{ "type": "Feature", "properties": { "name": "Badger Creek", "premises": "Badger Creek Primary School" }, "geometry": { "type": "Point", "coordinates": [ 145.5332108, -37.68137483 ] } },
{ "type": "Feature", "properties": { "name": "Bairnsdale", "premises": "St Mary's Parish Centre - Bairnsdale" }, "geometry": { "type": "Point", "coordinates": [ 147.627317799999986, -37.82593551 ] } },
{ "type": "Feature", "properties": { "name": "Bairnsdale West", "premises": "Bairnsdale West Primary School" }, "geometry": { "type": "Point", "coordinates": [ 147.607742, -37.82336231 ] } },
{ "type": "Feature", "properties": { "name": "Balaclava", "premises": "Bet Anielewicz Centre" }, "geometry": { "type": "Point", "coordinates": [ 144.993993100000012, -37.86547027 ] } },
{ "type": "Feature", "properties": { "name": "Ballam Park", "premises": "McClelland College" }, "geometry": { "type": "Point", "coordinates": [ 145.1619914, -38.14575692 ] } },
{ "type": "Feature", "properties": { "name": "Ballan", "premises": "Ballan and District Community House" }, "geometry": { "type": "Point", "coordinates": [ 144.2245019, -37.60123609 ] } },
{ "type": "Feature", "properties": { "name": "Ballarat Central", "premises": "Dana Street Primary School" }, "geometry": { "type": "Point", "coordinates": [ 143.852991800000012, -37.5644383 ] } },
{ "type": "Feature", "properties": { "name": "Ballarat North", "premises": "Ballarat North Primary School" }, "geometry": { "type": "Point", "coordinates": [ 143.862283, -37.54168108 ] } },
{ "type": "Feature", "properties": { "name": "Ballarat North West", "premises": "Pleasant Street Primary School" }, "geometry": { "type": "Point", "coordinates": [ 143.837923600000011, -37.5568286 ] } },
{ "type": "Feature", "properties": { "name": "Ballarat South", "premises": "St Aloysius Parish School" }, "geometry": { "type": "Point", "coordinates": [ 143.837193, -37.57773312 ] } },
{ "type": "Feature", "properties": { "name": "Ballarat South West", "premises": "Newington Primary School" }, "geometry": { "type": "Point", "coordinates": [ 143.8308128, -37.56644455 ] } },
{ "type": "Feature", "properties": { "name": "Balmoral", "premises": "Balmoral Memorial Hall" }, "geometry": { "type": "Point", "coordinates": [ 141.842429399999986, -37.24867892 ] } },
{ "type": "Feature", "properties": { "name": "Balnarring", "premises": "Balnarring Primary School" }, "geometry": { "type": "Point", "coordinates": [ 145.1232013, -38.37642704 ] } },
{ "type": "Feature", "properties": { "name": "Balwyn", "premises": "Balwyn Baptist Church" }, "geometry": { "type": "Point", "coordinates": [ 145.090629, -37.81362367 ] } },
{ "type": "Feature", "properties": { "name": "Balwyn Central", "premises": "Balwyn Primary School" }, "geometry": { "type": "Point", "coordinates": [ 145.0812288, -37.81410665 ] } },
{ "type": "Feature", "properties": { "name": "Balwyn North", "premises": "Balwyn North Primary School" }, "geometry": { "type": "Point", "coordinates": [ 145.0772533, -37.79656815 ] } },
{ "type": "Feature", "properties": { "name": "Balwyn North Central", "premises": "St Bede's Primary School" }, "geometry": { "type": "Point", "coordinates": [ 145.07149720000001, -37.79353416 ] } },
{ "type": "Feature", "properties": { "name": "Balwyn North West", "premises": "Belle Vue Primary School" }, "geometry": { "type": "Point", "coordinates": [ 145.078507300000012, -37.78226449 ] } },
{ "type": "Feature", "properties": { "name": "Balwyn West", "premises": "Gordon Barnard Reserve Pavilion" }, "geometry": { "type": "Point", "coordinates": [ 145.0865377, -37.80158031 ] } },
{ "type": "Feature", "properties": { "name": "Bamawm", "premises": "Bamawm Sports Centre Recreation Reserve" }, "geometry": { "type": "Point", "coordinates": [ 144.5899446, -36.26249939 ] } },
{ "type": "Feature", "properties": { "name": "Bamawm Extension", "premises": "Bamawm Extension Public Hall" }, "geometry": { "type": "Point", "coordinates": [ 144.6170559, -36.20022289 ] } },
{ "type": "Feature", "properties": { "name": "Bannockburn", "premises": "Bannockburn Cultural Centre" }, "geometry": { "type": "Point", "coordinates": [ 144.1710057, -38.04713804 ] } },
{ "type": "Feature", "properties": { "name": "Bannockburn West", "premises": "Bannockburn P-12 College" }, "geometry": { "type": "Point", "coordinates": [ 144.161073499999986, -38.04087227 ] } },
{ "type": "Feature", "properties": { "name": "Banyan Fields", "premises": "Banyan Fields Primary School" }, "geometry": { "type": "Point", "coordinates": [ 145.1875488, -38.09500852 ] } },
{ "type": "Feature", "properties": { "name": "Banyule", "premises": "Banyule Primary School" }, "geometry": { "type": "Point", "coordinates": [ 145.0777582, -37.74376982 ] } },
{ "type": "Feature", "properties": { "name": "Baranduda", "premises": "Baranduda Primary School" }, "geometry": { "type": "Point", "coordinates": [ 146.9475941, -36.18049312 ] } },
{ "type": "Feature", "properties": { "name": "Barmah", "premises": "Barmah Community Hall" }, "geometry": { "type": "Point", "coordinates": [ 144.960978, -36.01612315 ] } },
{ "type": "Feature", "properties": { "name": "Barnawartha", "premises": "Barnawartha Soldiers Memorial Hall" }, "geometry": { "type": "Point", "coordinates": [ 146.6738217, -36.10543271 ] } },
{ "type": "Feature", "properties": { "name": "Barwon", "premises": "South Geelong Primary School" }, "geometry": { "type": "Point", "coordinates": [ 144.3590618, -38.1568138 ] } },
{ "type": "Feature", "properties": { "name": "Barwon Heads", "premises": "Barwon Heads Primary School" }, "geometry": { "type": "Point", "coordinates": [ 144.4871238, -38.28156313 ] } },
{ "type": "Feature", "properties": { "name": "Bass", "premises": "Bass Valley Community Centre" }, "geometry": { "type": "Point", "coordinates": [ 145.4660111, -38.48443539 ] } },
{ "type": "Feature", "properties": { "name": "Baxter", "premises": "Baxter Primary School" }, "geometry": { "type": "Point", "coordinates": [ 145.181661100000014, -38.19966978 ] } },
{ "type": "Feature", "properties": { "name": "Bayles", "premises": "Bayles Hall" }, "geometry": { "type": "Point", "coordinates": [ 145.5704687, -38.1777874 ] } },
{ "type": "Feature", "properties": { "name": "Bayswater", "premises": "Bayswater Primary School" }, "geometry": { "type": "Point", "coordinates": [ 145.2596845, -37.84277835 ] } },
{ "type": "Feature", "properties": { "name": "Bayswater North", "premises": "Bayswater North Primary School" }, "geometry": { "type": "Point", "coordinates": [ 145.295737699999989, -37.82880901 ] } },
{ "type": "Feature", "properties": { "name": "Bayswater South", "premises": "Bayswater South Primary School" }, "geometry": { "type": "Point", "coordinates": [ 145.2613259, -37.85476069 ] } },
{ "type": "Feature", "properties": { "name": "Bayswater West", "premises": "Bayswater West Primary School" }, "geometry": { "type": "Point", "coordinates": [ 145.252440799999988, -37.84931932 ] } },
{ "type": "Feature", "properties": { "name": "Beacon Point", "premises": "Beacon Point Kindergarten" }, "geometry": { "type": "Point", "coordinates": [ 144.5753827, -38.14877138 ] } },
{ "type": "Feature", "properties": { "name": "Beaconsfield", "premises": "Beaconsfield Primary School" }, "geometry": { "type": "Point", "coordinates": [ 145.372047900000013, -38.04809091 ] } },
{ "type": "Feature", "properties": { "name": "Beaconsfield Upper", "premises": "Beaconsfield Upper Primary School" }, "geometry": { "type": "Point", "coordinates": [ 145.4155547, -37.99639277 ] } },
{ "type": "Feature", "properties": { "name": "Bealiba", "premises": "Bealiba Primary School" }, "geometry": { "type": "Point", "coordinates": [ 143.5516968, -36.78998371 ] } },
{ "type": "Feature", "properties": { "name": "Beaufort", "premises": "Beeripmo Development Centre" }, "geometry": { "type": "Point", "coordinates": [ 143.3840808, -37.42793059 ] } },
{ "type": "Feature", "properties": { "name": "Beaumaris", "premises": "St Michaels Anglican Church Beaumaris" }, "geometry": { "type": "Point", "coordinates": [ 145.036966400000011, -37.99074458 ] } },
{ "type": "Feature", "properties": { "name": "Beaumaris Central", "premises": "Beaumaris Secondary College" }, "geometry": { "type": "Point", "coordinates": [ 145.034257, -37.97829681 ] } },
{ "type": "Feature", "properties": { "name": "Beaumaris North", "premises": "Beaumaris North Primary School" }, "geometry": { "type": "Point", "coordinates": [ 145.0361264, -37.97342464 ] } },
{ "type": "Feature", "properties": { "name": "Beeac", "premises": "Beeac Primary School" }, "geometry": { "type": "Point", "coordinates": [ 143.644080300000013, -38.19423759 ] } },
{ "type": "Feature", "properties": { "name": "Beechworth", "premises": "Beechworth Servicemen's Memorial Hall" }, "geometry": { "type": "Point", "coordinates": [ 146.688092399999988, -36.35865255 ] } },
{ "type": "Feature", "properties": { "name": "Belgrave", "premises": "St Thomas More Primary School" }, "geometry": { "type": "Point", "coordinates": [ 145.353129599999988, -37.90838532 ] } },
{ "type": "Feature", "properties": { "name": "Belgrave South", "premises": "Belgrave South Primary School" }, "geometry": { "type": "Point", "coordinates": [ 145.3578339, -37.93124764 ] } },
{ "type": "Feature", "properties": { "name": "Bell", "premises": "Bell Primary School" }, "geometry": { "type": "Point", "coordinates": [ 144.9910103, -37.74706593 ] } },
{ "type": "Feature", "properties": { "name": "Bell", "premises": "Bell Primary School" }, "geometry": { "type": "Point", "coordinates": [ 144.9910103, -37.74706593 ] } },
{ "type": "Feature", "properties": { "name": "Bell Park", "premises": "Bell Park North Primary School" }, "geometry": { "type": "Point", "coordinates": [ 144.336313600000011, -38.10616263 ] } },
{ "type": "Feature", "properties": { "name": "Bell Park South", "premises": "Nelson Park School" }, "geometry": { "type": "Point", "coordinates": [ 144.3380425, -38.11410322 ] } },
{ "type": "Feature", "properties": { "name": "Bellbrae", "premises": "Bellbrae Public Hall" }, "geometry": { "type": "Point", "coordinates": [ 144.2625476, -38.33680204 ] } },
{ "type": "Feature", "properties": { "name": "Bellbridge", "premises": "Central Park Community Centre" }, "geometry": { "type": "Point", "coordinates": [ 144.7037788, -37.87806586 ] } },
{ "type": "Feature", "properties": { "name": "Bellbridge East", "premises": "Bellbridge Primary School" }, "geometry": { "type": "Point", "coordinates": [ 144.7102697, -37.87045478 ] } },
{ "type": "Feature", "properties": { "name": "Belmont", "premises": "Roslyn Primary School" }, "geometry": { "type": "Point", "coordinates": [ 144.330187, -38.17400458 ] } },
{ "type": "Feature", "properties": { "name": "Belmont North", "premises": "Belmont Primary School" }, "geometry": { "type": "Point", "coordinates": [ 144.3420382, -38.17061723 ] } },
{ "type": "Feature", "properties": { "name": "Belmont West", "premises": "Clairvaux Catholic School Hall" }, "geometry": { "type": "Point", "coordinates": [ 144.325572599999987, -38.18456292 ] } },
{ "type": "Feature", "properties": { "name": "Belmont West", "premises": "Clairvaux Catholic School Hall" }, "geometry": { "type": "Point", "coordinates": [ 144.325572599999987, -38.18456292 ] } },
{ "type": "Feature", "properties": { "name": "Belvedere Park", "premises": "Seaford Park Primary School" }, "geometry": { "type": "Point", "coordinates": [ 145.1547865, -38.10529495 ] } },
{ "type": "Feature", "properties": { "name": "Belvedere Park", "premises": "Seaford Park Primary School" }, "geometry": { "type": "Point", "coordinates": [ 145.1547865, -38.10529495 ] } },
{ "type": "Feature", "properties": { "name": "Bena", "premises": "Bena Public Hall" }, "geometry": { "type": "Point", "coordinates": [ 145.7623156, -38.41159405 ] } },
{ "type": "Feature", "properties": { "name": "Benalla", "premises": "Benalla Secondary College - Avon Campus" }, "geometry": { "type": "Point", "coordinates": [ 145.9940809, -36.54748037 ] } },
{ "type": "Feature", "properties": { "name": "Benalla West", "premises": "Benalla Secondary College - Faithful Campus" }, "geometry": { "type": "Point", "coordinates": [ 145.9637217, -36.55296857 ] } },
{ "type": "Feature", "properties": { "name": "Bendigo Central", "premises": "Bendigo Town Hall" }, "geometry": { "type": "Point", "coordinates": [ 144.2824855, -36.75914149 ] } },
{ "type": "Feature", "properties": { "name": "Bendigo Central", "premises": "Bendigo Town Hall" }, "geometry": { "type": "Point", "coordinates": [ 144.2824855, -36.75914149 ] } },
{ "type": "Feature", "properties": { "name": "Bendigo East", "premises": "Bendigo East Public Hall" }, "geometry": { "type": "Point", "coordinates": [ 144.2947087, -36.75482384 ] } },
{ "type": "Feature", "properties": { "name": "Bendigo North", "premises": "Saint Peter's Catholic Primary School" }, "geometry": { "type": "Point", "coordinates": [ 144.2721874, -36.74412119 ] } },
{ "type": "Feature", "properties": { "name": "Bentleigh", "premises": "St. Paul's Primary School Bentleigh" }, "geometry": { "type": "Point", "coordinates": [ 145.041920299999987, -37.92244058 ] } },
{ "type": "Feature", "properties": { "name": "Bentleigh Central", "premises": "St John's Anglican Church Hall" }, "geometry": { "type": "Point", "coordinates": [ 145.0512157, -37.9202155 ] } },
{ "type": "Feature", "properties": { "name": "Bentleigh East", "premises": "Bentleigh Secondary College" }, "geometry": { "type": "Point", "coordinates": [ 145.059591, -37.9269445 ] } },
{ "type": "Feature", "properties": { "name": "Bentleigh West", "premises": "Bentleigh West Primary School" }, "geometry": { "type": "Point", "coordinates": [ 145.0263639, -37.92076135 ] } },
{ "type": "Feature", "properties": { "name": "Berendale", "premises": "Berendale School" }, "geometry": { "type": "Point", "coordinates": [ 145.031425, -37.93996016 ] } },
{ "type": "Feature", "properties": { "name": "Berendale", "premises": "Berendale School" }, "geometry": { "type": "Point", "coordinates": [ 145.031425, -37.93996016 ] } },
{ "type": "Feature", "properties": { "name": "Berriwillock", "premises": "Berriwillock Community Centre" }, "geometry": { "type": "Point", "coordinates": [ 142.9950829, -35.63616057 ] } },
{ "type": "Feature", "properties": { "name": "Berwick", "premises": "Berwick Secondary College" }, "geometry": { "type": "Point", "coordinates": [ 145.3657494, -38.03074421 ] } },
{ "type": "Feature", "properties": { "name": "Berwick Chase", "premises": "Berwick Chase Primary School" }, "geometry": { "type": "Point", "coordinates": [ 145.347245500000014, -38.06771526 ] } },
{ "type": "Feature", "properties": { "name": "Berwick Lodge", "premises": "Berwick Lodge Primary School" }, "geometry": { "type": "Point", "coordinates": [ 145.3275611, -38.03147448 ] } },
{ "type": "Feature", "properties": { "name": "Berwick Lodge", "premises": "Berwick Lodge Primary School" }, "geometry": { "type": "Point", "coordinates": [ 145.3275611, -38.03147448 ] } },
{ "type": "Feature", "properties": { "name": "Berwick South", "premises": "Brentwood Park Primary School" }, "geometry": { "type": "Point", "coordinates": [ 145.3478203, -38.0532111 ] } },
{ "type": "Feature", "properties": { "name": "Bethal", "premises": "Bethal Primary School" }, "geometry": { "type": "Point", "coordinates": [ 144.9177199, -37.65959991 ] } },
{ "type": "Feature", "properties": { "name": "Bethal", "premises": "Bethal Primary School" }, "geometry": { "type": "Point", "coordinates": [ 144.9177199, -37.65959991 ] } },
{ "type": "Feature", "properties": { "name": "Bethanga", "premises": "Bethanga Soldiers Memorial Hall" }, "geometry": { "type": "Point", "coordinates": [ 147.098229300000014, -36.12404569 ] } },
{ "type": "Feature", "properties": { "name": "Beulah", "premises": "Beulah Memorial Hall" }, "geometry": { "type": "Point", "coordinates": [ 142.420879899999989, -35.93894798 ] } },
{ "type": "Feature", "properties": { "name": "Beverford", "premises": "Beverford Primary School" }, "geometry": { "type": "Point", "coordinates": [ 143.4785518, -35.23282808 ] } },
{ "type": "Feature", "properties": { "name": "Beveridge", "premises": "Beveridge Primary School - Ambrosia Campus" }, "geometry": { "type": "Point", "coordinates": [ 144.9564533, -37.46878902 ] } },
{ "type": "Feature", "properties": { "name": "Beverley Hills", "premises": "Beverley Hills Primary School" }, "geometry": { "type": "Point", "coordinates": [ 145.15930130000001, -37.79609845 ] } },
{ "type": "Feature", "properties": { "name": "Bimbadeen", "premises": "Bimbadeen Heights Primary School" }, "geometry": { "type": "Point", "coordinates": [ 145.321335800000014, -37.77485397 ] } },
{ "type": "Feature", "properties": { "name": "Birchip", "premises": "Birchip Public Hall" }, "geometry": { "type": "Point", "coordinates": [ 142.917577599999987, -35.98089551 ] } },
{ "type": "Feature", "properties": { "name": "Birregurra", "premises": "Birregurra Community Health Centre" }, "geometry": { "type": "Point", "coordinates": [ 143.7862644, -38.33643398 ] } },
{ "type": "Feature", "properties": { "name": "Bisinella", "premises": "Bisinella Community Centre" }, "geometry": { "type": "Point", "coordinates": [ 144.386922, -38.02589301 ] } },
{ "type": "Feature", "properties": { "name": "Bittern", "premises": "Bittern Primary School" }, "geometry": { "type": "Point", "coordinates": [ 145.171409899999986, -38.33997911 ] } },
{ "type": "Feature", "properties": { "name": "Black Hill", "premises": "Black Hill Primary School" }, "geometry": { "type": "Point", "coordinates": [ 143.8696569, -37.54991093 ] } },
{ "type": "Feature", "properties": { "name": "Black Rock", "premises": "Black Rock Primary School" }, "geometry": { "type": "Point", "coordinates": [ 145.021508399999988, -37.96996388 ] } },
{ "type": "Feature", "properties": { "name": "Black Rock South", "premises": "St. Joseph's Primary School - Black Rock" }, "geometry": { "type": "Point", "coordinates": [ 145.023034700000011, -37.97620767 ] } },
{ "type": "Feature", "properties": { "name": "Blackburn", "premises": "The Avenue Uniting Church " }, "geometry": { "type": "Point", "coordinates": [ 145.152017699999988, -37.82300287 ] } },
{ "type": "Feature", "properties": { "name": "Blackburn", "premises": "The Avenue Uniting Church " }, "geometry": { "type": "Point", "coordinates": [ 145.152017699999988, -37.82300287 ] } },
{ "type": "Feature", "properties": { "name": "Blackburn Lake", "premises": "Blackburn Lake Primary School" }, "geometry": { "type": "Point", "coordinates": [ 145.1663364, -37.8270147 ] } },
{ "type": "Feature", "properties": { "name": "Blackburn North", "premises": "Blackburn Primary School" }, "geometry": { "type": "Point", "coordinates": [ 145.1565933, -37.81656549 ] } },
{ "type": "Feature", "properties": { "name": "Blackburn North", "premises": "Blackburn Primary School" }, "geometry": { "type": "Point", "coordinates": [ 145.1565933, -37.81656549 ] } },
{ "type": "Feature", "properties": { "name": "Blackburn South", "premises": "St Luke's Roman Catholic Parish Hall" }, "geometry": { "type": "Point", "coordinates": [ 145.1470395, -37.83544366 ] } },
{ "type": "Feature", "properties": { "name": "Blackwood", "premises": "Blackwood Community Hall" }, "geometry": { "type": "Point", "coordinates": [ 144.3074995, -37.47052516 ] } },
{ "type": "Feature", "properties": { "name": "Blairgowrie", "premises": "Blairgowrie Community Hall" }, "geometry": { "type": "Point", "coordinates": [ 144.7841922, -38.36385553 ] } },
{ "type": "Feature", "properties": { "name": "Blind Bight", "premises": "Blind Bight Community Centre" }, "geometry": { "type": "Point", "coordinates": [ 145.339595300000013, -38.21683578 ] } },
{ "type": "Feature", "properties": { "name": "Blossom Park", "premises": "Plenty Parklands Primary School" }, "geometry": { "type": "Point", "coordinates": [ 145.0771033, -37.6698715 ] } },
{ "type": "Feature", "properties": { "name": "Blyth", "premises": "Salvation Army Community Centre - Brunswick" }, "geometry": { "type": "Point", "coordinates": [ 144.9634036, -37.76905934 ] } },
{ "type": "Feature", "properties": { "name": "Boardwalk", "premises": "Carranballac P-9 College - Boardwalk Campus" }, "geometry": { "type": "Point", "coordinates": [ 144.743190700000014, -37.88471469 ] } },
{ "type": "Feature", "properties": { "name": "Boisdale", "premises": "Boisdale Public Hall" }, "geometry": { "type": "Point", "coordinates": [ 146.98818, -37.88279 ] } },
{ "type": "Feature", "properties": { "name": "Boldrewood", "premises": "Reservoir East Primary School" }, "geometry": { "type": "Point", "coordinates": [ 145.0217589, -37.72096699 ] } },
{ "type": "Feature", "properties": { "name": "Bolinda", "premises": "Bolinda Primary School" }, "geometry": { "type": "Point", "coordinates": [ 144.7455247, -37.43336579 ] } },
{ "type": "Feature", "properties": { "name": "Bolwarra", "premises": "Bolwarra Primary School" }, "geometry": { "type": "Point", "coordinates": [ 141.6148216, -38.28166831 ] } },
{ "type": "Feature", "properties": { "name": "Bona Vista", "premises": "Bona Vista Primary School" }, "geometry": { "type": "Point", "coordinates": [ 145.959452199999987, -38.21011469 ] } },
{ "type": "Feature", "properties": { "name": "Bonbeach", "premises": "Bonbeach Primary School" }, "geometry": { "type": "Point", "coordinates": [ 145.1250339, -38.06730672 ] } },
{ "type": "Feature", "properties": { "name": "Bonegilla", "premises": "Bonegilla Hall" }, "geometry": { "type": "Point", "coordinates": [ 147.005776, -36.14116455 ] } },
{ "type": "Feature", "properties": { "name": "Boneo", "premises": "Boneo Community Hall" }, "geometry": { "type": "Point", "coordinates": [ 144.8865433, -38.41109777 ] } },
{ "type": "Feature", "properties": { "name": "Bonnie Doon", "premises": "Bonnie Doon Community Centre" }, "geometry": { "type": "Point", "coordinates": [ 145.852787799999987, -37.0253313 ] } },
{ "type": "Feature", "properties": { "name": "Boolarra", "premises": "Boolarra Memorial Hall" }, "geometry": { "type": "Point", "coordinates": [ 146.27487690000001, -38.37864573 ] } },
{ "type": "Feature", "properties": { "name": "Boort", "premises": "Boort Resource and Information Centre (BRIC)" }, "geometry": { "type": "Point", "coordinates": [ 143.7266329, -36.11661823 ] } },
{ "type": "Feature", "properties": { "name": "Boronia East", "premises": "Boronia Church of Christ" }, "geometry": { "type": "Point", "coordinates": [ 145.289795700000013, -37.86230799 ] } },
{ "type": "Feature", "properties": { "name": "Boronia North", "premises": "Boronia Heights Primary School" }, "geometry": { "type": "Point", "coordinates": [ 145.2954565, -37.84497302 ] } },
{ "type": "Feature", "properties": { "name": "Boronia West", "premises": "Boronia West Primary School" }, "geometry": { "type": "Point", "coordinates": [ 145.2785524, -37.85897034 ] } },
{ "type": "Feature", "properties": { "name": "Boroondara", "premises": "Boroondara Park Primary School" }, "geometry": { "type": "Point", "coordinates": [ 145.0880778, -37.78967704 ] } },
{ "type": "Feature", "properties": { "name": "Botanic Ridge", "premises": "Botanic Ridge Primary School" }, "geometry": { "type": "Point", "coordinates": [ 145.2888432, -38.15000025 ] } },
{ "type": "Feature", "properties": { "name": "Boundary Bend", "premises": "Boundary Bend Hall" }, "geometry": { "type": "Point", "coordinates": [ 143.1536107, -34.71716058 ] } },
{ "type": "Feature", "properties": { "name": "Bowenvale", "premises": "Bowenvale Public Hall" }, "geometry": { "type": "Point", "coordinates": [ 143.710387, -36.9893062 ] } },
{ "type": "Feature", "properties": { "name": "Box Hill", "premises": "St Peter's Anglican Church Hall" }, "geometry": { "type": "Point", "coordinates": [ 145.127326, -37.81876203 ] } },
{ "type": "Feature", "properties": { "name": "Box Hill Central", "premises": "The Arbour Hall - Box Hill Community Arts Centre" }, "geometry": { "type": "Point", "coordinates": [ 145.122563500000012, -37.82533994 ] } },
{ "type": "Feature", "properties": { "name": "Box Hill North", "premises": "Box Hill North Primary School" }, "geometry": { "type": "Point", "coordinates": [ 145.1234264, -37.80081727 ] } },
{ "type": "Feature", "properties": { "name": "Box Hill South", "premises": "Roberts McCubbin Primary School" }, "geometry": { "type": "Point", "coordinates": [ 145.126213799999988, -37.83448489 ] } },
{ "type": "Feature", "properties": { "name": "Brandon Park", "premises": "Brandon Park Primary School" }, "geometry": { "type": "Point", "coordinates": [ 145.1732173, -37.91437688 ] } },
{ "type": "Feature", "properties": { "name": "Branxholme", "premises": "Branxholme Hall" }, "geometry": { "type": "Point", "coordinates": [ 141.7963152, -37.85724805 ] } },
{ "type": "Feature", "properties": { "name": "Briagolong", "premises": "Briagolong Mechanics Institute" }, "geometry": { "type": "Point", "coordinates": [ 147.0684493, -37.843336 ] } },
{ "type": "Feature", "properties": { "name": "Briar Hill", "premises": "Briar Hill Primary School" }, "geometry": { "type": "Point", "coordinates": [ 145.115274699999986, -37.70816455 ] } },
{ "type": "Feature", "properties": { "name": "Bridgewater", "premises": "Bridgewater Hall" }, "geometry": { "type": "Point", "coordinates": [ 143.9448271, -36.60291865 ] } },
{ "type": "Feature", "properties": { "name": "Bridport", "premises": "Albert Park Primary School" }, "geometry": { "type": "Point", "coordinates": [ 144.9523739, -37.84135935 ] } },
{ "type": "Feature", "properties": { "name": "Bright", "premises": "Bright Senior Citizens Centre" }, "geometry": { "type": "Point", "coordinates": [ 146.96231130000001, -36.73051326 ] } },
{ "type": "Feature", "properties": { "name": "Brighton", "premises": "Brighton Primary School" }, "geometry": { "type": "Point", "coordinates": [ 145.0016876, -37.91237595 ] } },
{ "type": "Feature", "properties": { "name": "Brighton Beach", "premises": "Brighton Beach Primary School" }, "geometry": { "type": "Point", "coordinates": [ 144.9960686, -37.92218651 ] } },
{ "type": "Feature", "properties": { "name": "Brighton East", "premises": "Melbourne Montessori School" }, "geometry": { "type": "Point", "coordinates": [ 145.0174413, -37.91180769 ] } },
{ "type": "Feature", "properties": { "name": "Brighton High", "premises": "Brighton Secondary College" }, "geometry": { "type": "Point", "coordinates": [ 145.019736200000011, -37.92009213 ] } },
{ "type": "Feature", "properties": { "name": "Brim", "premises": "Brim Memorial Hall" }, "geometry": { "type": "Point", "coordinates": [ 142.41643, -36.07602704 ] } },
{ "type": "Feature", "properties": { "name": "Britannia", "premises": "St Patrick's Catholic Primary School" }, "geometry": { "type": "Point", "coordinates": [ 144.3458995, -38.13453108 ] } },
{ "type": "Feature", "properties": { "name": "Broadford", "premises": "Broadford Secondary College" }, "geometry": { "type": "Point", "coordinates": [ 145.040097300000014, -37.20519587 ] } },
{ "type": "Feature", "properties": { "name": "Broadmeadows", "premises": "Meadows Primary School" }, "geometry": { "type": "Point", "coordinates": [ 144.929559500000011, -37.68748981 ] } },
{ "type": "Feature", "properties": { "name": "Broadmeadows North", "premises": "Hume Central Secondary College - Blair Campus" }, "geometry": { "type": "Point", "coordinates": [ 144.9318786, -37.67946393 ] } },
{ "type": "Feature", "properties": { "name": "Brookfield", "premises": "Melton Christian College" }, "geometry": { "type": "Point", "coordinates": [ 144.559646500000014, -37.70103911 ] } },
{ "type": "Feature", "properties": { "name": "Brooklyn", "premises": "Annunciation Primary School" }, "geometry": { "type": "Point", "coordinates": [ 144.8478883, -37.82132773 ] } },
{ "type": "Feature", "properties": { "name": "Brookside", "premises": "Brookside College" }, "geometry": { "type": "Point", "coordinates": [ 144.736385500000011, -37.74639262 ] } },
{ "type": "Feature", "properties": { "name": "Bruce Park", "premises": "Monash Peninsula Campus" }, "geometry": { "type": "Point", "coordinates": [ 145.135258099999987, -38.15193992 ] } },
{ "type": "Feature", "properties": { "name": "Brunswick East", "premises": "Brunswick East Primary School" }, "geometry": { "type": "Point", "coordinates": [ 144.9793522, -37.76525863 ] } },
{ "type": "Feature", "properties": { "name": "Brunswick North", "premises": "Brunswick North Primary School" }, "geometry": { "type": "Point", "coordinates": [ 144.9519446, -37.76019339 ] } },
{ "type": "Feature", "properties": { "name": "Brunswick North West", "premises": "Brunswick North West Primary School" }, "geometry": { "type": "Point", "coordinates": [ 144.9430973, -37.7566591 ] } },
{ "type": "Feature", "properties": { "name": "Brunswick North West", "premises": "Brunswick North West Primary School" }, "geometry": { "type": "Point", "coordinates": [ 144.9430973, -37.7566591 ] } },
{ "type": "Feature", "properties": { "name": "Brunswick South", "premises": "Temple Park Senior Citizens Centre Brunswick West" }, "geometry": { "type": "Point", "coordinates": [ 144.9531919, -37.77479749 ] } },
{ "type": "Feature", "properties": { "name": "Brunswick South West", "premises": "Brunswick South West Primary School" }, "geometry": { "type": "Point", "coordinates": [ 144.943707100000012, -37.77002871 ] } },
{ "type": "Feature", "properties": { "name": "Bruthen", "premises": "Bruthen Mechanics Hall" }, "geometry": { "type": "Point", "coordinates": [ 147.831830700000012, -37.70745609 ] } },
{ "type": "Feature", "properties": { "name": "Buangor", "premises": "Buangor Primary School" }, "geometry": { "type": "Point", "coordinates": [ 143.1751251, -37.36441574 ] } },
{ "type": "Feature", "properties": { "name": "Buchan", "premises": "Buchan Primary School" }, "geometry": { "type": "Point", "coordinates": [ 148.1804191, -37.49748164 ] } },
{ "type": "Feature", "properties": { "name": "Buckley Park", "premises": "Buckley Park College" }, "geometry": { "type": "Point", "coordinates": [ 144.8976749, -37.74785806 ] } },
{ "type": "Feature", "properties": { "name": "Buckley Park", "premises": "Buckley Park College" }, "geometry": { "type": "Point", "coordinates": [ 144.8976749, -37.74785806 ] } },
{ "type": "Feature", "properties": { "name": "Bulla", "premises": "Jack McKenzie Community Hall" }, "geometry": { "type": "Point", "coordinates": [ 144.805169299999989, -37.63524253 ] } },
{ "type": "Feature", "properties": { "name": "Bulleen", "premises": "Bulleen Heights School Pleasant Road Campus" }, "geometry": { "type": "Point", "coordinates": [ 145.0952069, -37.7631941 ] } },
{ "type": "Feature", "properties": { "name": "Bulleen West", "premises": "Koonarra Hall" }, "geometry": { "type": "Point", "coordinates": [ 145.088959499999987, -37.77828076 ] } },
{ "type": "Feature", "properties": { "name": "Bullengarook", "premises": "Macedon Sunbury Specialist School" }, "geometry": { "type": "Point", "coordinates": [ 144.5167323, -37.48690241 ] } },
{ "type": "Feature", "properties": { "name": "Bulmans", "premises": "Catholic Regional College Melton" }, "geometry": { "type": "Point", "coordinates": [ 144.5507548, -37.67786371 ] } },
{ "type": "Feature", "properties": { "name": "Buln Buln", "premises": "Buln Buln Primary School" }, "geometry": { "type": "Point", "coordinates": [ 145.9380271, -38.09908947 ] } },
{ "type": "Feature", "properties": { "name": "Bunbartha", "premises": "Bunbartha Community Centre" }, "geometry": { "type": "Point", "coordinates": [ 145.3436226, -36.21982074 ] } },
{ "type": "Feature", "properties": { "name": "Bundalaguah", "premises": "Bundalaguah Primary School" }, "geometry": { "type": "Point", "coordinates": [ 147.011832, -38.02286953 ] } },
{ "type": "Feature", "properties": { "name": "Bundalong", "premises": "Bundalong Hall" }, "geometry": { "type": "Point", "coordinates": [ 146.172849, -36.03729548 ] } },
{ "type": "Feature", "properties": { "name": "Bundeera", "premises": "Caulfield South Primary School" }, "geometry": { "type": "Point", "coordinates": [ 145.0310901, -37.8952121 ] } },
{ "type": "Feature", "properties": { "name": "Bundoora", "premises": "Bundoora Secondary College" }, "geometry": { "type": "Point", "coordinates": [ 145.0618469, -37.70734451 ] } },
{ "type": "Feature", "properties": { "name": "Bungaree", "premises": "Bungaree Mechanics Institute" }, "geometry": { "type": "Point", "coordinates": [ 143.9930641, -37.55859979 ] } },
{ "type": "Feature", "properties": { "name": "Buninyong", "premises": "Buninyong Primary School" }, "geometry": { "type": "Point", "coordinates": [ 143.8858587, -37.65303915 ] } },
{ "type": "Feature", "properties": { "name": "Bunyip", "premises": "Bunyip Hall" }, "geometry": { "type": "Point", "coordinates": [ 145.7212695, -38.09836793 ] } },
{ "type": "Feature", "properties": { "name": "Burnside", "premises": "Burnside Primary School" }, "geometry": { "type": "Point", "coordinates": [ 144.752803699999987, -37.74586822 ] } },
{ "type": "Feature", "properties": { "name": "Burwood", "premises": "Alfred Road Kindergarten" }, "geometry": { "type": "Point", "coordinates": [ 145.089046700000011, -37.85442537 ] } },
{ "type": "Feature", "properties": { "name": "Burwood Central", "premises": "Wattle Park Primary School" }, "geometry": { "type": "Point", "coordinates": [ 145.097534, -37.84340966 ] } },
{ "type": "Feature", "properties": { "name": "Burwood Central", "premises": "Wattle Park Primary School" }, "geometry": { "type": "Point", "coordinates": [ 145.097534, -37.84340966 ] } },
{ "type": "Feature", "properties": { "name": "Burwood Heights", "premises": "Burwood Heights Primary School" }, "geometry": { "type": "Point", "coordinates": [ 145.1633682, -37.84675276 ] } },
{ "type": "Feature", "properties": { "name": "Burwood West", "premises": "1st Glen Iris Scout Hall" }, "geometry": { "type": "Point", "coordinates": [ 145.0690547, -37.85258603 ] } },
{ "type": "Feature", "properties": { "name": "Buxton", "premises": "Buxton Primary School" }, "geometry": { "type": "Point", "coordinates": [ 145.708990300000011, -37.42175301 ] } },
{ "type": "Feature", "properties": { "name": "Byrneside", "premises": "Byrneside Public Hall" }, "geometry": { "type": "Point", "coordinates": [ 145.1746793, -36.42091723 ] } },
{ "type": "Feature", "properties": { "name": "Cabarita", "premises": "The Lake Primary School" }, "geometry": { "type": "Point", "coordinates": [ 142.093692, -34.20596063 ] } },
{ "type": "Feature", "properties": { "name": "Cairnlea", "premises": "Cairnlea Park Primary School" }, "geometry": { "type": "Point", "coordinates": [ 144.7883305, -37.75872034 ] } },
{ "type": "Feature", "properties": { "name": "Calder Rise", "premises": "Overnewton Gatehouse Hall" }, "geometry": { "type": "Point", "coordinates": [ 144.8204139, -37.70935664 ] } },
{ "type": "Feature", "properties": { "name": "Caledonian", "premises": "Caledonian Primary School" }, "geometry": { "type": "Point", "coordinates": [ 143.89387210000001, -37.55521924 ] } },
{ "type": "Feature", "properties": { "name": "Caledonian", "premises": "Caledonian Primary School" }, "geometry": { "type": "Point", "coordinates": [ 143.89387210000001, -37.55521924 ] } },
{ "type": "Feature", "properties": { "name": "California Gully", "premises": "California Gully Mechanics Institute Hall" }, "geometry": { "type": "Point", "coordinates": [ 144.2569507, -36.73460538 ] } },
{ "type": "Feature", "properties": { "name": "Calivil", "premises": "Calivil Public Hall" }, "geometry": { "type": "Point", "coordinates": [ 144.0721735, -36.29883577 ] } },
{ "type": "Feature", "properties": { "name": "Camberwell", "premises": "Camberwell Primary School" }, "geometry": { "type": "Point", "coordinates": [ 145.0575368, -37.83357229 ] } },
{ "type": "Feature", "properties": { "name": "Camberwell Middle", "premises": "Camberwell Church of Christ" }, "geometry": { "type": "Point", "coordinates": [ 145.0658295, -37.83276266 ] } },
{ "type": "Feature", "properties": { "name": "Camberwell South", "premises": "Camberwell South Primary School" }, "geometry": { "type": "Point", "coordinates": [ 145.0627366, -37.84815154 ] } },
{ "type": "Feature", "properties": { "name": "Camberwell South", "premises": "Camberwell South Primary School" }, "geometry": { "type": "Point", "coordinates": [ 145.0627366, -37.84815154 ] } },
{ "type": "Feature", "properties": { "name": "Cambridge", "premises": "Cambridge Primary School" }, "geometry": { "type": "Point", "coordinates": [ 144.6755015, -37.86745716 ] } },
{ "type": "Feature", "properties": { "name": "Camelot", "premises": "Camelot Rise Primary School" }, "geometry": { "type": "Point", "coordinates": [ 145.1877839, -37.86516796 ] } },
{ "type": "Feature", "properties": { "name": "Campbellfield", "premises": "Campbellfield Heights Primary School" }, "geometry": { "type": "Point", "coordinates": [ 144.9648247, -37.67461741 ] } },
{ "type": "Feature", "properties": { "name": "Campbells Creek", "premises": "Campbells Creek Primary School" }, "geometry": { "type": "Point", "coordinates": [ 144.20402820000001, -37.09313158 ] } },
{ "type": "Feature", "properties": { "name": "Camperdown", "premises": "Camperdown P-12 College" }, "geometry": { "type": "Point", "coordinates": [ 143.1445819, -38.23874252 ] } },
{ "type": "Feature", "properties": { "name": "Canadian", "premises": "Canadian Lead Primary School" }, "geometry": { "type": "Point", "coordinates": [ 143.876016099999987, -37.57227047 ] } },
{ "type": "Feature", "properties": { "name": "Cann River", "premises": "Cann River Public Hall" }, "geometry": { "type": "Point", "coordinates": [ 149.152976200000012, -37.56852967 ] } },
{ "type": "Feature", "properties": { "name": "Canterbury", "premises": "Canterbury Girls Secondary College" }, "geometry": { "type": "Point", "coordinates": [ 145.0702198, -37.81977155 ] } },
{ "type": "Feature", "properties": { "name": "Canterbury", "premises": "Canterbury Girls Secondary College" }, "geometry": { "type": "Point", "coordinates": [ 145.0702198, -37.81977155 ] } },
{ "type": "Feature", "properties": { "name": "Canterbury Gardens", "premises": "The Basin Primary School" }, "geometry": { "type": "Point", "coordinates": [ 145.308350600000011, -37.84946171 ] } },
{ "type": "Feature", "properties": { "name": "Canterbury South", "premises": "Camberwell High School" }, "geometry": { "type": "Point", "coordinates": [ 145.0733325, -37.83011851 ] } },
{ "type": "Feature", "properties": { "name": "Cape Clear", "premises": "Cape Clear Hall" }, "geometry": { "type": "Point", "coordinates": [ 143.609678300000013, -37.79211301 ] } },
{ "type": "Feature", "properties": { "name": "Cape Paterson", "premises": "Cape Paterson Community Hall" }, "geometry": { "type": "Point", "coordinates": [ 145.6211638, -38.66978154 ] } },
{ "type": "Feature", "properties": { "name": "Caramut", "premises": "Caramut War Memorial Hall" }, "geometry": { "type": "Point", "coordinates": [ 142.519766800000014, -37.9568426 ] } },
{ "type": "Feature", "properties": { "name": "Cardross", "premises": "Cardross Primary School" }, "geometry": { "type": "Point", "coordinates": [ 142.1445285, -34.28801312 ] } },
{ "type": "Feature", "properties": { "name": "Carisbrook", "premises": "Carisbrook Primary School" }, "geometry": { "type": "Point", "coordinates": [ 143.812635300000011, -37.05144675 ] } },
{ "type": "Feature", "properties": { "name": "Carlton", "premises": "Kathleen Syme Library and Community Centre" }, "geometry": { "type": "Point", "coordinates": [ 144.9653286, -37.79862066 ] } },
{ "type": "Feature", "properties": { "name": "Carlton Central", "premises": "Carlton North Primary School" }, "geometry": { "type": "Point", "coordinates": [ 144.972708, -37.79064191 ] } },
{ "type": "Feature", "properties": { "name": "Carlton North", "premises": "St Michael's Anglican Church Hall" }, "geometry": { "type": "Point", "coordinates": [ 144.9682488, -37.78507711 ] } },
{ "type": "Feature", "properties": { "name": "Carnegie", "premises": "Carnegie Primary School" }, "geometry": { "type": "Point", "coordinates": [ 145.0543734, -37.89038094 ] } },
{ "type": "Feature", "properties": { "name": "Carnegie East", "premises": "St Peter's Parish Hall" }, "geometry": { "type": "Point", "coordinates": [ 145.0622797, -37.89026553 ] } },
{ "type": "Feature", "properties": { "name": "Carnegie North", "premises": "1st Malvern Scout Hall" }, "geometry": { "type": "Point", "coordinates": [ 145.067529400000012, -37.88004806 ] } },
{ "type": "Feature", "properties": { "name": "Carnegie West", "premises": "St Anthony's Parish Primary School" }, "geometry": { "type": "Point", "coordinates": [ 145.0466633, -37.88653245 ] } },
{ "type": "Feature", "properties": { "name": "Caroline Springs", "premises": "Catholic Regional College - Caroline Springs Campus" }, "geometry": { "type": "Point", "coordinates": [ 144.739733300000012, -37.73062169 ] } },
{ "type": "Feature", "properties": { "name": "Carpendeit", "premises": "Carpendeit Public Hall" }, "geometry": { "type": "Point", "coordinates": [ 143.2415567, -38.37023026 ] } },
{ "type": "Feature", "properties": { "name": "Carrington", "premises": "Carrington Primary School" }, "geometry": { "type": "Point", "coordinates": [ 145.2471212, -37.89185409 ] } },
{ "type": "Feature", "properties": { "name": "Carrum", "premises": "Carrum Primary School" }, "geometry": { "type": "Point", "coordinates": [ 145.126135799999986, -38.078983 ] } },
{ "type": "Feature", "properties": { "name": "Carrum Downs", "premises": "Carrum Downs Secondary College" }, "geometry": { "type": "Point", "coordinates": [ 145.1975213, -38.0954251 ] } },
{ "type": "Feature", "properties": { "name": "Carrum Downs Central", "premises": "St Joachim's Catholic Primary School" }, "geometry": { "type": "Point", "coordinates": [ 145.1781282, -38.10361668 ] } },
{ "type": "Feature", "properties": { "name": "Casey Central", "premises": "Alkira Secondary College" }, "geometry": { "type": "Point", "coordinates": [ 145.3077855, -38.0732593 ] } },
{ "type": "Feature", "properties": { "name": "Casey Fields", "premises": "Casey Fields Primary School" }, "geometry": { "type": "Point", "coordinates": [ 145.2972311, -38.11996725 ] } },
{ "type": "Feature", "properties": { "name": "Casey Fields", "premises": "Casey Fields Primary School" }, "geometry": { "type": "Point", "coordinates": [ 145.2972311, -38.11996725 ] } },
{ "type": "Feature", "properties": { "name": "Casterton", "premises": "Casterton Town Hall" }, "geometry": { "type": "Point", "coordinates": [ 141.4052093, -37.58464806 ] } },
{ "type": "Feature", "properties": { "name": "Castlemaine", "premises": "St Mary's Castlemaine Catholic Parish Church Hall" }, "geometry": { "type": "Point", "coordinates": [ 144.2197794, -37.06463534 ] } },
{ "type": "Feature", "properties": { "name": "Castlemaine North", "premises": "Castlemaine Secondary College" }, "geometry": { "type": "Point", "coordinates": [ 144.2272917, -37.05005893 ] } },
{ "type": "Feature", "properties": { "name": "Catani", "premises": "Catani Recreation Reserve" }, "geometry": { "type": "Point", "coordinates": [ 145.6400447, -38.19444255 ] } },
{ "type": "Feature", "properties": { "name": "Caulfield East", "premises": "Glen Eira College" }, "geometry": { "type": "Point", "coordinates": [ 145.0374157, -37.8853373 ] } },
{ "type": "Feature", "properties": { "name": "Caulfield North", "premises": "Caulfield Indonesian Uniting Church Hall" }, "geometry": { "type": "Point", "coordinates": [ 145.0193885, -37.87191237 ] } },
{ "type": "Feature", "properties": { "name": "Caulfield South", "premises": "4th Caulfield Scout Hall" }, "geometry": { "type": "Point", "coordinates": [ 145.021397799999988, -37.89275324 ] } },
{ "type": "Feature", "properties": { "name": "Caulfield Upper", "premises": "Mackillop Education Caulfield Campus " }, "geometry": { "type": "Point", "coordinates": [ 145.0259041, -37.87354149 ] } },
{ "type": "Feature", "properties": { "name": "Caulfield West", "premises": "Shelford Girls' Grammar" }, "geometry": { "type": "Point", "coordinates": [ 145.0118443, -37.87697597 ] } },
{ "type": "Feature", "properties": { "name": "Cavendish", "premises": "Cavendish Memorial Hall" }, "geometry": { "type": "Point", "coordinates": [ 142.0399227, -37.52800334 ] } },
{ "type": "Feature", "properties": { "name": "Caversham", "premises": "John Henry Primary School" }, "geometry": { "type": "Point", "coordinates": [ 145.44288130000001, -38.07749126 ] } },
{ "type": "Feature", "properties": { "name": "Centre Road", "premises": "Berwick Fields Primary School" }, "geometry": { "type": "Point", "coordinates": [ 145.3344845, -38.04921651 ] } },
{ "type": "Feature", "properties": { "name": "Ceres", "premises": "Ceres Temperance Hall" }, "geometry": { "type": "Point", "coordinates": [ 144.276605, -38.17018747 ] } },
{ "type": "Feature", "properties": { "name": "Chadstone", "premises": "Malvern Valley Primary School" }, "geometry": { "type": "Point", "coordinates": [ 145.082641599999988, -37.88045273 ] } },
{ "type": "Feature", "properties": { "name": "Chapel", "premises": "Sirius College - Keysborough Campus" }, "geometry": { "type": "Point", "coordinates": [ 145.1609522, -38.00462801 ] } },
{ "type": "Feature", "properties": { "name": "Charlesworth Park", "premises": "Livingstone Primary School" }, "geometry": { "type": "Point", "coordinates": [ 145.1815833, -37.85352626 ] } },
{ "type": "Feature", "properties": { "name": "Charlton", "premises": "Charlton Senior Citizens Centre" }, "geometry": { "type": "Point", "coordinates": [ 143.3481193, -36.26747911 ] } },
{ "type": "Feature", "properties": { "name": "Chatham", "premises": "Chatham Primary School" }, "geometry": { "type": "Point", "coordinates": [ 145.092045399999989, -37.81733482 ] } },
{ "type": "Feature", "properties": { "name": "Chatham South", "premises": "Canterbury Primary School" }, "geometry": { "type": "Point", "coordinates": [ 145.0829388, -37.83092379 ] } },
{ "type": "Feature", "properties": { "name": "Chelsea", "premises": "Chelsea Activity Hub" }, "geometry": { "type": "Point", "coordinates": [ 145.1140355, -38.05002883 ] } },
{ "type": "Feature", "properties": { "name": "Chelsea Central", "premises": "Chelsea Primary School" }, "geometry": { "type": "Point", "coordinates": [ 145.1228616, -38.05491427 ] } },
{ "type": "Feature", "properties": { "name": "Chelsea Central", "premises": "Chelsea Primary School" }, "geometry": { "type": "Point", "coordinates": [ 145.1228616, -38.05491427 ] } },
{ "type": "Feature", "properties": { "name": "Chelsea Heights", "premises": "Chelsea Heights Primary School" }, "geometry": { "type": "Point", "coordinates": [ 145.1382945, -38.04473702 ] } },
{ "type": "Feature", "properties": { "name": "Cheltenham", "premises": "Cheltenham Primary School" }, "geometry": { "type": "Point", "coordinates": [ 145.0549076, -37.96902409 ] } },
{ "type": "Feature", "properties": { "name": "Cheltenham East", "premises": "Cheltenham East Primary School" }, "geometry": { "type": "Point", "coordinates": [ 145.068238799999989, -37.96498269 ] } },
{ "type": "Feature", "properties": { "name": "Cheltenham East", "premises": "Cheltenham East Primary School" }, "geometry": { "type": "Point", "coordinates": [ 145.068238799999989, -37.96498269 ] } },
{ "type": "Feature", "properties": { "name": "Cheltenham North", "premises": "Cheltenham Secondary College" }, "geometry": { "type": "Point", "coordinates": [ 145.06839020000001, -37.95400842 ] } },
{ "type": "Feature", "properties": { "name": "Cheltenham South", "premises": "Cheltenham East Community Centre" }, "geometry": { "type": "Point", "coordinates": [ 145.0710029, -37.97088264 ] } },
{ "type": "Feature", "properties": { "name": "Cheltenham West", "premises": "Olympic Avenue Kindergarten" }, "geometry": { "type": "Point", "coordinates": [ 145.046357300000011, -37.96187911 ] } },
{ "type": "Feature", "properties": { "name": "Chewton", "premises": "Chewton Primary School" }, "geometry": { "type": "Point", "coordinates": [ 144.2611282, -37.08196323 ] } },
{ "type": "Feature", "properties": { "name": "Chiltern", "premises": "Chiltern Memorial Hall" }, "geometry": { "type": "Point", "coordinates": [ 146.612079599999987, -36.15105505 ] } },
{ "type": "Feature", "properties": { "name": "Chilwell", "premises": "Chilwell Primary School" }, "geometry": { "type": "Point", "coordinates": [ 144.344880499999988, -38.15471275 ] } },
{ "type": "Feature", "properties": { "name": "Chirnside Park", "premises": "Chirnside Park Primary School" }, "geometry": { "type": "Point", "coordinates": [ 145.311222500000014, -37.75034667 ] } },
{ "type": "Feature", "properties": { "name": "Chirnside Park", "premises": "Chirnside Park Primary School" }, "geometry": { "type": "Point", "coordinates": [ 145.311222500000014, -37.75034667 ] } },
{ "type": "Feature", "properties": { "name": "Churchill", "premises": "Churchill Shire Hall" }, "geometry": { "type": "Point", "coordinates": [ 146.421271600000011, -38.31324242 ] } },
{ "type": "Feature", "properties": { "name": "Civic Square", "premises": "Keystone Hall" }, "geometry": { "type": "Point", "coordinates": [ 145.2825061, -37.80095957 ] } },
{ "type": "Feature", "properties": { "name": "Clarence", "premises": "Caulfield South Community House Hall" }, "geometry": { "type": "Point", "coordinates": [ 145.0138848, -37.89490209 ] } },
{ "type": "Feature", "properties": { "name": "Clareville", "premises": "Wellington Secondary College" }, "geometry": { "type": "Point", "coordinates": [ 145.1706772, -37.93388928 ] } },
{ "type": "Feature", "properties": { "name": "Clarinda", "premises": "Clarinda Primary School" }, "geometry": { "type": "Point", "coordinates": [ 145.1020107, -37.92670357 ] } },
{ "type": "Feature", "properties": { "name": "Clarinda South", "premises": "Sundowner Neighbourhood House" }, "geometry": { "type": "Point", "coordinates": [ 145.107569399999988, -37.94356293 ] } },
{ "type": "Feature", "properties": { "name": "Clarkes Hill", "premises": "St Mary's Catholic School" }, "geometry": { "type": "Point", "coordinates": [ 143.9886564, -37.50062542 ] } },
{ "type": "Feature", "properties": { "name": "Clayton", "premises": "Fregon Hall" }, "geometry": { "type": "Point", "coordinates": [ 145.1235576, -37.91843217 ] } },
{ "type": "Feature", "properties": { "name": "Clayton East", "premises": "Clayton Senior Citizens Club" }, "geometry": { "type": "Point", "coordinates": [ 145.1214103, -37.92320218 ] } },
{ "type": "Feature", "properties": { "name": "Clayton North", "premises": "Monash Uniting Church Hall" }, "geometry": { "type": "Point", "coordinates": [ 145.124313, -37.91225582 ] } },
{ "type": "Feature", "properties": { "name": "Clayton South", "premises": "Clayton South Primary School" }, "geometry": { "type": "Point", "coordinates": [ 145.1158964, -37.94112657 ] } },
{ "type": "Feature", "properties": { "name": "Cleeland", "premises": "Dandenong High School - Cleeland Campus" }, "geometry": { "type": "Point", "coordinates": [ 145.2109307, -37.978289 ] } },
{ "type": "Feature", "properties": { "name": "Clifton Hill", "premises": "Spensley Street Primary School" }, "geometry": { "type": "Point", "coordinates": [ 145.0034958, -37.78680392 ] } },
{ "type": "Feature", "properties": { "name": "Clifton Springs", "premises": "Clifton Springs Primary School" }, "geometry": { "type": "Point", "coordinates": [ 144.5536978, -38.16572343 ] } },
{ "type": "Feature", "properties": { "name": "Clonbinane", "premises": "Clonbinane Community Hall" }, "geometry": { "type": "Point", "coordinates": [ 145.0687313, -37.29791276 ] } },
{ "type": "Feature", "properties": { "name": "Clunes", "premises": "Clunes Primary School" }, "geometry": { "type": "Point", "coordinates": [ 143.791858499999989, -37.29162078 ] } },
{ "type": "Feature", "properties": { "name": "Clyde", "premises": "Clyde Public Hall" }, "geometry": { "type": "Point", "coordinates": [ 145.3298395, -38.13181533 ] } },
{ "type": "Feature", "properties": { "name": "Clyde", "premises": "Clyde Public Hall" }, "geometry": { "type": "Point", "coordinates": [ 145.3298395, -38.13181533 ] } },
{ "type": "Feature", "properties": { "name": "Clyde North", "premises": "Wilandra Rise Primary School" }, "geometry": { "type": "Point", "coordinates": [ 145.319776499999989, -38.1087335 ] } },
{ "type": "Feature", "properties": { "name": "Clyde North East", "premises": "Rivercrest Christian College" }, "geometry": { "type": "Point", "coordinates": [ 145.3721251, -38.08500536 ] } },
{ "type": "Feature", "properties": { "name": "Coatesville", "premises": "Coatesville Primary School" }, "geometry": { "type": "Point", "coordinates": [ 145.073735, -37.92008764 ] } },
{ "type": "Feature", "properties": { "name": "Coatesville", "premises": "Coatesville Primary School" }, "geometry": { "type": "Point", "coordinates": [ 145.073735, -37.92008764 ] } },
{ "type": "Feature", "properties": { "name": "Cobains", "premises": "Cobains Primary School" }, "geometry": { "type": "Point", "coordinates": [ 147.1327648, -38.07468803 ] } },
{ "type": "Feature", "properties": { "name": "Cobden", "premises": "Cobden Civic Hall" }, "geometry": { "type": "Point", "coordinates": [ 143.0773217, -38.32705937 ] } },
{ "type": "Feature", "properties": { "name": "Cobram", "premises": "Cobram Civic Centre" }, "geometry": { "type": "Point", "coordinates": [ 145.651663, -35.91893599 ] } },
{ "type": "Feature", "properties": { "name": "Coburg", "premises": "Coburg Primary School - Junior Campus" }, "geometry": { "type": "Point", "coordinates": [ 144.9680932, -37.74158612 ] } },
{ "type": "Feature", "properties": { "name": "Coburg East", "premises": "Antonine College - Cedar Campus" }, "geometry": { "type": "Point", "coordinates": [ 144.978506900000014, -37.74628404 ] } },
{ "type": "Feature", "properties": { "name": "Coburg North", "premises": "Coburg Special Development School" }, "geometry": { "type": "Point", "coordinates": [ 144.951803899999987, -37.73280719 ] } },
{ "type": "Feature", "properties": { "name": "Coburg South", "premises": "Carinya Society" }, "geometry": { "type": "Point", "coordinates": [ 144.954215299999987, -37.74290478 ] } },
{ "type": "Feature", "properties": { "name": "Coburg West", "premises": "Coburg West Primary School" }, "geometry": { "type": "Point", "coordinates": [ 144.9478388, -37.74697002 ] } },
{ "type": "Feature", "properties": { "name": "Coburn", "premises": "Coburn Primary School" }, "geometry": { "type": "Point", "coordinates": [ 144.573067900000012, -37.69503594 ] } },
{ "type": "Feature", "properties": { "name": "Cockatoo", "premises": "Cockatoo Community Complex" }, "geometry": { "type": "Point", "coordinates": [ 145.491158399999989, -37.93693009 ] } },
{ "type": "Feature", "properties": { "name": "Cohuna", "premises": "Cohuna Memorial Public Hall" }, "geometry": { "type": "Point", "coordinates": [ 144.2215688, -35.81062427 ] } },
{ "type": "Feature", "properties": { "name": "Colac East", "premises": "Colac Primary School" }, "geometry": { "type": "Point", "coordinates": [ 143.59829830000001, -38.33650928 ] } },
{ "type": "Feature", "properties": { "name": "Colac West", "premises": "Colac South West Primary School" }, "geometry": { "type": "Point", "coordinates": [ 143.570841800000011, -38.34373434 ] } },
{ "type": "Feature", "properties": { "name": "Colbinabbin", "premises": "Colbinabbin Primary School" }, "geometry": { "type": "Point", "coordinates": [ 144.801591, -36.59019195 ] } },
{ "type": "Feature", "properties": { "name": "Coldstream", "premises": "Coldstream Community Centre" }, "geometry": { "type": "Point", "coordinates": [ 145.382596799999988, -37.73255583 ] } },
{ "type": "Feature", "properties": { "name": "Coleraine", "premises": "Coleraine Primary School" }, "geometry": { "type": "Point", "coordinates": [ 141.684039, -37.601283 ] } },
{ "type": "Feature", "properties": { "name": "Collendina", "premises": "Bellarine Church of Christ" }, "geometry": { "type": "Point", "coordinates": [ 144.550396799999987, -38.25773142 ] } },
{ "type": "Feature", "properties": { "name": "Collingwood", "premises": "Collingwood Secondary College" }, "geometry": { "type": "Point", "coordinates": [ 144.9905043, -37.80331722 ] } },
{ "type": "Feature", "properties": { "name": "Collingwood North", "premises": "Clifton Hill Primary School" }, "geometry": { "type": "Point", "coordinates": [ 144.9901467, -37.79256218 ] } },
{ "type": "Feature", "properties": { "name": "Comet Hill", "premises": "Lightning Reef Primary School" }, "geometry": { "type": "Point", "coordinates": [ 144.268804499999987, -36.73605476 ] } },
{ "type": "Feature", "properties": { "name": "Comet Hill", "premises": "Lightning Reef Primary School" }, "geometry": { "type": "Point", "coordinates": [ 144.268804499999987, -36.73605476 ] } },
{ "type": "Feature", "properties": { "name": "Concongella", "premises": "Concongella Primary School" }, "geometry": { "type": "Point", "coordinates": [ 142.8226262, -37.0493804 ] } },
{ "type": "Feature", "properties": { "name": "Condah", "premises": "Condah Hall" }, "geometry": { "type": "Point", "coordinates": [ 141.7464932, -37.95531278 ] } },
{ "type": "Feature", "properties": { "name": "Congupna", "premises": "Congupna Primary School" }, "geometry": { "type": "Point", "coordinates": [ 145.4343144, -36.29996659 ] } },
{ "type": "Feature", "properties": { "name": "Coolaroo", "premises": "Coolaroo South Primary School" }, "geometry": { "type": "Point", "coordinates": [ 144.9300369, -37.66218674 ] } },
{ "type": "Feature", "properties": { "name": "Cooma", "premises": "Cooma Recreation Reserve Pavilion" }, "geometry": { "type": "Point", "coordinates": [ 145.0683683, -36.41592738 ] } },
{ "type": "Feature", "properties": { "name": "Coomoora", "premises": "Keysborough Primary School" }, "geometry": { "type": "Point", "coordinates": [ 145.152736800000014, -37.98244119 ] } },
{ "type": "Feature", "properties": { "name": "Cora Lynn", "premises": "Cora Lynn Recreation Reserve Hall" }, "geometry": { "type": "Point", "coordinates": [ 145.6083219, -38.14458862 ] } },
{ "type": "Feature", "properties": { "name": "Coral Park", "premises": "Coral Park Primary School" }, "geometry": { "type": "Point", "coordinates": [ 145.2745993, -38.0441119 ] } },
{ "type": "Feature", "properties": { "name": "Corinella", "premises": "Corinella Public Hall" }, "geometry": { "type": "Point", "coordinates": [ 145.4330464, -38.4144618 ] } },
{ "type": "Feature", "properties": { "name": "Corio", "premises": "Hendy Street Hall (Corio Community Centre)" }, "geometry": { "type": "Point", "coordinates": [ 144.3673722, -38.07189897 ] } },
{ "type": "Feature", "properties": { "name": "Corio Central", "premises": "Northern Bay College - Wexford Court Campus" }, "geometry": { "type": "Point", "coordinates": [ 144.3516874, -38.07235749 ] } },
{ "type": "Feature", "properties": { "name": "Corio West", "premises": "Northern Bay P-12 College - Goldsworthy Campus" }, "geometry": { "type": "Point", "coordinates": [ 144.3557248, -38.07820052 ] } },
{ "type": "Feature", "properties": { "name": "Cororooke", "premises": "Cororooke Public Hall" }, "geometry": { "type": "Point", "coordinates": [ 143.522032, -38.2842452 ] } },
{ "type": "Feature", "properties": { "name": "Corryong", "premises": "Corryong Memorial Hall" }, "geometry": { "type": "Point", "coordinates": [ 147.9067216, -36.19507242 ] } },
{ "type": "Feature", "properties": { "name": "Cotham", "premises": "Genazzano College" }, "geometry": { "type": "Point", "coordinates": [ 145.056722, -37.809822 ] } },
{ "type": "Feature", "properties": { "name": "Courtenay Gardens", "premises": "Courtenay Gardens Primary School" }, "geometry": { "type": "Point", "coordinates": [ 145.283588900000012, -38.08048719 ] } },
{ "type": "Feature", "properties": { "name": "Courtenay Gardens", "premises": "Courtenay Gardens Primary School" }, "geometry": { "type": "Point", "coordinates": [ 145.283588900000012, -38.08048719 ] } },
{ "type": "Feature", "properties": { "name": "Cowes", "premises": "Cowes Primary School" }, "geometry": { "type": "Point", "coordinates": [ 145.2415521, -38.45622988 ] } },
{ "type": "Feature", "properties": { "name": "Cowwarr", "premises": "Cowwarr Primary School" }, "geometry": { "type": "Point", "coordinates": [ 146.6991578, -38.01366172 ] } },
{ "type": "Feature", "properties": { "name": "Craigieburn", "premises": "Our Lady's Catholic Primary School" }, "geometry": { "type": "Point", "coordinates": [ 144.931486, -37.59813274 ] } },
{ "type": "Feature", "properties": { "name": "Craigieburn Central", "premises": "Craigieburn Primary School" }, "geometry": { "type": "Point", "coordinates": [ 144.934179300000011, -37.58283404 ] } },
{ "type": "Feature", "properties": { "name": "Craigieburn North West", "premises": "Aitken Creek Primary School" }, "geometry": { "type": "Point", "coordinates": [ 144.906961700000011, -37.58308933 ] } },
{ "type": "Feature", "properties": { "name": "Craigieburn South", "premises": "Craigieburn Secondary College" }, "geometry": { "type": "Point", "coordinates": [ 144.9362252, -37.60910547 ] } },
{ "type": "Feature", "properties": { "name": "Craigieburn West", "premises": "Willmott Park Primary School" }, "geometry": { "type": "Point", "coordinates": [ 144.9227641, -37.59158962 ] } },
{ "type": "Feature", "properties": { "name": "Cranbourne", "premises": "Cranbourne Primary School" }, "geometry": { "type": "Point", "coordinates": [ 145.288335, -38.1123305 ] } },
{ "type": "Feature", "properties": { "name": "Cranbourne East", "premises": "Cranbourne East Secondary College" }, "geometry": { "type": "Point", "coordinates": [ 145.3061207, -38.10552981 ] } },
{ "type": "Feature", "properties": { "name": "Cranbourne North East", "premises": "Cranbourne Carlisle Primary School" }, "geometry": { "type": "Point", "coordinates": [ 145.288438, -38.08659244 ] } },
{ "type": "Feature", "properties": { "name": "Cranbourne North West", "premises": "Fairhaven Family and Children's Centre" }, "geometry": { "type": "Point", "coordinates": [ 145.2592866, -38.08992239 ] } },
{ "type": "Feature", "properties": { "name": "Cranbourne Park", "premises": "Cranbourne Park Primary School" }, "geometry": { "type": "Point", "coordinates": [ 145.2778845, -38.10407505 ] } },
{ "type": "Feature", "properties": { "name": "Cranbourne South", "premises": "Cranbourne South Primary School" }, "geometry": { "type": "Point", "coordinates": [ 145.24508130000001, -38.14786632 ] } },
{ "type": "Feature", "properties": { "name": "Cranbourne South", "premises": "Cranbourne South Primary School" }, "geometry": { "type": "Point", "coordinates": [ 145.24508130000001, -38.14786632 ] } },
{ "type": "Feature", "properties": { "name": "Cranbourne South West", "premises": "Barton Primary School" }, "geometry": { "type": "Point", "coordinates": [ 145.2399647, -38.11503415 ] } },
{ "type": "Feature", "properties": { "name": "Cranbourne West", "premises": "Cranbourne West Primary School" }, "geometry": { "type": "Point", "coordinates": [ 145.2679168, -38.10256508 ] } },
{ "type": "Feature", "properties": { "name": "Creekside", "premises": "Creekside College" }, "geometry": { "type": "Point", "coordinates": [ 144.7386736, -37.73487073 ] } },
{ "type": "Feature", "properties": { "name": "Cressy", "premises": "Cressy Hall" }, "geometry": { "type": "Point", "coordinates": [ 143.6341219, -38.03030381 ] } },
{ "type": "Feature", "properties": { "name": "Creswick", "premises": "Creswick Neighbourhood Centre" }, "geometry": { "type": "Point", "coordinates": [ 143.892400400000014, -37.42233737 ] } },
{ "type": "Feature", "properties": { "name": "Crib Point", "premises": "Crib Point Primary School" }, "geometry": { "type": "Point", "coordinates": [ 145.200446, -38.36042623 ] } },
{ "type": "Feature", "properties": { "name": "Croxton", "premises": "St Joseph's Primary School" }, "geometry": { "type": "Point", "coordinates": [ 144.996538500000014, -37.77500045 ] } },
{ "type": "Feature", "properties": { "name": "Croydon", "premises": "Croydon Swimming Club Hall" }, "geometry": { "type": "Point", "coordinates": [ 145.286675300000013, -37.79756838 ] } },
{ "type": "Feature", "properties": { "name": "Croydon Central", "premises": "Croydon Primary School" }, "geometry": { "type": "Point", "coordinates": [ 145.279738900000012, -37.79307228 ] } },
{ "type": "Feature", "properties": { "name": "Croydon East", "premises": "Ruskin Park Primary School" }, "geometry": { "type": "Point", "coordinates": [ 145.296040299999987, -37.79895791 ] } },
{ "type": "Feature", "properties": { "name": "Croydon Hills", "premises": "Croydon Hills Primary School" }, "geometry": { "type": "Point", "coordinates": [ 145.2715102, -37.77733964 ] } },
{ "type": "Feature", "properties": { "name": "Croydon North", "premises": "Brushy Creek Hall" }, "geometry": { "type": "Point", "coordinates": [ 145.298111299999988, -37.76857599 ] } },
{ "type": "Feature", "properties": { "name": "Croydon North", "premises": "Brushy Creek Hall" }, "geometry": { "type": "Point", "coordinates": [ 145.298111299999988, -37.76857599 ] } },
{ "type": "Feature", "properties": { "name": "Croydon West", "premises": "Ainslie Parklands Primary School" }, "geometry": { "type": "Point", "coordinates": [ 145.2647327, -37.79409247 ] } },
{ "type": "Feature", "properties": { "name": "Cudgewa", "premises": "Cudgewa Mechanics Institute" }, "geometry": { "type": "Point", "coordinates": [ 147.7789128, -36.18466698 ] } },
{ "type": "Feature", "properties": { "name": "Cullulleraine", "premises": "Millewa Community Complex" }, "geometry": { "type": "Point", "coordinates": [ 141.6039922, -34.27606537 ] } },
{ "type": "Feature", "properties": { "name": "Dalyston", "premises": "Dalyston Hall" }, "geometry": { "type": "Point", "coordinates": [ 145.5428695, -38.56418833 ] } },
{ "type": "Feature", "properties": { "name": "Dandenong Central", "premises": "Dandenong Primary School" }, "geometry": { "type": "Point", "coordinates": [ 145.219794900000011, -37.98841544 ] } },
{ "type": "Feature", "properties": { "name": "Dandenong North", "premises": "Lyndale Greens Primary School" }, "geometry": { "type": "Point", "coordinates": [ 145.2042425, -37.96493908 ] } },
{ "type": "Feature", "properties": { "name": "Dandenong South", "premises": "Dandenong South Primary School" }, "geometry": { "type": "Point", "coordinates": [ 145.210032500000011, -37.99879834 ] } },
{ "type": "Feature", "properties": { "name": "Dandenong West", "premises": "Dandenong West Primary School" }, "geometry": { "type": "Point", "coordinates": [ 145.1997965, -37.98101499 ] } },
{ "type": "Feature", "properties": { "name": "Darebin Parklands", "premises": "Thornbury High School" }, "geometry": { "type": "Point", "coordinates": [ 145.0265636, -37.75687589 ] } },
{ "type": "Feature", "properties": { "name": "Dargo", "premises": "Dargo Public Hall" }, "geometry": { "type": "Point", "coordinates": [ 147.251019500000012, -37.45553199 ] } },
{ "type": "Feature", "properties": { "name": "Darley", "premises": "Darley Primary School" }, "geometry": { "type": "Point", "coordinates": [ 144.4375789, -37.65428021 ] } },
{ "type": "Feature", "properties": { "name": "Darling", "premises": "Caulfield Grammar School - Malvern" }, "geometry": { "type": "Point", "coordinates": [ 145.0519799, -37.86367797 ] } },
{ "type": "Feature", "properties": { "name": "Darnum", "premises": "Darnum Primary School" }, "geometry": { "type": "Point", "coordinates": [ 145.999810599999989, -38.18768937 ] } },
{ "type": "Feature", "properties": { "name": "Darraweit Guim", "premises": "Darraweit Guim Memorial Hall" }, "geometry": { "type": "Point", "coordinates": [ 144.894114300000012, -37.40488604 ] } },
{ "type": "Feature", "properties": { "name": "Dartmoor", "premises": "Dartmoor Hall" }, "geometry": { "type": "Point", "coordinates": [ 141.2763329, -37.92219097 ] } },
{ "type": "Feature", "properties": { "name": "Davies Reserve", "premises": "Wirringga Scout Hall" }, "geometry": { "type": "Point", "coordinates": [ 145.10381430000001, -37.92107931 ] } },
{ "type": "Feature", "properties": { "name": "Daylesford", "premises": "Daylesford Primary School" }, "geometry": { "type": "Point", "coordinates": [ 144.1417839, -37.34563601 ] } },
{ "type": "Feature", "properties": { "name": "Deans Marsh", "premises": "Deans Marsh Public Hall" }, "geometry": { "type": "Point", "coordinates": [ 143.8849239, -38.3991768 ] } },
{ "type": "Feature", "properties": { "name": "Dederang", "premises": "Dederang Multi-Purpose Building" }, "geometry": { "type": "Point", "coordinates": [ 147.0216656, -36.47571585 ] } },
{ "type": "Feature", "properties": { "name": "Deepdene", "premises": "Our Lady of Good Counsel" }, "geometry": { "type": "Point", "coordinates": [ 145.0632881, -37.81138857 ] } },
{ "type": "Feature", "properties": { "name": "Deer Park Central", "premises": "Victoria University Secondary College - Deer Park Campus" }, "geometry": { "type": "Point", "coordinates": [ 144.7672255, -37.75892292 ] } },
{ "type": "Feature", "properties": { "name": "Deer Park North", "premises": "Deer Park North Primary School" }, "geometry": { "type": "Point", "coordinates": [ 144.7734749, -37.75622382 ] } },
{ "type": "Feature", "properties": { "name": "Deer Park West", "premises": "Deer Park West Primary School" }, "geometry": { "type": "Point", "coordinates": [ 144.765301599999987, -37.7719985 ] } },
{ "type": "Feature", "properties": { "name": "Delacombe", "premises": "Delacombe Primary School" }, "geometry": { "type": "Point", "coordinates": [ 143.8175851, -37.58558174 ] } },
{ "type": "Feature", "properties": { "name": "Delahey", "premises": "MacKellar Primary School" }, "geometry": { "type": "Point", "coordinates": [ 144.7766753, -37.71727878 ] } },
{ "type": "Feature", "properties": { "name": "Delbridge", "premises": "Clifton Hill Presbyterian Church Hall" }, "geometry": { "type": "Point", "coordinates": [ 144.990609799999987, -37.78736515 ] } },
{ "type": "Feature", "properties": { "name": "Delbridge", "premises": "Clifton Hill Presbyterian Church Hall" }, "geometry": { "type": "Point", "coordinates": [ 144.990609799999987, -37.78736515 ] } },
{ "type": "Feature", "properties": { "name": "Dendy", "premises": "St Leonards College" }, "geometry": { "type": "Point", "coordinates": [ 145.0077738, -37.92959389 ] } },
{ "type": "Feature", "properties": { "name": "Dereel", "premises": "Dereel Community Centre" }, "geometry": { "type": "Point", "coordinates": [ 143.7530205, -37.81986504 ] } },
{ "type": "Feature", "properties": { "name": "Derinya", "premises": "Derinya Primary School" }, "geometry": { "type": "Point", "coordinates": [ 145.1206994, -38.17453065 ] } },
{ "type": "Feature", "properties": { "name": "Derinya", "premises": "Derinya Primary School" }, "geometry": { "type": "Point", "coordinates": [ 145.1206994, -38.17453065 ] } },
{ "type": "Feature", "properties": { "name": "Derrimut", "premises": "Derrimut Heath Primary School" }, "geometry": { "type": "Point", "coordinates": [ 144.6913673, -37.86001905 ] } },
{ "type": "Feature", "properties": { "name": "Derrinallum", "premises": "Derrinallum Community Hall" }, "geometry": { "type": "Point", "coordinates": [ 143.2171372, -37.94779928 ] } },
{ "type": "Feature", "properties": { "name": "Devenish", "premises": "Devenish Primary School" }, "geometry": { "type": "Point", "coordinates": [ 145.89418950000001, -36.32644431 ] } },
{ "type": "Feature", "properties": { "name": "Devon Meadows", "premises": "Devon Meadows Community Hall" }, "geometry": { "type": "Point", "coordinates": [ 145.3023792, -38.16247504 ] } },
{ "type": "Feature", "properties": { "name": "Devon North", "premises": "Devon North Public Hall" }, "geometry": { "type": "Point", "coordinates": [ 146.658650200000011, -38.51993048 ] } },
{ "type": "Feature", "properties": { "name": "Dhurringile", "premises": "Dhurringile Primary School" }, "geometry": { "type": "Point", "coordinates": [ 145.2395644, -36.54304135 ] } },
{ "type": "Feature", "properties": { "name": "Diamond Creek", "premises": "Sacred Heart Parish Hall" }, "geometry": { "type": "Point", "coordinates": [ 145.158066600000012, -37.67247103 ] } },
{ "type": "Feature", "properties": { "name": "Diamond Creek East", "premises": "Diamond Valley College" }, "geometry": { "type": "Point", "coordinates": [ 145.1673577, -37.67320097 ] } },
{ "type": "Feature", "properties": { "name": "Diggers Rest", "premises": "Diggers Rest Primary School" }, "geometry": { "type": "Point", "coordinates": [ 144.70954660000001, -37.62254366 ] } },
{ "type": "Feature", "properties": { "name": "Dimboola", "premises": "Dimboola Uniting Church" }, "geometry": { "type": "Point", "coordinates": [ 142.0261999, -36.45116338 ] } },
{ "type": "Feature", "properties": { "name": "Dingee", "premises": "Dingee Memorial Hall" }, "geometry": { "type": "Point", "coordinates": [ 144.232027, -36.36799732 ] } },
{ "type": "Feature", "properties": { "name": "Dingley", "premises": "Dingley Primary School" }, "geometry": { "type": "Point", "coordinates": [ 145.1327619, -37.98226346 ] } },
{ "type": "Feature", "properties": { "name": "Dingwall", "premises": "Dingwall Hall" }, "geometry": { "type": "Point", "coordinates": [ 143.8425121, -35.80982096 ] } },
{ "type": "Feature", "properties": { "name": "Dixons Creek", "premises": "Dixons Creek Recreation Reserve Hall" }, "geometry": { "type": "Point", "coordinates": [ 145.4172065, -37.60477817 ] } },
{ "type": "Feature", "properties": { "name": "Docklands", "premises": "Library at the Dock" }, "geometry": { "type": "Point", "coordinates": [ 144.94022, -37.82036989 ] } },
{ "type": "Feature", "properties": { "name": "Donald", "premises": "Donald Senior Citizens Centre" }, "geometry": { "type": "Point", "coordinates": [ 142.9818251, -36.36860561 ] } },
{ "type": "Feature", "properties": { "name": "Donburn", "premises": "Donburn Primary School" }, "geometry": { "type": "Point", "coordinates": [ 145.1654044, -37.78747037 ] } },
{ "type": "Feature", "properties": { "name": "Doncaster", "premises": "Doncaster Primary School" }, "geometry": { "type": "Point", "coordinates": [ 145.130962399999987, -37.78615426 ] } },
{ "type": "Feature", "properties": { "name": "Doncaster Central", "premises": "Doncaster Secondary College" }, "geometry": { "type": "Point", "coordinates": [ 145.1377841, -37.78545386 ] } },
{ "type": "Feature", "properties": { "name": "Doncaster East", "premises": "East Doncaster Secondary College" }, "geometry": { "type": "Point", "coordinates": [ 145.1577751, -37.78196528 ] } },
{ "type": "Feature", "properties": { "name": "Doncaster East", "premises": "East Doncaster Secondary College" }, "geometry": { "type": "Point", "coordinates": [ 145.1577751, -37.78196528 ] } },
{ "type": "Feature", "properties": { "name": "Doncaster Gardens", "premises": "Doncaster Gardens Primary School" }, "geometry": { "type": "Point", "coordinates": [ 145.1489252, -37.78267638 ] } },
{ "type": "Feature", "properties": { "name": "Doncaster Heights", "premises": "Saints Peter and Paul Catholic Parish" }, "geometry": { "type": "Point", "coordinates": [ 145.152340400000014, -37.79091218 ] } },
{ "type": "Feature", "properties": { "name": "Doncaster South", "premises": "Birralee Primary School" }, "geometry": { "type": "Point", "coordinates": [ 145.113213699999989, -37.79340821 ] } },
{ "type": "Feature", "properties": { "name": "Doncaster West", "premises": "Vista Valley Kindergarten" }, "geometry": { "type": "Point", "coordinates": [ 145.1030653, -37.77788466 ] } },
{ "type": "Feature", "properties": { "name": "Donvale", "premises": "Whitefriars College" }, "geometry": { "type": "Point", "coordinates": [ 145.198394900000011, -37.7924465 ] } },
{ "type": "Feature", "properties": { "name": "Dookie", "premises": "Dookie Primary School" }, "geometry": { "type": "Point", "coordinates": [ 145.6828652, -36.33118658 ] } },
{ "type": "Feature", "properties": { "name": "Doreen", "premises": "Ivanhoe Grammar School - Plenty Campus" }, "geometry": { "type": "Point", "coordinates": [ 145.1160686, -37.6030634 ] } },
{ "type": "Feature", "properties": { "name": "Dorset", "premises": "Dorset Primary School" }, "geometry": { "type": "Point", "coordinates": [ 145.2852088, -37.81076426 ] } },
{ "type": "Feature", "properties": { "name": "Doveton North", "premises": "Doveton College" }, "geometry": { "type": "Point", "coordinates": [ 145.244123, -37.99077088 ] } },
{ "type": "Feature", "properties": { "name": "Doveton West", "premises": "Holy Family Catholic Primary School" }, "geometry": { "type": "Point", "coordinates": [ 145.2387316, -37.99087693 ] } },
{ "type": "Feature", "properties": { "name": "Dromana", "premises": "Dromana Community Hall" }, "geometry": { "type": "Point", "coordinates": [ 144.958313800000013, -38.33657115 ] } },
{ "type": "Feature", "properties": { "name": "Dromana Beach", "premises": "Dromana Senior Citizens Club" }, "geometry": { "type": "Point", "coordinates": [ 144.9669154, -38.3343133 ] } },
{ "type": "Feature", "properties": { "name": "Drouin", "premises": "Drouin Primary School" }, "geometry": { "type": "Point", "coordinates": [ 145.8544281, -38.13317512 ] } },
{ "type": "Feature", "properties": { "name": "Drouin College", "premises": "Drouin Secondary College" }, "geometry": { "type": "Point", "coordinates": [ 145.852370900000011, -38.14391839 ] } },
{ "type": "Feature", "properties": { "name": "Drouin South", "premises": "Drouin South Primary School" }, "geometry": { "type": "Point", "coordinates": [ 145.826534900000013, -38.17113173 ] } },
{ "type": "Feature", "properties": { "name": "Drouin West", "premises": "Drouin West Primary School" }, "geometry": { "type": "Point", "coordinates": [ 145.871015, -38.08778125 ] } },
{ "type": "Feature", "properties": { "name": "Drummond", "premises": "Drummond Community Hall" }, "geometry": { "type": "Point", "coordinates": [ 144.3317858, -37.23609444 ] } },
{ "type": "Feature", "properties": { "name": "Drysdale", "premises": "Drysdale Primary School" }, "geometry": { "type": "Point", "coordinates": [ 144.5741366, -38.1696276 ] } },
{ "type": "Feature", "properties": { "name": "Dumbalk", "premises": "Dumbalk Public Hall" }, "geometry": { "type": "Point", "coordinates": [ 146.0939782, -38.53317361 ] } },
{ "type": "Feature", "properties": { "name": "Dunkeld", "premises": "Sterling Place Dunkeld Community Centre" }, "geometry": { "type": "Point", "coordinates": [ 142.3419332, -37.65136748 ] } },
{ "type": "Feature", "properties": { "name": "Dunolly", "premises": "Dunolly Senior Citizens Clubrooms" }, "geometry": { "type": "Point", "coordinates": [ 143.7320772, -36.85794378 ] } },
{ "type": "Feature", "properties": { "name": "Eagle Point", "premises": "Eagle Point Primary School" }, "geometry": { "type": "Point", "coordinates": [ 147.679935, -37.89231365 ] } },
{ "type": "Feature", "properties": { "name": "Eaglehawk North", "premises": "Eaglehawk North Primary School" }, "geometry": { "type": "Point", "coordinates": [ 144.2379455, -36.70732587 ] } },
{ "type": "Feature", "properties": { "name": "Eaglehawk West", "premises": "Bendigo Badminton and Table Tennis Complex" }, "geometry": { "type": "Point", "coordinates": [ 144.2491188, -36.72554282 ] } },
{ "type": "Feature", "properties": { "name": "Eaglemont", "premises": "Waratah Special Development School" }, "geometry": { "type": "Point", "coordinates": [ 145.041656499999988, -37.75672849 ] } },
{ "type": "Feature", "properties": { "name": "East Melbourne", "premises": "Melbourne Unitarian Church" }, "geometry": { "type": "Point", "coordinates": [ 144.984749, -37.81160403 ] } },
{ "type": "Feature", "properties": { "name": "Eastmont", "premises": "St James Primary School" }, "geometry": { "type": "Point", "coordinates": [ 145.2096711, -37.83702208 ] } },
{ "type": "Feature", "properties": { "name": "Eastwood", "premises": "Eastwood Primary School" }, "geometry": { "type": "Point", "coordinates": [ 145.2531397, -37.81728634 ] } },
{ "type": "Feature", "properties": { "name": "Echuca", "premises": "Echuca Primary School" }, "geometry": { "type": "Point", "coordinates": [ 144.746971699999989, -36.12842453 ] } },
{ "type": "Feature", "properties": { "name": "Echuca East", "premises": "Echuca East Primary School" }, "geometry": { "type": "Point", "coordinates": [ 144.7605206, -36.13441826 ] } },
{ "type": "Feature", "properties": { "name": "Echuca South", "premises": "Echuca Twin Rivers Specialist School" }, "geometry": { "type": "Point", "coordinates": [ 144.724482099999989, -36.13861163 ] } },
{ "type": "Feature", "properties": { "name": "Ecklin", "premises": "Ecklin Hall" }, "geometry": { "type": "Point", "coordinates": [ 142.912602099999987, -38.38022733 ] } },
{ "type": "Feature", "properties": { "name": "Edenhope", "premises": "Edenhope and District Community Centre" }, "geometry": { "type": "Point", "coordinates": [ 141.2953885, -37.03624297 ] } },
{ "type": "Feature", "properties": { "name": "Edithvale", "premises": "Edithvale Primary School" }, "geometry": { "type": "Point", "coordinates": [ 145.1136838, -38.03708374 ] } },
{ "type": "Feature", "properties": { "name": "Edward", "premises": "Brunswick Town Hall" }, "geometry": { "type": "Point", "coordinates": [ 144.961221, -37.77182428 ] } },
{ "type": "Feature", "properties": { "name": "Eildon", "premises": "Eildon Community Centre" }, "geometry": { "type": "Point", "coordinates": [ 145.9085639, -37.23449363 ] } },
{ "type": "Feature", "properties": { "name": "Elaine", "premises": "Elaine Mechanics Institute" }, "geometry": { "type": "Point", "coordinates": [ 144.0306913, -37.77701052 ] } },
{ "type": "Feature", "properties": { "name": "Eldorado", "premises": "Eldorado Memorial Hall" }, "geometry": { "type": "Point", "coordinates": [ 146.5201554, -36.30814432 ] } },
{ "type": "Feature", "properties": { "name": "Elevation", "premises": "Elevation Secondary College" }, "geometry": { "type": "Point", "coordinates": [ 144.889407799999987, -37.5982063 ] } },
{ "type": "Feature", "properties": { "name": "Elgar Park", "premises": "Our Lady of Perpetual Succour School" }, "geometry": { "type": "Point", "coordinates": [ 145.110903, -37.83026779 ] } },
{ "type": "Feature", "properties": { "name": "Ellaswood", "premises": "Wy Yung Community Hall" }, "geometry": { "type": "Point", "coordinates": [ 147.5815498, -37.7981083 ] } },
{ "type": "Feature", "properties": { "name": "Elliminyt", "premises": "Elliminyt Primary Events and Education Centre" }, "geometry": { "type": "Point", "coordinates": [ 143.5831953, -38.36058794 ] } },
{ "type": "Feature", "properties": { "name": "Ellinbank", "premises": "Ellinbank Primary School" }, "geometry": { "type": "Point", "coordinates": [ 145.9357564, -38.23906177 ] } },
{ "type": "Feature", "properties": { "name": "Elmhurst", "premises": "Elmhurst Mechanics Hall" }, "geometry": { "type": "Point", "coordinates": [ 143.2503385, -37.17995685 ] } },
{ "type": "Feature", "properties": { "name": "Elmore", "premises": "Elmore Athenaeum Hall" }, "geometry": { "type": "Point", "coordinates": [ 144.6099955, -36.49491897 ] } },
{ "type": "Feature", "properties": { "name": "Elphinstone", "premises": "Elphinstone Recreation Reserve Hall" }, "geometry": { "type": "Point", "coordinates": [ 144.3452215, -37.09600024 ] } },
{ "type": "Feature", "properties": { "name": "Elsternwick", "premises": "Wesley College Elsternwick Campus" }, "geometry": { "type": "Point", "coordinates": [ 145.0091598, -37.8895834 ] } },
{ "type": "Feature", "properties": { "name": "Elsternwick North", "premises": "12th Caulfield Scout Hall" }, "geometry": { "type": "Point", "coordinates": [ 145.007417299999986, -37.88478934 ] } },
{ "type": "Feature", "properties": { "name": "Elsternwick South", "premises": "Elsternwick Primary School" }, "geometry": { "type": "Point", "coordinates": [ 144.9983899, -37.89179248 ] } },
{ "type": "Feature", "properties": { "name": "Eltham", "premises": "Eltham Primary School" }, "geometry": { "type": "Point", "coordinates": [ 145.1480469, -37.72484576 ] } },
{ "type": "Feature", "properties": { "name": "Eltham East", "premises": "Eltham East Primary School" }, "geometry": { "type": "Point", "coordinates": [ 145.154626, -37.71125638 ] } },
{ "type": "Feature", "properties": { "name": "Eltham North", "premises": "Eltham North Primary School" }, "geometry": { "type": "Point", "coordinates": [ 145.1510518, -37.70037669 ] } },
{ "type": "Feature", "properties": { "name": "Elwood", "premises": "1st Elwood Scout Hall" }, "geometry": { "type": "Point", "coordinates": [ 144.9868842, -37.88483589 ] } },
{ "type": "Feature", "properties": { "name": "Elwood North", "premises": "Elwood Primary School" }, "geometry": { "type": "Point", "coordinates": [ 144.9880555, -37.88224126 ] } },
{ "type": "Feature", "properties": { "name": "Emerald", "premises": "Emerald Primary School" }, "geometry": { "type": "Point", "coordinates": [ 145.4419876, -37.93327004 ] } },
{ "type": "Feature", "properties": { "name": "Endeavour Hills", "premises": "James Cook Primary School" }, "geometry": { "type": "Point", "coordinates": [ 145.2456386, -37.97900882 ] } },
{ "type": "Feature", "properties": { "name": "Endeavour Hills East", "premises": "Southern Cross Primary School" }, "geometry": { "type": "Point", "coordinates": [ 145.2643036, -37.98852207 ] } },
{ "type": "Feature", "properties": { "name": "Endeavour Hills North", "premises": "Chalcot Lodge Primary School" }, "geometry": { "type": "Point", "coordinates": [ 145.2475035, -37.96928391 ] } },
{ "type": "Feature", "properties": { "name": "Eppalock", "premises": "Eppalock Primary School" }, "geometry": { "type": "Point", "coordinates": [ 144.387555, -36.84198488 ] } },
{ "type": "Feature", "properties": { "name": "Epping", "premises": "Epping Primary School - High Street Campus" }, "geometry": { "type": "Point", "coordinates": [ 145.0257326, -37.64580179 ] } },
{ "type": "Feature", "properties": { "name": "Epping", "premises": "Epping Primary School - High Street Campus" }, "geometry": { "type": "Point", "coordinates": [ 145.0257326, -37.64580179 ] } },
{ "type": "Feature", "properties": { "name": "Epping East", "premises": "Epping Secondary College" }, "geometry": { "type": "Point", "coordinates": [ 145.033167, -37.6449575 ] } },
{ "type": "Feature", "properties": { "name": "Epping North", "premises": "Creeds Farm Living and Learning Centre" }, "geometry": { "type": "Point", "coordinates": [ 145.011343, -37.62619038 ] } },
{ "type": "Feature", "properties": { "name": "Epping North West", "premises": "Harvest Home Primary School" }, "geometry": { "type": "Point", "coordinates": [ 145.00108, -37.62310838 ] } },
{ "type": "Feature", "properties": { "name": "Epping Views", "premises": "Epping Views Primary School" }, "geometry": { "type": "Point", "coordinates": [ 145.0255429, -37.63000824 ] } },
{ "type": "Feature", "properties": { "name": "Epping Views", "premises": "Epping Views Primary School" }, "geometry": { "type": "Point", "coordinates": [ 145.0255429, -37.63000824 ] } },
{ "type": "Feature", "properties": { "name": "Epsom", "premises": "Epsom Primary School" }, "geometry": { "type": "Point", "coordinates": [ 144.3124073, -36.70481197 ] } },
{ "type": "Feature", "properties": { "name": "Erica", "premises": "Erica Memorial Hall" }, "geometry": { "type": "Point", "coordinates": [ 146.371707, -37.97875479 ] } },
{ "type": "Feature", "properties": { "name": "Eskdale", "premises": "Eskdale Public Hall" }, "geometry": { "type": "Point", "coordinates": [ 147.252304900000013, -36.46446136 ] } },
{ "type": "Feature", "properties": { "name": "Essendon", "premises": "St Therese's Catholic Primary School" }, "geometry": { "type": "Point", "coordinates": [ 144.9104404, -37.75150152 ] } },
{ "type": "Feature", "properties": { "name": "Essendon North", "premises": "Essendon North Primary School" }, "geometry": { "type": "Point", "coordinates": [ 144.9031296, -37.74012972 ] } },
{ "type": "Feature", "properties": { "name": "Essendon North", "premises": "Essendon North Primary School" }, "geometry": { "type": "Point", "coordinates": [ 144.9031296, -37.74012972 ] } },
{ "type": "Feature", "properties": { "name": "Essendon West", "premises": "Essendon Keilor College - VCE Essendon Campus" }, "geometry": { "type": "Point", "coordinates": [ 144.9025895, -37.75436402 ] } },
{ "type": "Feature", "properties": { "name": "Essendon West", "premises": "Essendon Keilor College - VCE Essendon Campus" }, "geometry": { "type": "Point", "coordinates": [ 144.9025895, -37.75436402 ] } },
{ "type": "Feature", "properties": { "name": "Essex Heights", "premises": "Essex Heights Primary School" }, "geometry": { "type": "Point", "coordinates": [ 145.115198, -37.86287664 ] } },
{ "type": "Feature", "properties": { "name": "Euroa", "premises": "Civic Hall Euroa" }, "geometry": { "type": "Point", "coordinates": [ 145.5727061, -36.75292755 ] } },
{ "type": "Feature", "properties": { "name": "Everton", "premises": "Everton Public Hall" }, "geometry": { "type": "Point", "coordinates": [ 146.5446313, -36.43582419 ] } },
{ "type": "Feature", "properties": { "name": "Eynesbury", "premises": "Eynesbury Primary School" }, "geometry": { "type": "Point", "coordinates": [ 144.5485085, -37.79054103 ] } },
{ "type": "Feature", "properties": { "name": "Fairfield", "premises": "Fairfield Primary School" }, "geometry": { "type": "Point", "coordinates": [ 145.0199398, -37.77823805 ] } },
{ "type": "Feature", "properties": { "name": "Fairhills", "premises": "Fairhills Primary School" }, "geometry": { "type": "Point", "coordinates": [ 145.2664189, -37.87021279 ] } },
{ "type": "Feature", "properties": { "name": "Fairy Hills", "premises": "Ivanhoe Grammar School (Dodemaide Hall)" }, "geometry": { "type": "Point", "coordinates": [ 145.044188100000014, -37.77277742 ] } },
{ "type": "Feature", "properties": { "name": "Fawkner", "premises": "St Mark's Catholic Parish Primary School" }, "geometry": { "type": "Point", "coordinates": [ 144.96393040000001, -37.7159861 ] } },
{ "type": "Feature", "properties": { "name": "Fawkner North", "premises": "John Fawkner Secondary College" }, "geometry": { "type": "Point", "coordinates": [ 144.972717499999987, -37.70255638 ] } },
{ "type": "Feature", "properties": { "name": "Fawkner Park", "premises": "South Yarra Primary School" }, "geometry": { "type": "Point", "coordinates": [ 144.984843, -37.84124414 ] } },
{ "type": "Feature", "properties": { "name": "Featherbrook", "premises": "Featherbrook P-9 College" }, "geometry": { "type": "Point", "coordinates": [ 144.7275879, -37.90053008 ] } },
{ "type": "Feature", "properties": { "name": "Ferntree Gully", "premises": "Ferntree Gully Girl Guide Hall" }, "geometry": { "type": "Point", "coordinates": [ 145.2956551, -37.88093315 ] } },
{ "type": "Feature", "properties": { "name": "Ferntree Gully Central", "premises": "Ferntree Gully Community Arts Centre" }, "geometry": { "type": "Point", "coordinates": [ 145.2905844, -37.88984857 ] } },
{ "type": "Feature", "properties": { "name": "Ferntree Gully Central", "premises": "Ferntree Gully Community Arts Centre" }, "geometry": { "type": "Point", "coordinates": [ 145.2905844, -37.88984857 ] } },
{ "type": "Feature", "properties": { "name": "Ferntree Gully North", "premises": "Ferntree Gully North Primary School" }, "geometry": { "type": "Point", "coordinates": [ 145.2993478, -37.87417184 ] } },
{ "type": "Feature", "properties": { "name": "Ferntree Gully Upper", "premises": "Upper Ferntree Gully Primary School" }, "geometry": { "type": "Point", "coordinates": [ 145.31425, -37.89591 ] } },
{ "type": "Feature", "properties": { "name": "Ferntree Gully West", "premises": "Wattleview Primary School" }, "geometry": { "type": "Point", "coordinates": [ 145.2781301, -37.87641862 ] } },
{ "type": "Feature", "properties": { "name": "Ferny Creek", "premises": "Ferny Creek Primary School" }, "geometry": { "type": "Point", "coordinates": [ 145.334927, -37.88441145 ] } },
{ "type": "Feature", "properties": { "name": "Ferrars", "premises": "South Melbourne Primary School" }, "geometry": { "type": "Point", "coordinates": [ 144.95363420000001, -37.82968531 ] } },
{ "type": "Feature", "properties": { "name": "Findon", "premises": "Findon Primary School" }, "geometry": { "type": "Point", "coordinates": [ 145.0511397, -37.66674348 ] } },
{ "type": "Feature", "properties": { "name": "Findon", "premises": "Findon Primary School" }, "geometry": { "type": "Point", "coordinates": [ 145.0511397, -37.66674348 ] } },
{ "type": "Feature", "properties": { "name": "Fish Creek", "premises": "Fish Creek Memorial Hall" }, "geometry": { "type": "Point", "coordinates": [ 146.0817233, -38.69294717 ] } },
{ "type": "Feature", "properties": { "name": "Fitzroy", "premises": "Fitzroy Primary School" }, "geometry": { "type": "Point", "coordinates": [ 144.9815915, -37.79956382 ] } },
{ "type": "Feature", "properties": { "name": "Fitzroy North", "premises": "Mark Street Community Hall " }, "geometry": { "type": "Point", "coordinates": [ 144.9854044, -37.78511944 ] } },
{ "type": "Feature", "properties": { "name": "Flamingo", "premises": "The Knox School" }, "geometry": { "type": "Point", "coordinates": [ 145.2197467, -37.86412072 ] } },
{ "type": "Feature", "properties": { "name": "Flemington", "premises": "St Brendans Primary School" }, "geometry": { "type": "Point", "coordinates": [ 144.931944499999986, -37.78455175 ] } },
{ "type": "Feature", "properties": { "name": "Flinders", "premises": "St John's Anglican Church" }, "geometry": { "type": "Point", "coordinates": [ 145.0112934, -38.47162311 ] } },
{ "type": "Feature", "properties": { "name": "Flora Hill", "premises": "Holy Trinity Anglican Hall" }, "geometry": { "type": "Point", "coordinates": [ 144.291152399999987, -36.7768628 ] } },
{ "type": "Feature", "properties": { "name": "Flowerdale", "premises": "Flowerdale Primary School" }, "geometry": { "type": "Point", "coordinates": [ 145.2907726, -37.31712551 ] } },
{ "type": "Feature", "properties": { "name": "Footscray", "premises": "Footscray High School - Barkly Campus" }, "geometry": { "type": "Point", "coordinates": [ 144.894693499999988, -37.79909119 ] } },
{ "type": "Feature", "properties": { "name": "Footscray Central", "premises": "5th Footscray Scout Hall" }, "geometry": { "type": "Point", "coordinates": [ 144.896473, -37.80857548 ] } },
{ "type": "Feature", "properties": { "name": "Footscray East", "premises": "Victoria University - Footscray Park Campus" }, "geometry": { "type": "Point", "coordinates": [ 144.9004717, -37.79378619 ] } },
{ "type": "Feature", "properties": { "name": "Footscray North", "premises": "YMCA" }, "geometry": { "type": "Point", "coordinates": [ 144.8802565, -37.79496229 ] } },
{ "type": "Feature", "properties": { "name": "Footscray Park", "premises": "Angliss Senior Citizens Hall" }, "geometry": { "type": "Point", "coordinates": [ 144.9067092, -37.79652721 ] } },
{ "type": "Feature", "properties": { "name": "Forest Hill", "premises": "Holbury Childrens Centre" }, "geometry": { "type": "Point", "coordinates": [ 145.158994299999989, -37.83944657 ] } },
{ "type": "Feature", "properties": { "name": "Forrest", "premises": "Forrest Public Hall" }, "geometry": { "type": "Point", "coordinates": [ 143.714720699999987, -38.51693805 ] } },
{ "type": "Feature", "properties": { "name": "Foster", "premises": "Foster Secondary College" }, "geometry": { "type": "Point", "coordinates": [ 146.1978215, -38.65208368 ] } },
{ "type": "Feature", "properties": { "name": "Fountain Gate", "premises": "Fountain Gate Primary School" }, "geometry": { "type": "Point", "coordinates": [ 145.2952599, -38.00967074 ] } },
{ "type": "Feature", "properties": { "name": "Frankston", "premises": "St Francis Xavier Primary School" }, "geometry": { "type": "Point", "coordinates": [ 145.1257486, -38.14894933 ] } },
{ "type": "Feature", "properties": { "name": "Frankston Beach", "premises": "St Pauls Anglican Church Hall" }, "geometry": { "type": "Point", "coordinates": [ 145.1189051, -38.14767852 ] } },
{ "type": "Feature", "properties": { "name": "Frankston East", "premises": "Frankston East Primary School" }, "geometry": { "type": "Point", "coordinates": [ 145.1467403, -38.14652037 ] } },
{ "type": "Feature", "properties": { "name": "Frankston Forest", "premises": "Monterey Secondary College" }, "geometry": { "type": "Point", "coordinates": [ 145.1482713, -38.12674568 ] } },
{ "type": "Feature", "properties": { "name": "Frankston Heights", "premises": "Frankston Heights Primary School" }, "geometry": { "type": "Point", "coordinates": [ 145.1472905, -38.1618258 ] } },
{ "type": "Feature", "properties": { "name": "Frankston Rail", "premises": "Chisholm Institute" }, "geometry": { "type": "Point", "coordinates": [ 145.1266398, -38.14400613 ] } },
{ "type": "Feature", "properties": { "name": "Frankston South", "premises": "Frankston High School - Senior Campus" }, "geometry": { "type": "Point", "coordinates": [ 145.1291261, -38.16081362 ] } },
{ "type": "Feature", "properties": { "name": "Fyans Park", "premises": "St Joseph's College - Edmund Rice Campus" }, "geometry": { "type": "Point", "coordinates": [ 144.3309581, -38.15124125 ] } },
{ "type": "Feature", "properties": { "name": "Fyansford", "premises": "Kardinia International College" }, "geometry": { "type": "Point", "coordinates": [ 144.3263843, -38.11064045 ] } },
{ "type": "Feature", "properties": { "name": "Gaffney", "premises": "Pascoe Vale Senior Citizens Centre" }, "geometry": { "type": "Point", "coordinates": [ 144.9340973, -37.72874678 ] } },
{ "type": "Feature", "properties": { "name": "Galvin Park", "premises": "Wyndham Central College" }, "geometry": { "type": "Point", "coordinates": [ 144.6530295, -37.88807264 ] } },
{ "type": "Feature", "properties": { "name": "Gapsted", "premises": "Gapsted Public Hall" }, "geometry": { "type": "Point", "coordinates": [ 146.6762876, -36.50809787 ] } },
{ "type": "Feature", "properties": { "name": "Gardenvale", "premises": "Star of the Sea College" }, "geometry": { "type": "Point", "coordinates": [ 144.9974094, -37.89678877 ] } },
{ "type": "Feature", "properties": { "name": "Gardiner", "premises": "St Roch's Parish Primary School" }, "geometry": { "type": "Point", "coordinates": [ 145.0522948, -37.85768246 ] } },
{ "type": "Feature", "properties": { "name": "Garfield", "premises": "Garfield Primary School" }, "geometry": { "type": "Point", "coordinates": [ 145.6739059, -38.09072702 ] } },
{ "type": "Feature", "properties": { "name": "Geelong", "premises": "Geelong High School" }, "geometry": { "type": "Point", "coordinates": [ 144.3726775, -38.15242709 ] } },
{ "type": "Feature", "properties": { "name": "Geelong East", "premises": "Geelong East Primary School" }, "geometry": { "type": "Point", "coordinates": [ 144.383085099999988, -38.17562599 ] } },
{ "type": "Feature", "properties": { "name": "Geelong West", "premises": "Geelong West Town Hall" }, "geometry": { "type": "Point", "coordinates": [ 144.348152199999987, -38.14096724 ] } },
{ "type": "Feature", "properties": { "name": "Gellibrand River", "premises": "Gellibrand Hall" }, "geometry": { "type": "Point", "coordinates": [ 143.5381457, -38.52022168 ] } },
{ "type": "Feature", "properties": { "name": "Gembrook", "premises": "Gembrook Primary School" }, "geometry": { "type": "Point", "coordinates": [ 145.5460243, -37.95176548 ] } },
{ "type": "Feature", "properties": { "name": "Girgarre", "premises": "Girgarre Primary School" }, "geometry": { "type": "Point", "coordinates": [ 144.973740099999986, -36.39835644 ] } },
{ "type": "Feature", "properties": { "name": "Gisborne", "premises": "Gisborne Primary School" }, "geometry": { "type": "Point", "coordinates": [ 144.5890432, -37.49022966 ] } },
{ "type": "Feature", "properties": { "name": "Gisborne South", "premises": "Gisborne Secondary College" }, "geometry": { "type": "Point", "coordinates": [ 144.5854492, -37.49618308 ] } },
{ "type": "Feature", "properties": { "name": "Gladeswood", "premises": "Mulgrave Primary School" }, "geometry": { "type": "Point", "coordinates": [ 145.1973406, -37.93299092 ] } },
{ "type": "Feature", "properties": { "name": "Gladstone Park", "premises": "Gladstone Park Secondary College" }, "geometry": { "type": "Point", "coordinates": [ 144.889530900000011, -37.68912849 ] } },
{ "type": "Feature", "properties": { "name": "Gladstone Views", "premises": "Gladstone Views Primary School" }, "geometry": { "type": "Point", "coordinates": [ 144.897333300000014, -37.68962028 ] } },
{ "type": "Feature", "properties": { "name": "Gladysdale", "premises": "Gladysdale Primary School" }, "geometry": { "type": "Point", "coordinates": [ 145.6511427, -37.82030778 ] } },
{ "type": "Feature", "properties": { "name": "Glen Eagles", "premises": "Mossgiel Park Primary School" }, "geometry": { "type": "Point", "coordinates": [ 145.2677491, -37.96838512 ] } },
{ "type": "Feature", "properties": { "name": "Glen Eira", "premises": "Glen Eira Town Hall - Auditorium" }, "geometry": { "type": "Point", "coordinates": [ 145.022645899999986, -37.87999152 ] } },
{ "type": "Feature", "properties": { "name": "Glen Iris", "premises": "St Oswald's Church Hall" }, "geometry": { "type": "Point", "coordinates": [ 145.0709534, -37.86243659 ] } },
{ "type": "Feature", "properties": { "name": "Glen Iris South", "premises": "Solway Primary School" }, "geometry": { "type": "Point", "coordinates": [ 145.0729775, -37.8722568 ] } },
{ "type": "Feature", "properties": { "name": "Glen Katherine", "premises": "St Helena Secondary College" }, "geometry": { "type": "Point", "coordinates": [ 145.1386123, -37.68650076 ] } },
{ "type": "Feature", "properties": { "name": "Glen Nichol", "premises": "Holy Trinity Church Hall" }, "geometry": { "type": "Point", "coordinates": [ 144.9793673, -37.77316602 ] } },
{ "type": "Feature", "properties": { "name": "Glen Park", "premises": "Glen Park Community Centre" }, "geometry": { "type": "Point", "coordinates": [ 145.272554899999989, -37.83412757 ] } },
{ "type": "Feature", "properties": { "name": "Glen Waverley", "premises": "Glen Waverley Primary School" }, "geometry": { "type": "Point", "coordinates": [ 145.167563300000012, -37.87457229 ] } },
{ "type": "Feature", "properties": { "name": "Glen Waverley Central", "premises": "Glen Waverley Community Centre" }, "geometry": { "type": "Point", "coordinates": [ 145.161755, -37.8887173 ] } },
{ "type": "Feature", "properties": { "name": "Glen Waverley Lower", "premises": "Brandon Park Community Centre - Sports Hall" }, "geometry": { "type": "Point", "coordinates": [ 145.165007800000012, -37.90374417 ] } },
{ "type": "Feature", "properties": { "name": "Glen Waverley South", "premises": "Brentwood Secondary College" }, "geometry": { "type": "Point", "coordinates": [ 145.1661374, -37.89955785 ] } },
{ "type": "Feature", "properties": { "name": "Glen Waverley South", "premises": "Brentwood Secondary College" }, "geometry": { "type": "Point", "coordinates": [ 145.1661374, -37.89955785 ] } },
{ "type": "Feature", "properties": { "name": "Glenbervie", "premises": "Essendon Primary School" }, "geometry": { "type": "Point", "coordinates": [ 144.9216089, -37.75317191 ] } },
{ "type": "Feature", "properties": { "name": "Glenburn", "premises": "Glenburn Community Centre" }, "geometry": { "type": "Point", "coordinates": [ 145.4257787, -37.41974574 ] } },
{ "type": "Feature", "properties": { "name": "Glendal", "premises": "Glendal Primary School" }, "geometry": { "type": "Point", "coordinates": [ 145.1591194, -37.86708794 ] } },
{ "type": "Feature", "properties": { "name": "Glenferrie", "premises": "Hawthorn Arts Centre (Chandelier Room)" }, "geometry": { "type": "Point", "coordinates": [ 145.0359651, -37.82275352 ] } },
{ "type": "Feature", "properties": { "name": "Glenferrie Central", "premises": "Glenferrie Primary School" }, "geometry": { "type": "Point", "coordinates": [ 145.0339895, -37.82400304 ] } },
{ "type": "Feature", "properties": { "name": "Glenferrie South", "premises": "Erasmus School" }, "geometry": { "type": "Point", "coordinates": [ 145.03136520000001, -37.82701986 ] } },
{ "type": "Feature", "properties": { "name": "Glengala", "premises": "Sunshine Heights Primary School" }, "geometry": { "type": "Point", "coordinates": [ 144.8178435, -37.79199383 ] } },
{ "type": "Feature", "properties": { "name": "Glengala South", "premises": "Sunshine Special Development School" }, "geometry": { "type": "Point", "coordinates": [ 144.8209598, -37.80313089 ] } },
{ "type": "Feature", "properties": { "name": "Glengarry", "premises": "Glengarry Primary School" }, "geometry": { "type": "Point", "coordinates": [ 146.5714692, -38.12766567 ] } },
{ "type": "Feature", "properties": { "name": "Glenhuntly East", "premises": "Glen Huntly Primary School" }, "geometry": { "type": "Point", "coordinates": [ 145.0454327, -37.89338416 ] } },
{ "type": "Feature", "properties": { "name": "Glenhuntly East", "premises": "Glen Huntly Primary School" }, "geometry": { "type": "Point", "coordinates": [ 145.0454327, -37.89338416 ] } },
{ "type": "Feature", "properties": { "name": "Glenlyon", "premises": "Glenlyon Shire Hall" }, "geometry": { "type": "Point", "coordinates": [ 144.24474570000001, -37.29549623 ] } },
{ "type": "Feature", "properties": { "name": "Glenmaggie", "premises": "Glenmaggie Mechanics Institute" }, "geometry": { "type": "Point", "coordinates": [ 146.7512673, -37.89496897 ] } },
{ "type": "Feature", "properties": { "name": "Glenorchy", "premises": "Glenorchy Memorial Hall" }, "geometry": { "type": "Point", "coordinates": [ 142.6622161, -36.90801376 ] } },
{ "type": "Feature", "properties": { "name": "Glenorden", "premises": "Wyndham Park Primary School" }, "geometry": { "type": "Point", "coordinates": [ 144.6765595, -37.88490913 ] } },
{ "type": "Feature", "properties": { "name": "Glenrowan", "premises": "Glenrowan Primary School" }, "geometry": { "type": "Point", "coordinates": [ 146.2219921, -36.46018322 ] } },
{ "type": "Feature", "properties": { "name": "Glenroy", "premises": "Glenroy College" }, "geometry": { "type": "Point", "coordinates": [ 144.9288068, -37.70481149 ] } },
{ "type": "Feature", "properties": { "name": "Glenroy East", "premises": "St Thomas More School" }, "geometry": { "type": "Point", "coordinates": [ 144.944492, -37.70785233 ] } },
{ "type": "Feature", "properties": { "name": "Glenroy North", "premises": "Glenroy Specialist School" }, "geometry": { "type": "Point", "coordinates": [ 144.919268100000011, -37.69952154 ] } },
{ "type": "Feature", "properties": { "name": "Glenroy West", "premises": "Glenroy West Primary School" }, "geometry": { "type": "Point", "coordinates": [ 144.908537700000011, -37.70489734 ] } },
{ "type": "Feature", "properties": { "name": "Glenthompson", "premises": "Glenthompson Memorial Hall" }, "geometry": { "type": "Point", "coordinates": [ 142.5478798, -37.63806391 ] } },
{ "type": "Feature", "properties": { "name": "Golden Beach", "premises": "Golden Beach Community Hall" }, "geometry": { "type": "Point", "coordinates": [ 147.4001567, -38.2110347 ] } },
{ "type": "Feature", "properties": { "name": "Golden Square", "premises": "Golden Square Primary School (Maple Street Campus)" }, "geometry": { "type": "Point", "coordinates": [ 144.256719800000013, -36.770338 ] } },
{ "type": "Feature", "properties": { "name": "Golden Square", "premises": "Golden Square Primary School (Maple Street Campus)" }, "geometry": { "type": "Point", "coordinates": [ 144.256719800000013, -36.770338 ] } },
{ "type": "Feature", "properties": { "name": "Golden Square South", "premises": "Golden Square Girl Guide Hall" }, "geometry": { "type": "Point", "coordinates": [ 144.251908899999989, -36.77655889 ] } },
{ "type": "Feature", "properties": { "name": "Golf Links", "premises": "Golf Links Primary School" }, "geometry": { "type": "Point", "coordinates": [ 145.0742836, -37.73550147 ] } },
{ "type": "Feature", "properties": { "name": "Goonawarra", "premises": "Goonawarra Primary School" }, "geometry": { "type": "Point", "coordinates": [ 144.7509967, -37.58051208 ] } },
{ "type": "Feature", "properties": { "name": "Goorambat", "premises": "Goorambat Public Hall" }, "geometry": { "type": "Point", "coordinates": [ 145.922718300000014, -36.41114759 ] } },
{ "type": "Feature", "properties": { "name": "Goornong", "premises": "Goornong Soldiers Memorial Hall" }, "geometry": { "type": "Point", "coordinates": [ 144.5055462, -36.6151487 ] } },
{ "type": "Feature", "properties": { "name": "Gordon", "premises": "Gordon Public Hall" }, "geometry": { "type": "Point", "coordinates": [ 144.1037768, -37.58054824 ] } },
{ "type": "Feature", "properties": { "name": "Gormandale", "premises": "Gormandale Mechanics Institute" }, "geometry": { "type": "Point", "coordinates": [ 146.7018952, -38.29452222 ] } },
{ "type": "Feature", "properties": { "name": "Goroke", "premises": "Goroke Memorial Hall" }, "geometry": { "type": "Point", "coordinates": [ 141.474132200000014, -36.71828255 ] } },
{ "type": "Feature", "properties": { "name": "Gowanbrae", "premises": "Gowanbrae Community House" }, "geometry": { "type": "Point", "coordinates": [ 144.9000103, -37.70220983 ] } },
{ "type": "Feature", "properties": { "name": "Gowrie Park", "premises": "Belle Vue Park Primary School" }, "geometry": { "type": "Point", "coordinates": [ 144.943888500000014, -37.70111271 ] } },
{ "type": "Feature", "properties": { "name": "Gowrie Street", "premises": "Gowrie Street Primary School" }, "geometry": { "type": "Point", "coordinates": [ 145.3963057, -36.36652557 ] } },
{ "type": "Feature", "properties": { "name": "Grantville", "premises": "Grantville Hall" }, "geometry": { "type": "Point", "coordinates": [ 145.5326695, -38.40448703 ] } },
{ "type": "Feature", "properties": { "name": "Grassmere", "premises": "Grassmere Primary School" }, "geometry": { "type": "Point", "coordinates": [ 142.522834100000011, -38.28616415 ] } },
{ "type": "Feature", "properties": { "name": "Great Western", "premises": "Great Western Primary School" }, "geometry": { "type": "Point", "coordinates": [ 142.8517789, -37.14896252 ] } },
{ "type": "Feature", "properties": { "name": "Greenbrook", "premises": "Epping Primary School - Greenbrook Campus" }, "geometry": { "type": "Point", "coordinates": [ 145.042286100000013, -37.65000502 ] } },
{ "type": "Feature", "properties": { "name": "Greenhills", "premises": "Greenhills Primary School" }, "geometry": { "type": "Point", "coordinates": [ 145.1189779, -37.69238883 ] } },
{ "type": "Feature", "properties": { "name": "Greensborough", "premises": "Greensborough Primary School" }, "geometry": { "type": "Point", "coordinates": [ 145.0992904, -37.70367092 ] } },
{ "type": "Feature", "properties": { "name": "Greensborough", "premises": "Greensborough Primary School" }, "geometry": { "type": "Point", "coordinates": [ 145.0992904, -37.70367092 ] } },
{ "type": "Feature", "properties": { "name": "Greenvale", "premises": "Greenvale Primary School" }, "geometry": { "type": "Point", "coordinates": [ 144.8866256, -37.64098722 ] } },
{ "type": "Feature", "properties": { "name": "Greenvale Park", "premises": "Aitken College" }, "geometry": { "type": "Point", "coordinates": [ 144.891928900000011, -37.6277715 ] } },
{ "type": "Feature", "properties": { "name": "Greenvale South", "premises": "Greenvale Recreation Centre" }, "geometry": { "type": "Point", "coordinates": [ 144.892550699999987, -37.65033587 ] } },
{ "type": "Feature", "properties": { "name": "Greythorn", "premises": "Greythorn Primary School" }, "geometry": { "type": "Point", "coordinates": [ 145.0960542, -37.8023278 ] } },
{ "type": "Feature", "properties": { "name": "Greythorn", "premises": "Greythorn Primary School" }, "geometry": { "type": "Point", "coordinates": [ 145.0960542, -37.8023278 ] } },
{ "type": "Feature", "properties": { "name": "Grovedale", "premises": "Grovedale West Primary School" }, "geometry": { "type": "Point", "coordinates": [ 144.3278101, -38.20777414 ] } },
{ "type": "Feature", "properties": { "name": "Grovedale Central", "premises": "Grovedale Primary School" }, "geometry": { "type": "Point", "coordinates": [ 144.3476111, -38.19756301 ] } },
{ "type": "Feature", "properties": { "name": "Grovedale East", "premises": "Grovedale Uniting Church Hall" }, "geometry": { "type": "Point", "coordinates": [ 144.341316400000011, -38.20508044 ] } },
{ "type": "Feature", "properties": { "name": "Gruyere", "premises": "Gruyere Cricket Pavillion" }, "geometry": { "type": "Point", "coordinates": [ 145.4448571, -37.73149293 ] } },
{ "type": "Feature", "properties": { "name": "Guildford", "premises": "Guildford Public Hall" }, "geometry": { "type": "Point", "coordinates": [ 144.166579899999988, -37.14934062 ] } },
{ "type": "Feature", "properties": { "name": "Gumnut Gully", "premises": "Gumnut Gully Preschool" }, "geometry": { "type": "Point", "coordinates": [ 145.1799852, -37.75985777 ] } },
{ "type": "Feature", "properties": { "name": "Gunbower", "premises": "Gunbower Memorial Hall" }, "geometry": { "type": "Point", "coordinates": [ 144.370004, -35.95669266 ] } },
{ "type": "Feature", "properties": { "name": "Guthrie Street", "premises": "Guthrie Street Primary School" }, "geometry": { "type": "Point", "coordinates": [ 145.3905019, -36.39805371 ] } },
{ "type": "Feature", "properties": { "name": "Haddon", "premises": "Haddon Recreation Centre" }, "geometry": { "type": "Point", "coordinates": [ 143.7223634, -37.58841846 ] } },
{ "type": "Feature", "properties": { "name": "Hadfield", "premises": "Westbreen Primary School" }, "geometry": { "type": "Point", "coordinates": [ 144.936676299999988, -37.71590368 ] } },
{ "type": "Feature", "properties": { "name": "Hallam", "premises": "Hallam Primary School" }, "geometry": { "type": "Point", "coordinates": [ 145.2581939, -38.00171844 ] } },
{ "type": "Feature", "properties": { "name": "Hallam East", "premises": "Hallam Gardens Kindergarten" }, "geometry": { "type": "Point", "coordinates": [ 145.2814854, -38.00255705 ] } },
{ "type": "Feature", "properties": { "name": "Hallam Valley", "premises": "Fleetwood Primary School" }, "geometry": { "type": "Point", "coordinates": [ 145.3176062, -38.03911924 ] } },
{ "type": "Feature", "properties": { "name": "Halls Gap", "premises": "Halls Gap Community Hall" }, "geometry": { "type": "Point", "coordinates": [ 142.519202, -37.14055937 ] } },
{ "type": "Feature", "properties": { "name": "Hamilton", "premises": "Monivae College" }, "geometry": { "type": "Point", "coordinates": [ 142.049423600000011, -37.74102627 ] } },
{ "type": "Feature", "properties": { "name": "Hamilton Central", "premises": "Hamilton Senior Citizens Clubroom" }, "geometry": { "type": "Point", "coordinates": [ 142.0244415, -37.74085364 ] } },
{ "type": "Feature", "properties": { "name": "Hamilton North", "premises": "Hamilton North Primary School" }, "geometry": { "type": "Point", "coordinates": [ 141.9951883, -37.72627361 ] } },
{ "type": "Feature", "properties": { "name": "Hamlyn Heights", "premises": "Western Heights College" }, "geometry": { "type": "Point", "coordinates": [ 144.328958300000011, -38.12385788 ] } },
{ "type": "Feature", "properties": { "name": "Hampton", "premises": "Hampton Primary School" }, "geometry": { "type": "Point", "coordinates": [ 145.003342, -37.93346102 ] } },
{ "type": "Feature", "properties": { "name": "Hampton", "premises": "Hampton Primary School" }, "geometry": { "type": "Point", "coordinates": [ 145.003342, -37.93346102 ] } },
{ "type": "Feature", "properties": { "name": "Hampton Central", "premises": "Hampton Uniting Church Hall" }, "geometry": { "type": "Point", "coordinates": [ 145.0044265, -37.93970872 ] } },
{ "type": "Feature", "properties": { "name": "Hampton East", "premises": "Sandringham Youth Club" }, "geometry": { "type": "Point", "coordinates": [ 145.0179823, -37.93995991 ] } },
{ "type": "Feature", "properties": { "name": "Hampton Park", "premises": "Hampton Park Primary School" }, "geometry": { "type": "Point", "coordinates": [ 145.2519574, -38.03084408 ] } },
{ "type": "Feature", "properties": { "name": "Hampton Park East", "premises": "River Gum Primary School" }, "geometry": { "type": "Point", "coordinates": [ 145.2604746, -38.03469925 ] } },
{ "type": "Feature", "properties": { "name": "Harcourt", "premises": "Harcourt Valley Primary School" }, "geometry": { "type": "Point", "coordinates": [ 144.2574108, -37.00265585 ] } },
{ "type": "Feature", "properties": { "name": "Harkaway", "premises": "Harkaway Primary School" }, "geometry": { "type": "Point", "coordinates": [ 145.345135199999987, -38.00081795 ] } },
{ "type": "Feature", "properties": { "name": "Harkaway", "premises": "Harkaway Primary School" }, "geometry": { "type": "Point", "coordinates": [ 145.345135199999987, -38.00081795 ] } },
{ "type": "Feature", "properties": { "name": "Harrietville", "premises": "Harrietville Primary School" }, "geometry": { "type": "Point", "coordinates": [ 147.064848899999987, -36.88773651 ] } },
{ "type": "Feature", "properties": { "name": "Harrisfield", "premises": "Harrisfield Primary School" }, "geometry": { "type": "Point", "coordinates": [ 145.1793577, -37.95388047 ] } },
{ "type": "Feature", "properties": { "name": "Harrow", "premises": "Harrow RSL Hall" }, "geometry": { "type": "Point", "coordinates": [ 141.5922, -37.16645 ] } },
{ "type": "Feature", "properties": { "name": "Hartwell", "premises": "Hartwell Primary School" }, "geometry": { "type": "Point", "coordinates": [ 145.0839369, -37.84800189 ] } },
{ "type": "Feature", "properties": { "name": "Hastings", "premises": "Hastings Community Hall" }, "geometry": { "type": "Point", "coordinates": [ 145.1941161, -38.30777259 ] } },
{ "type": "Feature", "properties": { "name": "Haven", "premises": "Haven Memorial Hall" }, "geometry": { "type": "Point", "coordinates": [ 142.194117299999988, -36.75679808 ] } },
{ "type": "Feature", "properties": { "name": "Hawkesdale", "premises": "Hawkesdale P-12 College" }, "geometry": { "type": "Point", "coordinates": [ 142.3193214, -38.10676756 ] } },
{ "type": "Feature", "properties": { "name": "Hawksburn", "premises": "Toorak - South Yarra Library" }, "geometry": { "type": "Point", "coordinates": [ 144.9994595, -37.84003938 ] } },
{ "type": "Feature", "properties": { "name": "Hawksburn Central", "premises": "Renown Kindergarten" }, "geometry": { "type": "Point", "coordinates": [ 144.993017400000014, -37.84390012 ] } },
{ "type": "Feature", "properties": { "name": "Hawthorn", "premises": "Hawthorn West Primary School" }, "geometry": { "type": "Point", "coordinates": [ 145.0177214, -37.8198729 ] } },
{ "type": "Feature", "properties": { "name": "Hazelwood North", "premises": "Hazelwood North Primary School" }, "geometry": { "type": "Point", "coordinates": [ 146.4475488, -38.26837726 ] } },
{ "type": "Feature", "properties": { "name": "Healesville", "premises": "Healesville High School" }, "geometry": { "type": "Point", "coordinates": [ 145.5307584, -37.64349569 ] } },
{ "type": "Feature", "properties": { "name": "Healesville Central", "premises": "Healesville Memorial Hall" }, "geometry": { "type": "Point", "coordinates": [ 145.5176993, -37.65360211 ] } },
{ "type": "Feature", "properties": { "name": "Heany Park", "premises": "Heany Park Primary School" }, "geometry": { "type": "Point", "coordinates": [ 145.2427079, -37.93399634 ] } },
{ "type": "Feature", "properties": { "name": "Heathcote", "premises": "Heathcote RSL Hall" }, "geometry": { "type": "Point", "coordinates": [ 144.7093939, -36.92316543 ] } },
{ "type": "Feature", "properties": { "name": "Heatherdale", "premises": "Heatherdale Pre-School" }, "geometry": { "type": "Point", "coordinates": [ 145.208633600000013, -37.82045817 ] } },
{ "type": "Feature", "properties": { "name": "Heatherhill", "premises": "Heatherhill Primary School" }, "geometry": { "type": "Point", "coordinates": [ 145.1580712, -37.96293765 ] } },
{ "type": "Feature", "properties": { "name": "Heatherhill", "premises": "Heatherhill Primary School" }, "geometry": { "type": "Point", "coordinates": [ 145.1580712, -37.96293765 ] } },
{ "type": "Feature", "properties": { "name": "Heatherton North", "premises": "St Andrew's Primary School" }, "geometry": { "type": "Point", "coordinates": [ 145.106803899999989, -37.93469708 ] } },
{ "type": "Feature", "properties": { "name": "Heathmont", "premises": "Heathmont Uniting Church Hall" }, "geometry": { "type": "Point", "coordinates": [ 145.2470231, -37.82691465 ] } },
{ "type": "Feature", "properties": { "name": "Heathmont East", "premises": "Heathmont East Primary School" }, "geometry": { "type": "Point", "coordinates": [ 145.2558903, -37.83060522 ] } },
{ "type": "Feature", "properties": { "name": "Heathmont West", "premises": "Heathmont College" }, "geometry": { "type": "Point", "coordinates": [ 145.2339097, -37.83849593 ] } },
{ "type": "Feature", "properties": { "name": "Heathmont West", "premises": "Heathmont College" }, "geometry": { "type": "Point", "coordinates": [ 145.2339097, -37.83849593 ] } },
{ "type": "Feature", "properties": { "name": "Heidelberg", "premises": "Our Lady of Mercy College" }, "geometry": { "type": "Point", "coordinates": [ 145.0679687, -37.7585406 ] } },
{ "type": "Feature", "properties": { "name": "Heidelberg West", "premises": "St Pius X Parish Hall" }, "geometry": { "type": "Point", "coordinates": [ 145.0467617, -37.7472884 ] } },
{ "type": "Feature", "properties": { "name": "Hepburn Springs", "premises": "Hepburn Primary School" }, "geometry": { "type": "Point", "coordinates": [ 144.13246860000001, -37.30952186 ] } },
{ "type": "Feature", "properties": { "name": "Heyfield", "premises": "Heyfield Memorial Hall" }, "geometry": { "type": "Point", "coordinates": [ 146.7843176, -37.98469269 ] } },
{ "type": "Feature", "properties": { "name": "Heywood", "premises": "Heywood Senior Citizens Club" }, "geometry": { "type": "Point", "coordinates": [ 141.6320864, -38.13132341 ] } },
{ "type": "Feature", "properties": { "name": "Highett", "premises": "Sandringham Secondary College - Highett Campus" }, "geometry": { "type": "Point", "coordinates": [ 145.021264699999989, -37.95152429 ] } },
{ "type": "Feature", "properties": { "name": "Highett South", "premises": "Highett Neighbourhood Community House" }, "geometry": { "type": "Point", "coordinates": [ 145.038089899999989, -37.94751018 ] } },
{ "type": "Feature", "properties": { "name": "Highfield", "premises": "St Dominic's Parish Primary School" }, "geometry": { "type": "Point", "coordinates": [ 145.08399510000001, -37.83859803 ] } },
{ "type": "Feature", "properties": { "name": "Highton", "premises": "Highton Primary School" }, "geometry": { "type": "Point", "coordinates": [ 144.3164689, -38.17215544 ] } },
{ "type": "Feature", "properties": { "name": "Highton Central", "premises": "St Luke's Uniting Church" }, "geometry": { "type": "Point", "coordinates": [ 144.3104003, -38.16920478 ] } },
{ "type": "Feature", "properties": { "name": "Highton North", "premises": "Montpellier Primary School" }, "geometry": { "type": "Point", "coordinates": [ 144.316184099999987, -38.16617749 ] } },
{ "type": "Feature", "properties": { "name": "Highvale", "premises": "Highvale Primary School" }, "geometry": { "type": "Point", "coordinates": [ 145.174109499999986, -37.86716988 ] } },
{ "type": "Feature", "properties": { "name": "Hillside", "premises": "Sydenham-Hillside Primary School - Hillside Campus" }, "geometry": { "type": "Point", "coordinates": [ 144.7364454, -37.6865005 ] } },
{ "type": "Feature", "properties": { "name": "Hillsmeade", "premises": "Hillsmeade Primary School" }, "geometry": { "type": "Point", "coordinates": [ 145.307800500000013, -38.06441885 ] } },
{ "type": "Feature", "properties": { "name": "Hoddles Creek", "premises": "Hoddles Creek Primary School" }, "geometry": { "type": "Point", "coordinates": [ 145.597834, -37.83194384 ] } },
{ "type": "Feature", "properties": { "name": "Holloway", "premises": "Sandringham Secondary College" }, "geometry": { "type": "Point", "coordinates": [ 145.0236821, -37.95694086 ] } },
{ "type": "Feature", "properties": { "name": "Holy Trinity - Eltham North", "premises": "Holy Trinity Primary School" }, "geometry": { "type": "Point", "coordinates": [ 145.135493, -37.69780782 ] } },
{ "type": "Feature", "properties": { "name": "Homestead", "premises": "Homestead Senior Secondary College" }, "geometry": { "type": "Point", "coordinates": [ 144.768760500000013, -37.91565323 ] } },
{ "type": "Feature", "properties": { "name": "Hopetoun", "premises": "Senior Citizens Clubrooms" }, "geometry": { "type": "Point", "coordinates": [ 142.3642298, -35.72879624 ] } },
{ "type": "Feature", "properties": { "name": "Horsham East", "premises": "Horsham C.W.A. Hall" }, "geometry": { "type": "Point", "coordinates": [ 142.2051251, -36.71336785 ] } },
{ "type": "Feature", "properties": { "name": "Horsham North", "premises": "Horsham Primary School - Rasmussen Campus" }, "geometry": { "type": "Point", "coordinates": [ 142.2054123, -36.69709219 ] } },
{ "type": "Feature", "properties": { "name": "Horsham South", "premises": "Green Park Kindergarten" }, "geometry": { "type": "Point", "coordinates": [ 142.2086895, -36.72691173 ] } },
{ "type": "Feature", "properties": { "name": "Horsham West", "premises": "Horsham West Primary School" }, "geometry": { "type": "Point", "coordinates": [ 142.1803507, -36.71704921 ] } },
{ "type": "Feature", "properties": { "name": "Hosie", "premises": "Richmond High School - Gleadell Campus" }, "geometry": { "type": "Point", "coordinates": [ 145.0016003, -37.81751166 ] } },
{ "type": "Feature", "properties": { "name": "Hotham Hill", "premises": "North Melbourne Community Centre" }, "geometry": { "type": "Point", "coordinates": [ 144.9404704, -37.79331522 ] } },
{ "type": "Feature", "properties": { "name": "Hughesdale", "premises": "Hughesdale Community Centre" }, "geometry": { "type": "Point", "coordinates": [ 145.076176299999986, -37.89821297 ] } },
{ "type": "Feature", "properties": { "name": "Hughesdale South", "premises": "Coatesville Uniting Church Hall" }, "geometry": { "type": "Point", "coordinates": [ 145.0762134, -37.90863647 ] } },
{ "type": "Feature", "properties": { "name": "Hughesdale South", "premises": "Coatesville Uniting Church Hall" }, "geometry": { "type": "Point", "coordinates": [ 145.0762134, -37.90863647 ] } },
{ "type": "Feature", "properties": { "name": "Hume Central", "premises": "Hume Central Secondary College - Dimboola Campus" }, "geometry": { "type": "Point", "coordinates": [ 144.909945, -37.68167974 ] } },
{ "type": "Feature", "properties": { "name": "Huntingdale", "premises": "Oakleigh Occasional Care Centre" }, "geometry": { "type": "Point", "coordinates": [ 145.111865, -37.90643929 ] } },
{ "type": "Feature", "properties": { "name": "Huntly", "premises": "Huntly Primary School" }, "geometry": { "type": "Point", "coordinates": [ 144.334642, -36.66255129 ] } },
{ "type": "Feature", "properties": { "name": "Hurstbridge", "premises": "Hurstbridge Primary School" }, "geometry": { "type": "Point", "coordinates": [ 145.198423, -37.6362539 ] } },
{ "type": "Feature", "properties": { "name": "Hyde", "premises": "Footscray City Primary School" }, "geometry": { "type": "Point", "coordinates": [ 144.8988396, -37.80640907 ] } },
{ "type": "Feature", "properties": { "name": "Hyde", "premises": "Footscray City Primary School" }, "geometry": { "type": "Point", "coordinates": [ 144.8988396, -37.80640907 ] } },
{ "type": "Feature", "properties": { "name": "Hyde Park", "premises": "1st Kew Scout Hall" }, "geometry": { "type": "Point", "coordinates": [ 145.0398352, -37.79174947 ] } },
{ "type": "Feature", "properties": { "name": "Indented Head", "premises": "Indented Head Community Hall" }, "geometry": { "type": "Point", "coordinates": [ 144.7132885, -38.14244651 ] } },
{ "type": "Feature", "properties": { "name": "Inglewood", "premises": "Inglewood Primary School" }, "geometry": { "type": "Point", "coordinates": [ 143.8702415, -36.57397426 ] } },
{ "type": "Feature", "properties": { "name": "Invergordon", "premises": "Invergordon Recreation Reserve Public Hall" }, "geometry": { "type": "Point", "coordinates": [ 145.61058460000001, -36.14996286 ] } },
{ "type": "Feature", "properties": { "name": "Inverleigh", "premises": "Inverleigh Primary School" }, "geometry": { "type": "Point", "coordinates": [ 144.0549562, -38.10103452 ] } },
{ "type": "Feature", "properties": { "name": "Inverloch", "premises": "Inverloch Community Hub" }, "geometry": { "type": "Point", "coordinates": [ 145.72766390000001, -38.63368907 ] } },
{ "type": "Feature", "properties": { "name": "Iramoo", "premises": "Iramoo Primary School" }, "geometry": { "type": "Point", "coordinates": [ 144.6270561, -37.89545382 ] } },
{ "type": "Feature", "properties": { "name": "Ironbark", "premises": "Violet Street Primary School" }, "geometry": { "type": "Point", "coordinates": [ 144.2652277, -36.75752963 ] } },
{ "type": "Feature", "properties": { "name": "Irrewillipe East", "premises": "Irrewillipe Public Hall" }, "geometry": { "type": "Point", "coordinates": [ 143.4414313, -38.41065656 ] } },
{ "type": "Feature", "properties": { "name": "Irymple", "premises": "Irymple Senior Citizens Centre" }, "geometry": { "type": "Point", "coordinates": [ 142.168498, -34.23377085 ] } },
{ "type": "Feature", "properties": { "name": "Ivanhoe", "premises": "Ivanhoe Primary School" }, "geometry": { "type": "Point", "coordinates": [ 145.041568899999987, -37.76627266 ] } },
{ "type": "Feature", "properties": { "name": "Ivanhoe East", "premises": "St George's Anglican Church" }, "geometry": { "type": "Point", "coordinates": [ 145.0597658, -37.77386442 ] } },
{ "type": "Feature", "properties": { "name": "Ivanhoe West", "premises": "St Bernadette's School Hall" }, "geometry": { "type": "Point", "coordinates": [ 145.034763199999986, -37.76281217 ] } },
{ "type": "Feature", "properties": { "name": "Jacksons Hill", "premises": "Sunbury Primary School" }, "geometry": { "type": "Point", "coordinates": [ 144.7281926, -37.59593024 ] } },
{ "type": "Feature", "properties": { "name": "Jamieson", "premises": "Jamieson Memorial Hall" }, "geometry": { "type": "Point", "coordinates": [ 146.1377286, -37.30203731 ] } },
{ "type": "Feature", "properties": { "name": "Jamieson Way", "premises": "Carranballac P-9 College - Jamieson Way Campus" }, "geometry": { "type": "Point", "coordinates": [ 144.7452078, -37.89500156 ] } },
{ "type": "Feature", "properties": { "name": "Jells Park", "premises": "Jells Park Primary School" }, "geometry": { "type": "Point", "coordinates": [ 145.1927808, -37.90294524 ] } },
{ "type": "Feature", "properties": { "name": "Jeparit", "premises": "Jeparit Memorial Town Hall" }, "geometry": { "type": "Point", "coordinates": [ 141.98730470000001, -36.14317295 ] } },
{ "type": "Feature", "properties": { "name": "Jindivick", "premises": "Jindivick Primary School" }, "geometry": { "type": "Point", "coordinates": [ 145.9011759, -38.02756698 ] } },
{ "type": "Feature", "properties": { "name": "Jobs Gully", "premises": "Eaglehawk Secondary College" }, "geometry": { "type": "Point", "coordinates": [ 144.2623506, -36.72112181 ] } },
{ "type": "Feature", "properties": { "name": "John Paul College", "premises": "John Paul College" }, "geometry": { "type": "Point", "coordinates": [ 145.139083, -38.13793505 ] } },
{ "type": "Feature", "properties": { "name": "Johnsonville", "premises": "Johnsonville Public Hall" }, "geometry": { "type": "Point", "coordinates": [ 147.8302158, -37.82014465 ] } },
{ "type": "Feature", "properties": { "name": "Jordanville South", "premises": "St Mary Magdalene's Centre" }, "geometry": { "type": "Point", "coordinates": [ 145.101031799999987, -37.87952115 ] } },
{ "type": "Feature", "properties": { "name": "Junortoun", "premises": "Bendigo Baptist Church" }, "geometry": { "type": "Point", "coordinates": [ 144.3459672, -36.77018249 ] } },
{ "type": "Feature", "properties": { "name": "Kalinda", "premises": "Kalinda Primary School" }, "geometry": { "type": "Point", "coordinates": [ 145.2548864, -37.78928887 ] } },
{ "type": "Feature", "properties": { "name": "Kalinda", "premises": "Kalinda Primary School" }, "geometry": { "type": "Point", "coordinates": [ 145.2548864, -37.78928887 ] } },
{ "type": "Feature", "properties": { "name": "Kallista", "premises": "Kallista Primary School" }, "geometry": { "type": "Point", "coordinates": [ 145.3705908, -37.88521386 ] } },
{ "type": "Feature", "properties": { "name": "Kananook", "premises": "Kananook Primary School" }, "geometry": { "type": "Point", "coordinates": [ 145.1316268, -38.12491453 ] } },
{ "type": "Feature", "properties": { "name": "Kangaroo Flat", "premises": "Crusoe Secondary College" }, "geometry": { "type": "Point", "coordinates": [ 144.2346636, -36.78954804 ] } },
{ "type": "Feature", "properties": { "name": "Kangaroo Flat South", "premises": "St Monica's Primary School" }, "geometry": { "type": "Point", "coordinates": [ 144.2454004, -36.79482191 ] } },
{ "type": "Feature", "properties": { "name": "Kangaroo Flat South", "premises": "St Monica's Primary School" }, "geometry": { "type": "Point", "coordinates": [ 144.2454004, -36.79482191 ] } },
{ "type": "Feature", "properties": { "name": "Kangaroo Flat South West", "premises": "Kangaroo Flat Community and Neighbourhood House" }, "geometry": { "type": "Point", "coordinates": [ 144.2352366, -36.80362994 ] } },
{ "type": "Feature", "properties": { "name": "Kangaroo Ground", "premises": "Kangaroo Ground Primary School" }, "geometry": { "type": "Point", "coordinates": [ 145.2139857, -37.69158903 ] } },
{ "type": "Feature", "properties": { "name": "Kaniva", "premises": "Kaniva Wesley Hall" }, "geometry": { "type": "Point", "coordinates": [ 141.24098570000001, -36.37831477 ] } },
{ "type": "Feature", "properties": { "name": "Kardinia Park", "premises": "Kardinia Park Senior Citizens Club" }, "geometry": { "type": "Point", "coordinates": [ 144.3547319, -38.16007165 ] } },
{ "type": "Feature", "properties": { "name": "Karingal Heights", "premises": "Karingal Heights Primary School" }, "geometry": { "type": "Point", "coordinates": [ 145.166934, -38.14143005 ] } },
{ "type": "Feature", "properties": { "name": "Karoo", "premises": "Karoo Primary School" }, "geometry": { "type": "Point", "coordinates": [ 145.263729399999988, -37.9053531 ] } },
{ "type": "Feature", "properties": { "name": "Katamatite", "premises": "Katamatite Sports and Community Hub" }, "geometry": { "type": "Point", "coordinates": [ 145.690127499999988, -36.07611382 ] } },
{ "type": "Feature", "properties": { "name": "Katandra West", "premises": "Katandra West Primary School" }, "geometry": { "type": "Point", "coordinates": [ 145.560221899999988, -36.22579589 ] } },
{ "type": "Feature", "properties": { "name": "Katunga", "premises": "Katunga Primary School" }, "geometry": { "type": "Point", "coordinates": [ 145.4553158, -35.99896567 ] } },
{ "type": "Feature", "properties": { "name": "Kealba", "premises": "St Paul's Kealba Catholic School" }, "geometry": { "type": "Point", "coordinates": [ 144.8192838, -37.73393474 ] } },
{ "type": "Feature", "properties": { "name": "Keilor", "premises": "Keilor Primary School" }, "geometry": { "type": "Point", "coordinates": [ 144.8357665, -37.7169732 ] } },
{ "type": "Feature", "properties": { "name": "Keilor Downs", "premises": "Keilor Views Primary School" }, "geometry": { "type": "Point", "coordinates": [ 144.80926740000001, -37.71779457 ] } },
{ "type": "Feature", "properties": { "name": "Keilor East", "premises": "St Peter's Parish" }, "geometry": { "type": "Point", "coordinates": [ 144.858671500000014, -37.74462964 ] } },
{ "type": "Feature", "properties": { "name": "Keilor Heights", "premises": "Keilor Heights Primary School" }, "geometry": { "type": "Point", "coordinates": [ 144.866229299999986, -37.73752928 ] } },
{ "type": "Feature", "properties": { "name": "Keilor Park", "premises": "Keilor Park Kindergarten" }, "geometry": { "type": "Point", "coordinates": [ 144.857988799999987, -37.72067379 ] } },
{ "type": "Feature", "properties": { "name": "Keilor South", "premises": "Essendon Keilor College - Keilor East Campus" }, "geometry": { "type": "Point", "coordinates": [ 144.869653699999986, -37.74005002 ] } },
{ "type": "Feature", "properties": { "name": "Kennington", "premises": "St Therese's Primary School" }, "geometry": { "type": "Point", "coordinates": [ 144.298012199999988, -36.76684215 ] } },
{ "type": "Feature", "properties": { "name": "Kensington", "premises": "Kensington Primary School" }, "geometry": { "type": "Point", "coordinates": [ 144.9276046, -37.79283902 ] } },
{ "type": "Feature", "properties": { "name": "Keon Park", "premises": "Keon Park Children's Hub" }, "geometry": { "type": "Point", "coordinates": [ 145.021625, -37.70082043 ] } },
{ "type": "Feature", "properties": { "name": "Kerang", "premises": "Kerang Memorial Hall" }, "geometry": { "type": "Point", "coordinates": [ 143.917297499999989, -35.73455519 ] } },
{ "type": "Feature", "properties": { "name": "Kerang North", "premises": "Kerang Technical High School - Thornley Hall" }, "geometry": { "type": "Point", "coordinates": [ 143.9144317, -35.72617822 ] } },
{ "type": "Feature", "properties": { "name": "Kerferd South", "premises": "Middle Park Primary School" }, "geometry": { "type": "Point", "coordinates": [ 144.9572901, -37.84791797 ] } },
{ "type": "Feature", "properties": { "name": "Kergunyah", "premises": "Kergunyah Memorial Hall" }, "geometry": { "type": "Point", "coordinates": [ 147.030327699999987, -36.32766804 ] } },
{ "type": "Feature", "properties": { "name": "Kerrimuir", "premises": "Kerrimuir Primary School" }, "geometry": { "type": "Point", "coordinates": [ 145.1345547, -37.80362286 ] } },
{ "type": "Feature", "properties": { "name": "Kew", "premises": "Kew Primary School" }, "geometry": { "type": "Point", "coordinates": [ 145.033041, -37.80470613 ] } },
{ "type": "Feature", "properties": { "name": "Kew East", "premises": "Kew East Uniting Church Hall" }, "geometry": { "type": "Point", "coordinates": [ 145.0558885, -37.79755466 ] } },
{ "type": "Feature", "properties": { "name": "Kew North", "premises": "Kew East Primary School" }, "geometry": { "type": "Point", "coordinates": [ 145.049520199999989, -37.79657137 ] } },
{ "type": "Feature", "properties": { "name": "Kew South", "premises": "Trinity Grammar School" }, "geometry": { "type": "Point", "coordinates": [ 145.034647, -37.81077934 ] } },
{ "type": "Feature", "properties": { "name": "Keysborough Gardens", "premises": "Keysborough Gardens Primary School" }, "geometry": { "type": "Point", "coordinates": [ 145.1612295, -38.00946446 ] } },
{ "type": "Feature", "properties": { "name": "Keysborough Park", "premises": "Springers Leisure Centre" }, "geometry": { "type": "Point", "coordinates": [ 145.154395, -37.99567154 ] } },
{ "type": "Feature", "properties": { "name": "Kialla", "premises": "Kialla Central Primary School" }, "geometry": { "type": "Point", "coordinates": [ 145.431681200000014, -36.45250036 ] } },
{ "type": "Feature", "properties": { "name": "Kialla West", "premises": "Kialla West Primary School" }, "geometry": { "type": "Point", "coordinates": [ 145.389735300000012, -36.46584958 ] } },
{ "type": "Feature", "properties": { "name": "Kidman", "premises": "Wangala Primary School" }, "geometry": { "type": "Point", "coordinates": [ 144.3389154, -38.18565004 ] } },
{ "type": "Feature", "properties": { "name": "Kilberry Valley", "premises": "Kilberry Valley Primary School" }, "geometry": { "type": "Point", "coordinates": [ 145.2796271, -38.03359006 ] } },
{ "type": "Feature", "properties": { "name": "Kilcunda", "premises": "Kilcunda Community Centre" }, "geometry": { "type": "Point", "coordinates": [ 145.4750541, -38.54878776 ] } },
{ "type": "Feature", "properties": { "name": "Kilmore", "premises": "Assumption College" }, "geometry": { "type": "Point", "coordinates": [ 144.947890300000012, -37.3020816 ] } },
{ "type": "Feature", "properties": { "name": "Kilsyth", "premises": "Kilsyth Primary School" }, "geometry": { "type": "Point", "coordinates": [ 145.315241500000013, -37.802131 ] } },
{ "type": "Feature", "properties": { "name": "Kilsyth South", "premises": "Gladesville Primary School" }, "geometry": { "type": "Point", "coordinates": [ 145.322864399999986, -37.81102736 ] } },
{ "type": "Feature", "properties": { "name": "Kinglake", "premises": "Kinglake Primary School" }, "geometry": { "type": "Point", "coordinates": [ 145.3560216, -37.52142059 ] } },
{ "type": "Feature", "properties": { "name": "Kinglake West", "premises": "Kinglake West Mechanics Institute Hall" }, "geometry": { "type": "Point", "coordinates": [ 145.2583069, -37.48106073 ] } },
{ "type": "Feature", "properties": { "name": "Kings Park", "premises": "Copperfield College - Kings Park Campus" }, "geometry": { "type": "Point", "coordinates": [ 144.771089, -37.73090632 ] } },
{ "type": "Feature", "properties": { "name": "Kings Park", "premises": "Copperfield College - Kings Park Campus" }, "geometry": { "type": "Point", "coordinates": [ 144.771089, -37.73090632 ] } },
{ "type": "Feature", "properties": { "name": "Kings Park", "premises": "Copperfield College - Kings Park Campus" }, "geometry": { "type": "Point", "coordinates": [ 144.771089, -37.73090632 ] } },
{ "type": "Feature", "properties": { "name": "Kingsbury", "premises": "Kingsbury Primary School" }, "geometry": { "type": "Point", "coordinates": [ 145.037335, -37.71624538 ] } },
{ "type": "Feature", "properties": { "name": "Kingsley Park", "premises": "Kingsley Park Primary School" }, "geometry": { "type": "Point", "coordinates": [ 145.157416899999987, -38.16810624 ] } },
{ "type": "Feature", "properties": { "name": "Kingston Heath", "premises": "Kingston Heath Primary School" }, "geometry": { "type": "Point", "coordinates": [ 145.079498300000012, -37.9629013 ] } },
{ "type": "Feature", "properties": { "name": "Kingsville", "premises": "Kingsville Primary School" }, "geometry": { "type": "Point", "coordinates": [ 144.8747395, -37.8125919 ] } },
{ "type": "Feature", "properties": { "name": "Kingsville South", "premises": "Wembley Primary School" }, "geometry": { "type": "Point", "coordinates": [ 144.8745051, -37.8210595 ] } },
{ "type": "Feature", "properties": { "name": "Kingsville South", "premises": "Wembley Primary School" }, "geometry": { "type": "Point", "coordinates": [ 144.8745051, -37.8210595 ] } },
{ "type": "Feature", "properties": { "name": "Kingsville West", "premises": "Kingsville Kindergarten" }, "geometry": { "type": "Point", "coordinates": [ 144.8711068, -37.80425714 ] } },
{ "type": "Feature", "properties": { "name": "Kingswood", "premises": "Chadwick Reserve Pavilion" }, "geometry": { "type": "Point", "coordinates": [ 145.119925, -37.98358755 ] } },
{ "type": "Feature", "properties": { "name": "Knight Street", "premises": "St Brendan's Primary School" }, "geometry": { "type": "Point", "coordinates": [ 145.4080973, -36.37490632 ] } },
{ "type": "Feature", "properties": { "name": "Knox", "premises": "St Joseph's Primary School" }, "geometry": { "type": "Point", "coordinates": [ 145.2749805, -37.86156387 ] } },
{ "type": "Feature", "properties": { "name": "Knox Gardens", "premises": "Knox Gardens Primary School" }, "geometry": { "type": "Point", "coordinates": [ 145.2296395, -37.88213029 ] } },
{ "type": "Feature", "properties": { "name": "Knox Park", "premises": "Knox Park Primary School" }, "geometry": { "type": "Point", "coordinates": [ 145.2512697, -37.88376319 ] } },
{ "type": "Feature", "properties": { "name": "Knoxfield North", "premises": "Kent Park Primary School" }, "geometry": { "type": "Point", "coordinates": [ 145.262625500000013, -37.88345437 ] } },
{ "type": "Feature", "properties": { "name": "Kongwak", "premises": "Kongwak Primary School" }, "geometry": { "type": "Point", "coordinates": [ 145.7129454, -38.51509099 ] } },
{ "type": "Feature", "properties": { "name": "Koo Wee Rup", "premises": "Koo Wee Rup Community Centre" }, "geometry": { "type": "Point", "coordinates": [ 145.487657, -38.20053126 ] } },
{ "type": "Feature", "properties": { "name": "Koondrook", "premises": "Barook Senior Citizens Rooms" }, "geometry": { "type": "Point", "coordinates": [ 144.1304083, -35.64125462 ] } },
{ "type": "Feature", "properties": { "name": "Koonung Heights", "premises": "Box Hill Senior Secondary College" }, "geometry": { "type": "Point", "coordinates": [ 145.1118434, -37.80916059 ] } },
{ "type": "Feature", "properties": { "name": "Koonwarra", "premises": "Koonwarra Village School" }, "geometry": { "type": "Point", "coordinates": [ 145.943719499999986, -38.54868439 ] } },
{ "type": "Feature", "properties": { "name": "Koorlong", "premises": "Koorlong Primary School" }, "geometry": { "type": "Point", "coordinates": [ 142.085243, -34.27791659 ] } },
{ "type": "Feature", "properties": { "name": "Kooyong", "premises": "Vision Australia Kooyong" }, "geometry": { "type": "Point", "coordinates": [ 145.032629, -37.83839826 ] } },
{ "type": "Feature", "properties": { "name": "Kooyong", "premises": "Vision Australia Kooyong" }, "geometry": { "type": "Point", "coordinates": [ 145.032629, -37.83839826 ] } },
{ "type": "Feature", "properties": { "name": "Koroit", "premises": "Koroit Senior Citizens Rooms" }, "geometry": { "type": "Point", "coordinates": [ 142.3674495, -38.29283408 ] } },
{ "type": "Feature", "properties": { "name": "Korumburra", "premises": "St Paul's Anglican Parish Hall" }, "geometry": { "type": "Point", "coordinates": [ 145.8226832, -38.43581698 ] } },
{ "type": "Feature", "properties": { "name": "Koyuga", "premises": "Koyuga Public Hall" }, "geometry": { "type": "Point", "coordinates": [ 144.891853200000014, -36.21881283 ] } },
{ "type": "Feature", "properties": { "name": "Kunyung", "premises": "Kunyung Primary School" }, "geometry": { "type": "Point", "coordinates": [ 145.076076199999989, -38.18695571 ] } },
{ "type": "Feature", "properties": { "name": "Kurunjang", "premises": "Kurunjang Secondary College" }, "geometry": { "type": "Point", "coordinates": [ 144.584217200000012, -37.67251135 ] } },
{ "type": "Feature", "properties": { "name": "Ky Valley", "premises": "Kyvalley Public Hall" }, "geometry": { "type": "Point", "coordinates": [ 145.005871899999988, -36.28395758 ] } },
{ "type": "Feature", "properties": { "name": "Kyabram", "premises": "Kyabram P-12 College" }, "geometry": { "type": "Point", "coordinates": [ 145.0560032, -36.3179887 ] } },
{ "type": "Feature", "properties": { "name": "Kyneton", "premises": "Kyneton Toyota Sports-Aquatic Centre" }, "geometry": { "type": "Point", "coordinates": [ 144.4583398, -37.24853966 ] } },
{ "type": "Feature", "properties": { "name": "Kyneton East", "premises": "Sacred Heart College - Kyneton" }, "geometry": { "type": "Point", "coordinates": [ 144.4570827, -37.25334241 ] } },
{ "type": "Feature", "properties": { "name": "Labertouche", "premises": "Labertouche Public Hall" }, "geometry": { "type": "Point", "coordinates": [ 145.8064666, -38.04814007 ] } },
{ "type": "Feature", "properties": { "name": "Laburnum", "premises": "Laburnum Primary School" }, "geometry": { "type": "Point", "coordinates": [ 145.138746, -37.82714176 ] } },
{ "type": "Feature", "properties": { "name": "Laharum", "premises": "Laharum Public Hall" }, "geometry": { "type": "Point", "coordinates": [ 142.32335, -36.94636 ] } },
{ "type": "Feature", "properties": { "name": "Lake Boga", "premises": "Lake Boga Community Centre" }, "geometry": { "type": "Point", "coordinates": [ 143.630242900000013, -35.46500735 ] } },
{ "type": "Feature", "properties": { "name": "Lake Bolac", "premises": "Lake Bolac Memorial Hall" }, "geometry": { "type": "Point", "coordinates": [ 142.839808799999986, -37.71321848 ] } },
{ "type": "Feature", "properties": { "name": "Lake Charm", "premises": "Lake Charm Hall" }, "geometry": { "type": "Point", "coordinates": [ 143.8024385, -35.60889104 ] } },
{ "type": "Feature", "properties": { "name": "Lake Park", "premises": "Lake Park Kindergarten" }, "geometry": { "type": "Point", "coordinates": [ 144.966561899999988, -37.73069679 ] } },
{ "type": "Feature", "properties": { "name": "Lakes Entrance", "premises": "Lakes Entrance Mechanics Institute" }, "geometry": { "type": "Point", "coordinates": [ 147.9856776, -37.88019151 ] } },
{ "type": "Feature", "properties": { "name": "Lakes Entrance East", "premises": "St Brendan's Catholic Primary School" }, "geometry": { "type": "Point", "coordinates": [ 148.0120245, -37.87341546 ] } },
{ "type": "Feature", "properties": { "name": "Lakeside East", "premises": "Lakeside Lutheran College" }, "geometry": { "type": "Point", "coordinates": [ 145.454042500000014, -38.06532355 ] } },
{ "type": "Feature", "properties": { "name": "Lalbert", "premises": "Lalbert Community Centre" }, "geometry": { "type": "Point", "coordinates": [ 143.3775724, -35.67176047 ] } },
{ "type": "Feature", "properties": { "name": "Lalor", "premises": "Lalor Secondary College" }, "geometry": { "type": "Point", "coordinates": [ 145.0311118, -37.67190354 ] } },
{ "type": "Feature", "properties": { "name": "Lalor East", "premises": "Lalor East Primary School" }, "geometry": { "type": "Point", "coordinates": [ 145.035507599999988, -37.67667434 ] } },
{ "type": "Feature", "properties": { "name": "Lalor North", "premises": "Lalor North Primary School" }, "geometry": { "type": "Point", "coordinates": [ 145.028276799999986, -37.66355513 ] } },
{ "type": "Feature", "properties": { "name": "Lalor North East", "premises": "Lalor North Secondary College" }, "geometry": { "type": "Point", "coordinates": [ 145.034061799999989, -37.66101308 ] } },
{ "type": "Feature", "properties": { "name": "Lalor North East", "premises": "Lalor North Secondary College" }, "geometry": { "type": "Point", "coordinates": [ 145.034061799999989, -37.66101308 ] } },
{ "type": "Feature", "properties": { "name": "Lalor Park", "premises": "Peter Lalor Secondary College" }, "geometry": { "type": "Point", "coordinates": [ 145.012749500000012, -37.66673095 ] } },
{ "type": "Feature", "properties": { "name": "Lalor South", "premises": "Barry Road Community Activity Centre" }, "geometry": { "type": "Point", "coordinates": [ 144.9975632, -37.67160859 ] } },
{ "type": "Feature", "properties": { "name": "Lalor West", "premises": "Lalor Gardens Primary School" }, "geometry": { "type": "Point", "coordinates": [ 145.0010641, -37.66374452 ] } },
{ "type": "Feature", "properties": { "name": "Lancaster", "premises": "Lancaster Primary School" }, "geometry": { "type": "Point", "coordinates": [ 145.132175100000012, -36.31334495 ] } },
{ "type": "Feature", "properties": { "name": "Lancefield", "premises": "Lancefield Primary School" }, "geometry": { "type": "Point", "coordinates": [ 144.7263166, -37.27468739 ] } },
{ "type": "Feature", "properties": { "name": "Landcox", "premises": "Gardenvale Primary School - Senior School Campus" }, "geometry": { "type": "Point", "coordinates": [ 145.0153618, -37.90223592 ] } },
{ "type": "Feature", "properties": { "name": "Landsborough", "premises": "Landsborough Public Hall" }, "geometry": { "type": "Point", "coordinates": [ 143.13401, -37.00888 ] } },
{ "type": "Feature", "properties": { "name": "Lang Lang", "premises": "Lang Lang Primary School" }, "geometry": { "type": "Point", "coordinates": [ 145.5694559, -38.26305261 ] } },
{ "type": "Feature", "properties": { "name": "Langwarrin", "premises": "Elisabeth Murdoch College" }, "geometry": { "type": "Point", "coordinates": [ 145.190227, -38.15837242 ] } },
{ "type": "Feature", "properties": { "name": "Langwarrin Hall", "premises": "Langwarrin Public Hall" }, "geometry": { "type": "Point", "coordinates": [ 145.1918502, -38.15170737 ] } },
{ "type": "Feature", "properties": { "name": "Langwarrin Park", "premises": "Langwarrin Park Primary School" }, "geometry": { "type": "Point", "coordinates": [ 145.2026878, -38.15080605 ] } },
{ "type": "Feature", "properties": { "name": "Lara", "premises": "Lara Community Centre" }, "geometry": { "type": "Point", "coordinates": [ 144.4097782, -38.02220605 ] } },
{ "type": "Feature", "properties": { "name": "Lara Central", "premises": "Lara Hall" }, "geometry": { "type": "Point", "coordinates": [ 144.397692799999987, -38.02203602 ] } },
{ "type": "Feature", "properties": { "name": "Lara Lake", "premises": "Lara Lake Primary School" }, "geometry": { "type": "Point", "coordinates": [ 144.395989, -38.03040545 ] } },
{ "type": "Feature", "properties": { "name": "Launching Place", "premises": "Launching Place Primary School" }, "geometry": { "type": "Point", "coordinates": [ 145.5709402, -37.78268084 ] } },
{ "type": "Feature", "properties": { "name": "Laurimar", "premises": "Laurimar Primary School" }, "geometry": { "type": "Point", "coordinates": [ 145.128068, -37.58595322 ] } },
{ "type": "Feature", "properties": { "name": "Lavers Hill", "premises": "Lavers Hill Public Hall" }, "geometry": { "type": "Point", "coordinates": [ 143.387079199999988, -38.68261783 ] } },
{ "type": "Feature", "properties": { "name": "Laverton", "premises": "Laverton Community Hub" }, "geometry": { "type": "Point", "coordinates": [ 144.7687544, -37.86522263 ] } },
{ "type": "Feature", "properties": { "name": "Laverton North", "premises": "Laverton P-12 College" }, "geometry": { "type": "Point", "coordinates": [ 144.7713449, -37.8572475 ] } },
{ "type": "Feature", "properties": { "name": "Learmonth", "premises": "Learmonth Football and Netball Club" }, "geometry": { "type": "Point", "coordinates": [ 143.712885699999987, -37.42158313 ] } },
{ "type": "Feature", "properties": { "name": "Leitchville", "premises": "Leitchville Primary School" }, "geometry": { "type": "Point", "coordinates": [ 144.3022848, -35.90879086 ] } },
{ "type": "Feature", "properties": { "name": "Lemnos", "premises": "Lemnos Primary School" }, "geometry": { "type": "Point", "coordinates": [ 145.4625847, -36.35777963 ] } },
{ "type": "Feature", "properties": { "name": "Leongatha", "premises": "Dakers Centre" }, "geometry": { "type": "Point", "coordinates": [ 145.9423935, -38.47722563 ] } },
{ "type": "Feature", "properties": { "name": "Leongatha East", "premises": "Leongatha Secondary College" }, "geometry": { "type": "Point", "coordinates": [ 145.957166300000011, -38.47961624 ] } },
{ "type": "Feature", "properties": { "name": "Leongatha South", "premises": "Leongatha South and District Community Centre" }, "geometry": { "type": "Point", "coordinates": [ 145.8803373, -38.52981329 ] } },
{ "type": "Feature", "properties": { "name": "Leopold", "premises": "LINC Stadium (Leopold Primary School)" }, "geometry": { "type": "Point", "coordinates": [ 144.4644283, -38.1880715 ] } },
{ "type": "Feature", "properties": { "name": "Lethbridge", "premises": "Lethbridge Public Hall" }, "geometry": { "type": "Point", "coordinates": [ 144.1341467, -37.96610869 ] } },
{ "type": "Feature", "properties": { "name": "Lexton", "premises": "Lexton Community Centre" }, "geometry": { "type": "Point", "coordinates": [ 143.514501700000011, -37.27494498 ] } },
{ "type": "Feature", "properties": { "name": "Lillico", "premises": "Nilma North and Lillico Memorial Hall" }, "geometry": { "type": "Point", "coordinates": [ 145.9859324, -38.13224215 ] } },
{ "type": "Feature", "properties": { "name": "Lilydale", "premises": "Lilydale Primary School" }, "geometry": { "type": "Point", "coordinates": [ 145.3540787, -37.75394185 ] } },
{ "type": "Feature", "properties": { "name": "Lilydale Heights", "premises": "Lilydale Heights College" }, "geometry": { "type": "Point", "coordinates": [ 145.341416, -37.7460891 ] } },
{ "type": "Feature", "properties": { "name": "Lilydale Lake", "premises": "Lilydale Baptist Church" }, "geometry": { "type": "Point", "coordinates": [ 145.3626999, -37.77683046 ] } },
{ "type": "Feature", "properties": { "name": "Lilydale West", "premises": "Victoria Roads Primary School" }, "geometry": { "type": "Point", "coordinates": [ 145.33684310000001, -37.75622127 ] } },
{ "type": "Feature", "properties": { "name": "Lincoln", "premises": "Croydon Community School" }, "geometry": { "type": "Point", "coordinates": [ 145.2806507, -37.78985756 ] } },
{ "type": "Feature", "properties": { "name": "Lindenow", "premises": "Lindenow Pre-School" }, "geometry": { "type": "Point", "coordinates": [ 147.4565694, -37.80002044 ] } },
{ "type": "Feature", "properties": { "name": "Linton", "premises": "Linton Recreation Reserve" }, "geometry": { "type": "Point", "coordinates": [ 143.56666, -37.68403 ] } },
{ "type": "Feature", "properties": { "name": "Lismore", "premises": "Lismore Primary School" }, "geometry": { "type": "Point", "coordinates": [ 143.3394101, -37.95433857 ] } },
{ "type": "Feature", "properties": { "name": "Little River", "premises": "Little River Primary School" }, "geometry": { "type": "Point", "coordinates": [ 144.50108560000001, -37.96450841 ] } },
{ "type": "Feature", "properties": { "name": "Loch", "premises": "Loch Public Hall" }, "geometry": { "type": "Point", "coordinates": [ 145.707391, -38.36980833 ] } },
{ "type": "Feature", "properties": { "name": "Loch Sport", "premises": "Loch Sport Community House" }, "geometry": { "type": "Point", "coordinates": [ 147.59980680000001, -38.0339645 ] } },
{ "type": "Feature", "properties": { "name": "Lockington", "premises": "Lockington Community Centre" }, "geometry": { "type": "Point", "coordinates": [ 144.5368693, -36.26907357 ] } },
{ "type": "Feature", "properties": { "name": "Lockwood", "premises": "Lockwood Primary School" }, "geometry": { "type": "Point", "coordinates": [ 144.1614906, -36.80285779 ] } },
{ "type": "Feature", "properties": { "name": "Longford", "premises": "Longford Primary School" }, "geometry": { "type": "Point", "coordinates": [ 147.0880553, -38.16960583 ] } },
{ "type": "Feature", "properties": { "name": "Longwarry", "premises": "Longwarry Public Hall" }, "geometry": { "type": "Point", "coordinates": [ 145.7675968, -38.11388033 ] } },
{ "type": "Feature", "properties": { "name": "Longwood", "premises": "Longwood Community Centre" }, "geometry": { "type": "Point", "coordinates": [ 145.4236713, -36.80447276 ] } },
{ "type": "Feature", "properties": { "name": "Lorne", "premises": "Lorne Community Connect" }, "geometry": { "type": "Point", "coordinates": [ 143.9734346, -38.53696647 ] } },
{ "type": "Feature", "properties": { "name": "Lower Plenty", "premises": "Lower Plenty Primary School" }, "geometry": { "type": "Point", "coordinates": [ 145.1155517, -37.7266002 ] } },
{ "type": "Feature", "properties": { "name": "Lower Templestowe", "premises": "Bulleen Heights School - Manningham Road Campus" }, "geometry": { "type": "Point", "coordinates": [ 145.1048216, -37.77223366 ] } },
{ "type": "Feature", "properties": { "name": "Loxwood", "premises": "Resurrection Primary School" }, "geometry": { "type": "Point", "coordinates": [ 145.163398, -37.98930748 ] } },
{ "type": "Feature", "properties": { "name": "Loxwood", "premises": "Resurrection Primary School" }, "geometry": { "type": "Point", "coordinates": [ 145.163398, -37.98930748 ] } },
{ "type": "Feature", "properties": { "name": "Lucas", "premises": "Lucas Primary School" }, "geometry": { "type": "Point", "coordinates": [ 143.7810072, -37.54814326 ] } },
{ "type": "Feature", "properties": { "name": "Lucas", "premises": "Lucas Primary School" }, "geometry": { "type": "Point", "coordinates": [ 143.7810072, -37.54814326 ] } },
{ "type": "Feature", "properties": { "name": "Lucknow", "premises": "Bairnsdale Baptist Church" }, "geometry": { "type": "Point", "coordinates": [ 147.6544585, -37.81943492 ] } },
{ "type": "Feature", "properties": { "name": "Lucknow West", "premises": "Lucknow Primary School" }, "geometry": { "type": "Point", "coordinates": [ 147.63037, -37.8137976 ] } },
{ "type": "Feature", "properties": { "name": "Ludstone", "premises": "Ludstone Scout Hall" }, "geometry": { "type": "Point", "coordinates": [ 145.01292620000001, -37.9341046 ] } },
{ "type": "Feature", "properties": { "name": "Lurg", "premises": "Lurg Public Hall" }, "geometry": { "type": "Point", "coordinates": [ 146.1261274, -36.58192208 ] } },
{ "type": "Feature", "properties": { "name": "Lynbrook", "premises": "Lynbrook Primary School" }, "geometry": { "type": "Point", "coordinates": [ 145.249109299999986, -38.0523999 ] } },
{ "type": "Feature", "properties": { "name": "Lyndale", "premises": "Lyndale Secondary College" }, "geometry": { "type": "Point", "coordinates": [ 145.206258600000012, -37.95656617 ] } },
{ "type": "Feature", "properties": { "name": "Lyndale", "premises": "Lyndale Secondary College" }, "geometry": { "type": "Point", "coordinates": [ 145.206258600000012, -37.95656617 ] } },
{ "type": "Feature", "properties": { "name": "Lyndhurst", "premises": "Lyndhurst Secondary College" }, "geometry": { "type": "Point", "coordinates": [ 145.2695905, -38.07409491 ] } },
{ "type": "Feature", "properties": { "name": "Lyndhurst", "premises": "Lyndhurst Secondary College" }, "geometry": { "type": "Point", "coordinates": [ 145.2695905, -38.07409491 ] } },
{ "type": "Feature", "properties": { "name": "Lyndhurst West", "premises": "Lyndhurst Primary School" }, "geometry": { "type": "Point", "coordinates": [ 145.254562099999987, -38.07394245 ] } },
{ "type": "Feature", "properties": { "name": "Lyrebird", "premises": "Lyrebird Community Centre" }, "geometry": { "type": "Point", "coordinates": [ 145.187025799999986, -38.10295376 ] } },
{ "type": "Feature", "properties": { "name": "Lysterfield", "premises": "Lysterfield Primary School" }, "geometry": { "type": "Point", "coordinates": [ 145.276154, -37.91155435 ] } },
{ "type": "Feature", "properties": { "name": "Macarthur", "premises": "Macarthur Primary School" }, "geometry": { "type": "Point", "coordinates": [ 142.001495, -38.03077136 ] } },
{ "type": "Feature", "properties": { "name": "Macclesfield", "premises": "Macclesfield Primary School" }, "geometry": { "type": "Point", "coordinates": [ 145.4755008, -37.88972291 ] } },
{ "type": "Feature", "properties": { "name": "Macedon", "premises": "Macedon Primary School" }, "geometry": { "type": "Point", "coordinates": [ 144.5634875, -37.41870064 ] } },
{ "type": "Feature", "properties": { "name": "Macleod", "premises": "Macleod College" }, "geometry": { "type": "Point", "coordinates": [ 145.0709333, -37.72554128 ] } },
{ "type": "Feature", "properties": { "name": "Macleod", "premises": "Macleod College" }, "geometry": { "type": "Point", "coordinates": [ 145.0709333, -37.72554128 ] } },
{ "type": "Feature", "properties": { "name": "Maffra", "premises": "Maffra Uniting Church Hall" }, "geometry": { "type": "Point", "coordinates": [ 146.9775841, -37.96513261 ] } },
{ "type": "Feature", "properties": { "name": "Magpie", "premises": "Magpie Primary School" }, "geometry": { "type": "Point", "coordinates": [ 143.8434561, -37.61637476 ] } },
{ "type": "Feature", "properties": { "name": "Maiden Gully", "premises": "Maiden Gully Primary School" }, "geometry": { "type": "Point", "coordinates": [ 144.210066, -36.74364279 ] } },
{ "type": "Feature", "properties": { "name": "Maidstone", "premises": "Footscray North Primary School" }, "geometry": { "type": "Point", "coordinates": [ 144.8835095, -37.78716182 ] } },
{ "type": "Feature", "properties": { "name": "Maidstone West", "premises": "Maidstone Child and Family Centre" }, "geometry": { "type": "Point", "coordinates": [ 144.8728652, -37.78687665 ] } },
{ "type": "Feature", "properties": { "name": "Mailors Flat", "premises": "Mailors Flat Hall" }, "geometry": { "type": "Point", "coordinates": [ 142.4733015, -38.29093032 ] } },
{ "type": "Feature", "properties": { "name": "Maldon", "premises": "Maldon Community Centre" }, "geometry": { "type": "Point", "coordinates": [ 144.0688841, -36.99590473 ] } },
{ "type": "Feature", "properties": { "name": "Mallacoota", "premises": "Miva Miva Centre" }, "geometry": { "type": "Point", "coordinates": [ 149.7500782, -37.55893489 ] } },
{ "type": "Feature", "properties": { "name": "Malmsbury", "premises": "Malmsbury Primary School" }, "geometry": { "type": "Point", "coordinates": [ 144.3867725, -37.18726962 ] } },
{ "type": "Feature", "properties": { "name": "Malvern", "premises": "Malvern Central School" }, "geometry": { "type": "Point", "coordinates": [ 145.0343077, -37.85623389 ] } },
{ "type": "Feature", "properties": { "name": "Malvern Central", "premises": "Korean Church of Melbourne" }, "geometry": { "type": "Point", "coordinates": [ 145.0325961, -37.86706803 ] } },
{ "type": "Feature", "properties": { "name": "Malvern East", "premises": "Lloyd Street Primary School" }, "geometry": { "type": "Point", "coordinates": [ 145.0565536, -37.87281774 ] } },
{ "type": "Feature", "properties": { "name": "Malvern Lower", "premises": "Lauriston Girls School" }, "geometry": { "type": "Point", "coordinates": [ 145.0247425, -37.85261452 ] } },
{ "type": "Feature", "properties": { "name": "Malvern South", "premises": "Malvern Primary School" }, "geometry": { "type": "Point", "coordinates": [ 145.038666, -37.87100724 ] } },
{ "type": "Feature", "properties": { "name": "Manangatang", "premises": "Manangatang Community Centre" }, "geometry": { "type": "Point", "coordinates": [ 142.882708900000011, -35.05712677 ] } },
{ "type": "Feature", "properties": { "name": "Manchester", "premises": "Manchester Primary School" }, "geometry": { "type": "Point", "coordinates": [ 145.3099075, -37.77152212 ] } },
{ "type": "Feature", "properties": { "name": "Manchester", "premises": "Manchester Primary School" }, "geometry": { "type": "Point", "coordinates": [ 145.3099075, -37.77152212 ] } },
{ "type": "Feature", "properties": { "name": "Mandama", "premises": "Mandama Primary School" }, "geometry": { "type": "Point", "coordinates": [ 144.327046, -38.19991862 ] } },
{ "type": "Feature", "properties": { "name": "Mandurang", "premises": "Mandurang Public Hall" }, "geometry": { "type": "Point", "coordinates": [ 144.3029129, -36.82648979 ] } },
{ "type": "Feature", "properties": { "name": "Manifold Heights", "premises": "Manifold Heights Primary School" }, "geometry": { "type": "Point", "coordinates": [ 144.3340466, -38.13656808 ] } },
{ "type": "Feature", "properties": { "name": "Manifold Heights West", "premises": "Western Heights Uniting Church" }, "geometry": { "type": "Point", "coordinates": [ 144.326864199999989, -38.13215361 ] } },
{ "type": "Feature", "properties": { "name": "Manningham", "premises": "St Clement of Rome Primary School" }, "geometry": { "type": "Point", "coordinates": [ 145.0909781, -37.76772461 ] } },
{ "type": "Feature", "properties": { "name": "Manooka", "premises": "Burwood East Special Developmental School" }, "geometry": { "type": "Point", "coordinates": [ 145.1417695, -37.85711894 ] } },
{ "type": "Feature", "properties": { "name": "Manor Lakes", "premises": "Manor Lakes P-12 Specialist College" }, "geometry": { "type": "Point", "coordinates": [ 144.601510100000013, -37.8739061 ] } },
{ "type": "Feature", "properties": { "name": "Manorvale", "premises": "Manorvale Primary School" }, "geometry": { "type": "Point", "coordinates": [ 144.645246, -37.8935401 ] } },
{ "type": "Feature", "properties": { "name": "Mansfield", "premises": "Mansfield Sporting Complex" }, "geometry": { "type": "Point", "coordinates": [ 146.086914799999988, -37.05519447 ] } },
{ "type": "Feature", "properties": { "name": "Maralinga", "premises": "Chandler Park Primary School" }, "geometry": { "type": "Point", "coordinates": [ 145.1804773, -37.99254771 ] } },
{ "type": "Feature", "properties": { "name": "Maramba", "premises": "Maramba Primary School" }, "geometry": { "type": "Point", "coordinates": [ 145.3024648, -38.00375025 ] } },
{ "type": "Feature", "properties": { "name": "Maribyrnong River", "premises": "Maribyrnong Community Centre" }, "geometry": { "type": "Point", "coordinates": [ 144.887638900000013, -37.76685557 ] } },
{ "type": "Feature", "properties": { "name": "Marlo", "premises": "Marlo Primary School" }, "geometry": { "type": "Point", "coordinates": [ 148.5347515, -37.79661795 ] } },
{ "type": "Feature", "properties": { "name": "Marnoo", "premises": "Marnoo Primary School" }, "geometry": { "type": "Point", "coordinates": [ 142.870411100000013, -36.6765048 ] } },
{ "type": "Feature", "properties": { "name": "Marong", "premises": "Marong Community Centre" }, "geometry": { "type": "Point", "coordinates": [ 144.1330357, -36.73356853 ] } },
{ "type": "Feature", "properties": { "name": "Maryborough", "premises": "Genesis Church" }, "geometry": { "type": "Point", "coordinates": [ 143.7356862, -37.04492008 ] } },
{ "type": "Feature", "properties": { "name": "Maryborough East", "premises": "Highview College" }, "geometry": { "type": "Point", "coordinates": [ 143.7356028, -37.053332 ] } },
{ "type": "Feature", "properties": { "name": "Maryknoll", "premises": "Father Pooley Memorial Hall" }, "geometry": { "type": "Point", "coordinates": [ 145.601868200000013, -38.03250498 ] } },
{ "type": "Feature", "properties": { "name": "Marymeade", "premises": "Marymede Catholic College" }, "geometry": { "type": "Point", "coordinates": [ 145.0924263, -37.64273288 ] } },
{ "type": "Feature", "properties": { "name": "Marysville", "premises": "Marysville Primary School" }, "geometry": { "type": "Point", "coordinates": [ 145.7492039, -37.51226844 ] } },
{ "type": "Feature", "properties": { "name": "McCrae", "premises": "St Katherine's Anglican Hall" }, "geometry": { "type": "Point", "coordinates": [ 144.9292648, -38.3501614 ] } },
{ "type": "Feature", "properties": { "name": "McKinnon", "premises": "McKinnon Public Hall" }, "geometry": { "type": "Point", "coordinates": [ 145.035877199999987, -37.910842 ] } },
{ "type": "Feature", "properties": { "name": "McKinnon East", "premises": "McKinnon Secondary College" }, "geometry": { "type": "Point", "coordinates": [ 145.049344499999989, -37.91240108 ] } },
{ "type": "Feature", "properties": { "name": "Meadow Glen", "premises": "Mill Park Secondary College - Senior Campus" }, "geometry": { "type": "Point", "coordinates": [ 145.062223, -37.64461317 ] } },
{ "type": "Feature", "properties": { "name": "Meadow Heights", "premises": "Meadow Heights Primary School" }, "geometry": { "type": "Point", "coordinates": [ 144.9230154, -37.65022319 ] } },
{ "type": "Feature", "properties": { "name": "Meeniyan", "premises": "Meeniyan Primary School" }, "geometry": { "type": "Point", "coordinates": [ 146.0155512, -38.57911009 ] } },
{ "type": "Feature", "properties": { "name": "Melbourne", "premises": "The Scots' Church Melbourne" }, "geometry": { "type": "Point", "coordinates": [ 144.9684546, -37.81477421 ] } },
{ "type": "Feature", "properties": { "name": "Melton", "premises": "Melton Primary School" }, "geometry": { "type": "Point", "coordinates": [ 144.5877257, -37.68050954 ] } },
{ "type": "Feature", "properties": { "name": "Melton Central", "premises": "Melton Community Hall" }, "geometry": { "type": "Point", "coordinates": [ 144.5865152, -37.68166876 ] } },
{ "type": "Feature", "properties": { "name": "Melton South", "premises": "Melton South Primary School" }, "geometry": { "type": "Point", "coordinates": [ 144.5749247, -37.70906281 ] } },
{ "type": "Feature", "properties": { "name": "Melton West", "premises": "Melton Secondary College" }, "geometry": { "type": "Point", "coordinates": [ 144.5683866, -37.68144471 ] } },
{ "type": "Feature", "properties": { "name": "Melville", "premises": "St Joseph's School Hall (Brunswick West)" }, "geometry": { "type": "Point", "coordinates": [ 144.9433679, -37.76232605 ] } },
{ "type": "Feature", "properties": { "name": "Melville", "premises": "St Joseph's School Hall (Brunswick West)" }, "geometry": { "type": "Point", "coordinates": [ 144.9433679, -37.76232605 ] } },
{ "type": "Feature", "properties": { "name": "Mentone", "premises": "Kilbreda College" }, "geometry": { "type": "Point", "coordinates": [ 145.0649324, -37.98433333 ] } },
{ "type": "Feature", "properties": { "name": "Mentone", "premises": "Kilbreda College" }, "geometry": { "type": "Point", "coordinates": [ 145.0649324, -37.98433333 ] } },
{ "type": "Feature", "properties": { "name": "Mentone North", "premises": "Mentone Scout Hall" }, "geometry": { "type": "Point", "coordinates": [ 145.0755644, -37.97875008 ] } },
{ "type": "Feature", "properties": { "name": "Mentone Park", "premises": "Mentone Park Primary School" }, "geometry": { "type": "Point", "coordinates": [ 145.0831815, -37.98016022 ] } },
{ "type": "Feature", "properties": { "name": "Mentone West", "premises": "Mentone Girls Secondary College" }, "geometry": { "type": "Point", "coordinates": [ 145.0547616, -37.98011753 ] } },
{ "type": "Feature", "properties": { "name": "Menzies Creek", "premises": "Menzies Creek Primary School" }, "geometry": { "type": "Point", "coordinates": [ 145.394013, -37.91700421 ] } },
{ "type": "Feature", "properties": { "name": "Merbein", "premises": "Merbein Community Hub" }, "geometry": { "type": "Point", "coordinates": [ 142.0584843, -34.1673951 ] } },
{ "type": "Feature", "properties": { "name": "Meredith", "premises": "Meredith Memorial Hall" }, "geometry": { "type": "Point", "coordinates": [ 144.071372, -37.84525022 ] } },
{ "type": "Feature", "properties": { "name": "Merino", "premises": "Merino Consolidated School" }, "geometry": { "type": "Point", "coordinates": [ 141.5486886, -37.70660731 ] } },
{ "type": "Feature", "properties": { "name": "Merlynston", "premises": "Merlynston Progress Hall" }, "geometry": { "type": "Point", "coordinates": [ 144.9595208, -37.71985703 ] } },
{ "type": "Feature", "properties": { "name": "Mernda", "premises": "Mernda Primary School" }, "geometry": { "type": "Point", "coordinates": [ 145.0914161, -37.59296412 ] } },
{ "type": "Feature", "properties": { "name": "Mernda Central", "premises": "Mernda Central P-12 College" }, "geometry": { "type": "Point", "coordinates": [ 145.088212, -37.60502816 ] } },
{ "type": "Feature", "properties": { "name": "Mernda Park", "premises": "Mernda Park Primary School" }, "geometry": { "type": "Point", "coordinates": [ 145.0957357, -37.61485691 ] } },
{ "type": "Feature", "properties": { "name": "Mernda Park", "premises": "Mernda Park Primary School" }, "geometry": { "type": "Point", "coordinates": [ 145.0957357, -37.61485691 ] } },
{ "type": "Feature", "properties": { "name": "Merri", "premises": "Merri Creek Primary School" }, "geometry": { "type": "Point", "coordinates": [ 144.9872341, -37.77688162 ] } },
{ "type": "Feature", "properties": { "name": "Merrigum", "premises": "Merrigum Primary School" }, "geometry": { "type": "Point", "coordinates": [ 145.130201199999988, -36.36931359 ] } },
{ "type": "Feature", "properties": { "name": "Merrijig", "premises": "Merrijig Primary School" }, "geometry": { "type": "Point", "coordinates": [ 146.2577896, -37.10300391 ] } },
{ "type": "Feature", "properties": { "name": "Merrilands", "premises": "William Ruthven Secondary College" }, "geometry": { "type": "Point", "coordinates": [ 145.0039386, -37.69492095 ] } },
{ "type": "Feature", "properties": { "name": "Merton", "premises": "Merton Memorial Hall" }, "geometry": { "type": "Point", "coordinates": [ 145.70926, -36.97649 ] } },
{ "type": "Feature", "properties": { "name": "Metung", "premises": "Metung Primary School" }, "geometry": { "type": "Point", "coordinates": [ 147.8526047, -37.88328525 ] } },
{ "type": "Feature", "properties": { "name": "Mickleham", "premises": "Newbury Primary School" }, "geometry": { "type": "Point", "coordinates": [ 144.9094771, -37.57046568 ] } },
{ "type": "Feature", "properties": { "name": "Mickleham North", "premises": "Gaayip-Yagila Primary School" }, "geometry": { "type": "Point", "coordinates": [ 144.910214700000012, -37.52728115 ] } },
{ "type": "Feature", "properties": { "name": "Middle Brighton", "premises": "Firbank Grammar Junior School" }, "geometry": { "type": "Point", "coordinates": [ 144.9973545, -37.90728344 ] } },
{ "type": "Feature", "properties": { "name": "Middle Park", "premises": "Middle Park Bowling Club" }, "geometry": { "type": "Point", "coordinates": [ 144.965213799999987, -37.84954486 ] } },
{ "type": "Feature", "properties": { "name": "Middlefield", "premises": "Old Orchard Primary School" }, "geometry": { "type": "Point", "coordinates": [ 145.150205699999987, -37.80705984 ] } },
{ "type": "Feature", "properties": { "name": "Milawa", "premises": "Milawa Primary School" }, "geometry": { "type": "Point", "coordinates": [ 146.432423699999987, -36.44425407 ] } },
{ "type": "Feature", "properties": { "name": "Mildura", "premises": "Salvation Army Church" }, "geometry": { "type": "Point", "coordinates": [ 142.1560895, -34.2060035 ] } },
{ "type": "Feature", "properties": { "name": "Mildura City Central", "premises": "Mildura Church of Christ" }, "geometry": { "type": "Point", "coordinates": [ 142.1585627, -34.1877803 ] } },
{ "type": "Feature", "properties": { "name": "Mildura Deakin", "premises": "Chaffey Secondary College - Assembly Hall" }, "geometry": { "type": "Point", "coordinates": [ 142.147064199999988, -34.19633428 ] } },
{ "type": "Feature", "properties": { "name": "Mildura Ranfurly", "premises": "Ranfurly Primary School" }, "geometry": { "type": "Point", "coordinates": [ 142.133152700000011, -34.19321933 ] } },
{ "type": "Feature", "properties": { "name": "Mildura South", "premises": "Mildura South Primary School" }, "geometry": { "type": "Point", "coordinates": [ 142.1271446, -34.21282949 ] } },
{ "type": "Feature", "properties": { "name": "Mildura West", "premises": "Mildura West Primary School" }, "geometry": { "type": "Point", "coordinates": [ 142.1513075, -34.18017927 ] } },
{ "type": "Feature", "properties": { "name": "Milgate", "premises": "Milgate Primary School" }, "geometry": { "type": "Point", "coordinates": [ 145.1750619, -37.7736094 ] } },
{ "type": "Feature", "properties": { "name": "Mill Park", "premises": "Mill Park Primary School" }, "geometry": { "type": "Point", "coordinates": [ 145.0658668, -37.67476733 ] } },
{ "type": "Feature", "properties": { "name": "Mill Park Heights", "premises": "Mill Park Heights Primary School" }, "geometry": { "type": "Point", "coordinates": [ 145.0517704, -37.65720263 ] } },
{ "type": "Feature", "properties": { "name": "Millgrove", "premises": "Millwarra Primary School (Millgrove Campus)" }, "geometry": { "type": "Point", "coordinates": [ 145.651588800000013, -37.7527588 ] } },
{ "type": "Feature", "properties": { "name": "Miners Rest", "premises": "Miners Rest Primary School" }, "geometry": { "type": "Point", "coordinates": [ 143.795041, -37.47795248 ] } },
{ "type": "Feature", "properties": { "name": "Minyip", "premises": "Minyip Memorial Hall" }, "geometry": { "type": "Point", "coordinates": [ 142.586465299999986, -36.46017794 ] } },
{ "type": "Feature", "properties": { "name": "Mirboo North", "premises": "Mirboo North Town Hall" }, "geometry": { "type": "Point", "coordinates": [ 146.1549005, -38.40074054 ] } },
{ "type": "Feature", "properties": { "name": "Mitcham", "premises": "Mitcham Uniting Church Hall" }, "geometry": { "type": "Point", "coordinates": [ 145.1962735, -37.81525059 ] } },
{ "type": "Feature", "properties": { "name": "Mitcham South", "premises": "Rangeview Primary School" }, "geometry": { "type": "Point", "coordinates": [ 145.2062518, -37.82964492 ] } },
{ "type": "Feature", "properties": { "name": "Mitcham South", "premises": "Rangeview Primary School" }, "geometry": { "type": "Point", "coordinates": [ 145.2062518, -37.82964492 ] } },
{ "type": "Feature", "properties": { "name": "Mitchell", "premises": "Thomas Mitchell Primary School" }, "geometry": { "type": "Point", "coordinates": [ 145.2737546, -37.98067797 ] } },
{ "type": "Feature", "properties": { "name": "Mitchell Street", "premises": "St Margaret Mary's Church Hall" }, "geometry": { "type": "Point", "coordinates": [ 144.9683311, -37.75813499 ] } },
{ "type": "Feature", "properties": { "name": "Moe", "premises": "Albert Street Primary School" }, "geometry": { "type": "Point", "coordinates": [ 146.265248500000013, -38.17435833 ] } },
{ "type": "Feature", "properties": { "name": "Moe Central", "premises": "Baringa Special School" }, "geometry": { "type": "Point", "coordinates": [ 146.2574033, -38.19151129 ] } },
{ "type": "Feature", "properties": { "name": "Moe West", "premises": "St Kieran's School Hall" }, "geometry": { "type": "Point", "coordinates": [ 146.2541929, -38.17944014 ] } },
{ "type": "Feature", "properties": { "name": "Monash East", "premises": "Notting Hill Neighbourhood House" }, "geometry": { "type": "Point", "coordinates": [ 145.1493787, -37.90637215 ] } },
{ "type": "Feature", "properties": { "name": "Monbulk Central", "premises": "Monbulk Community Hub" }, "geometry": { "type": "Point", "coordinates": [ 145.40937310000001, -37.87584429 ] } },
{ "type": "Feature", "properties": { "name": "Monmia", "premises": "Monmia Primary School" }, "geometry": { "type": "Point", "coordinates": [ 144.792746599999987, -37.71651508 ] } },
{ "type": "Feature", "properties": { "name": "Mont Albert", "premises": "Mont Albert Primary School" }, "geometry": { "type": "Point", "coordinates": [ 145.1038265, -37.81303403 ] } },
{ "type": "Feature", "properties": { "name": "Montmorency", "premises": "Montmorency Primary School" }, "geometry": { "type": "Point", "coordinates": [ 145.121743400000014, -37.71743363 ] } },
{ "type": "Feature", "properties": { "name": "Montmorency South", "premises": "Montmorency South Primary School" }, "geometry": { "type": "Point", "coordinates": [ 145.1291058, -37.72445044 ] } },
{ "type": "Feature", "properties": { "name": "Montrose", "premises": "Montrose Primary School" }, "geometry": { "type": "Point", "coordinates": [ 145.344587, -37.80797881 ] } },
{ "type": "Feature", "properties": { "name": "Montrose South", "premises": "Billanook Primary School" }, "geometry": { "type": "Point", "coordinates": [ 145.3394193, -37.82488135 ] } },
{ "type": "Feature", "properties": { "name": "Moolap", "premises": "Moolap Primary School" }, "geometry": { "type": "Point", "coordinates": [ 144.4239928, -38.17052557 ] } },
{ "type": "Feature", "properties": { "name": "Moomba Park", "premises": "Moomba Park Primary School" }, "geometry": { "type": "Point", "coordinates": [ 144.967121100000014, -37.69568847 ] } },
{ "type": "Feature", "properties": { "name": "Moonambel", "premises": "Moonambel State Primary School" }, "geometry": { "type": "Point", "coordinates": [ 143.3210201, -36.98958595 ] } },
{ "type": "Feature", "properties": { "name": "Moonee Ponds", "premises": "Lowther Hall Anglican Grammar School" }, "geometry": { "type": "Point", "coordinates": [ 144.9157437, -37.75877829 ] } },
{ "type": "Feature", "properties": { "name": "Moonee Ponds Central", "premises": "Moonee Ponds Primary School" }, "geometry": { "type": "Point", "coordinates": [ 144.9327361, -37.76254986 ] } },
{ "type": "Feature", "properties": { "name": "Moonee Ponds West", "premises": "Moonee Ponds West Primary School" }, "geometry": { "type": "Point", "coordinates": [ 144.909312300000011, -37.76895875 ] } },
{ "type": "Feature", "properties": { "name": "Moorabbin Central", "premises": "City of Kingston Town Hall" }, "geometry": { "type": "Point", "coordinates": [ 145.035669, -37.93382539 ] } },
{ "type": "Feature", "properties": { "name": "Moorabbin Central", "premises": "City of Kingston Town Hall" }, "geometry": { "type": "Point", "coordinates": [ 145.035669, -37.93382539 ] } },
{ "type": "Feature", "properties": { "name": "Moorabbin Heights", "premises": "East Bentleigh Primary School" }, "geometry": { "type": "Point", "coordinates": [ 145.0692726, -37.934512 ] } },
{ "type": "Feature", "properties": { "name": "Moorabbin South", "premises": "Tucker Road Bentleigh Primary School" }, "geometry": { "type": "Point", "coordinates": [ 145.0488823, -37.9322469 ] } },
{ "type": "Feature", "properties": { "name": "Moorabbin South East", "premises": "Wickham Road Uniting Church Hall" }, "geometry": { "type": "Point", "coordinates": [ 145.046508499999987, -37.94548347 ] } },
{ "type": "Feature", "properties": { "name": "Moorabbin South East", "premises": "Wickham Road Uniting Church Hall" }, "geometry": { "type": "Point", "coordinates": [ 145.046508499999987, -37.94548347 ] } },
{ "type": "Feature", "properties": { "name": "Moorooduc", "premises": "Moorooduc Primary School" }, "geometry": { "type": "Point", "coordinates": [ 145.1049717, -38.24840007 ] } },
{ "type": "Feature", "properties": { "name": "Mooroolbark", "premises": "St Peter Julian Eymard Parish Centre" }, "geometry": { "type": "Point", "coordinates": [ 145.3164964, -37.78718895 ] } },
{ "type": "Feature", "properties": { "name": "Mooroolbark East", "premises": "Mooroolbark East Primary School" }, "geometry": { "type": "Point", "coordinates": [ 145.3357719, -37.78649759 ] } },
{ "type": "Feature", "properties": { "name": "Mooroolbark South", "premises": "Pembroke Primary School" }, "geometry": { "type": "Point", "coordinates": [ 145.3273726, -37.79672935 ] } },
{ "type": "Feature", "properties": { "name": "Mooroolbark South", "premises": "Pembroke Primary School" }, "geometry": { "type": "Point", "coordinates": [ 145.3273726, -37.79672935 ] } },
{ "type": "Feature", "properties": { "name": "Mooroopna", "premises": "Mooroopna Primary School" }, "geometry": { "type": "Point", "coordinates": [ 145.3602923, -36.39101553 ] } },
{ "type": "Feature", "properties": { "name": "Morack", "premises": "Vermont Secondary College" }, "geometry": { "type": "Point", "coordinates": [ 145.2005297, -37.84343277 ] } },
{ "type": "Feature", "properties": { "name": "Morang South", "premises": "Morang South Primary School" }, "geometry": { "type": "Point", "coordinates": [ 145.095861899999989, -37.65314818 ] } },
{ "type": "Feature", "properties": { "name": "Morang South", "premises": "Morang South Primary School" }, "geometry": { "type": "Point", "coordinates": [ 145.095861899999989, -37.65314818 ] } },
{ "type": "Feature", "properties": { "name": "Mordialloc East", "premises": "Allan McLean Hall" }, "geometry": { "type": "Point", "coordinates": [ 145.0863235, -38.00420373 ] } },
{ "type": "Feature", "properties": { "name": "Moreland", "premises": "Moreland Primary School" }, "geometry": { "type": "Point", "coordinates": [ 144.9662572, -37.75488289 ] } },
{ "type": "Feature", "properties": { "name": "Moreland", "premises": "Moreland Primary School" }, "geometry": { "type": "Point", "coordinates": [ 144.9662572, -37.75488289 ] } },
{ "type": "Feature", "properties": { "name": "Moriac", "premises": "Moriac Community Centre" }, "geometry": { "type": "Point", "coordinates": [ 144.174665, -38.24484879 ] } },
{ "type": "Feature", "properties": { "name": "Mornington", "premises": "St Mark's Uniting Church" }, "geometry": { "type": "Point", "coordinates": [ 145.0376934, -38.22163221 ] } },
{ "type": "Feature", "properties": { "name": "Mornington East", "premises": "Benton Junior College" }, "geometry": { "type": "Point", "coordinates": [ 145.06113, -38.2463 ] } },
{ "type": "Feature", "properties": { "name": "Mornington South", "premises": "Peninsula Community Theatre" }, "geometry": { "type": "Point", "coordinates": [ 145.0396178, -38.23194969 ] } },
{ "type": "Feature", "properties": { "name": "Mortlake", "premises": "Mortlake Soldiers Memorial Hall" }, "geometry": { "type": "Point", "coordinates": [ 142.810229600000014, -38.07966517 ] } },
{ "type": "Feature", "properties": { "name": "Morwell", "premises": "Morwell Senior Citizens Centre" }, "geometry": { "type": "Point", "coordinates": [ 146.3899999, -38.23741717 ] } },
{ "type": "Feature", "properties": { "name": "Morwell Central", "premises": "St Mary's Anglican Church" }, "geometry": { "type": "Point", "coordinates": [ 146.3946397, -38.23517192 ] } },
{ "type": "Feature", "properties": { "name": "Morwell East", "premises": "Revival Centre International" }, "geometry": { "type": "Point", "coordinates": [ 146.4183285, -38.21891657 ] } },
{ "type": "Feature", "properties": { "name": "Morwell Estate", "premises": "Kurnai Secondary College" }, "geometry": { "type": "Point", "coordinates": [ 146.4327677, -38.22833916 ] } },
{ "type": "Feature", "properties": { "name": "Mossfiel", "premises": "Mossfiel Primary School" }, "geometry": { "type": "Point", "coordinates": [ 144.69596, -37.87286243 ] } },
{ "type": "Feature", "properties": { "name": "Mount Clear", "premises": "Damascus College" }, "geometry": { "type": "Point", "coordinates": [ 143.8695314, -37.61210399 ] } },
{ "type": "Feature", "properties": { "name": "Mount Dandenong", "premises": "Mount Dandenong Primary School" }, "geometry": { "type": "Point", "coordinates": [ 145.3616562, -37.83003341 ] } },
{ "type": "Feature", "properties": { "name": "Mount Derrimut", "premises": "Derrimut Primary School" }, "geometry": { "type": "Point", "coordinates": [ 144.764172800000011, -37.78863592 ] } },
{ "type": "Feature", "properties": { "name": "Mount Duneed", "premises": "Mount Duneed Regional Primary School" }, "geometry": { "type": "Point", "coordinates": [ 144.3197863, -38.24112644 ] } },
{ "type": "Feature", "properties": { "name": "Mount Duneed Central", "premises": "Mirripoa Primary School" }, "geometry": { "type": "Point", "coordinates": [ 144.3283629, -38.22504565 ] } },
{ "type": "Feature", "properties": { "name": "Mount Eccles", "premises": "Mount Eccles Mechanics Institute" }, "geometry": { "type": "Point", "coordinates": [ 145.976111800000012, -38.36346605 ] } },
{ "type": "Feature", "properties": { "name": "Mount Egerton", "premises": "Mount Egerton Mechanics Institute" }, "geometry": { "type": "Point", "coordinates": [ 144.1050909, -37.62803976 ] } },
{ "type": "Feature", "properties": { "name": "Mount Evelyn", "premises": "Reformed Church of Mount Evelyn" }, "geometry": { "type": "Point", "coordinates": [ 145.376524, -37.78384882 ] } },
{ "type": "Feature", "properties": { "name": "Mount Macedon", "premises": "Mount Macedon Primary School" }, "geometry": { "type": "Point", "coordinates": [ 144.58422680000001, -37.40494936 ] } },
{ "type": "Feature", "properties": { "name": "Mount Pleasant", "premises": "Mount Pleasant Primary School" }, "geometry": { "type": "Point", "coordinates": [ 143.8585519, -37.57805009 ] } },
{ "type": "Feature", "properties": { "name": "Mount Ridley", "premises": "Mount Ridley P-12 College" }, "geometry": { "type": "Point", "coordinates": [ 144.923590600000011, -37.57945081 ] } },
{ "type": "Feature", "properties": { "name": "Mount View", "premises": "Mount View Primary School" }, "geometry": { "type": "Point", "coordinates": [ 145.179346399999986, -37.88348601 ] } },
{ "type": "Feature", "properties": { "name": "Mount Wallace", "premises": "Mount Wallace Reserve Hall" }, "geometry": { "type": "Point", "coordinates": [ 144.218656900000013, -37.73864514 ] } },
{ "type": "Feature", "properties": { "name": "Mount Waverley North", "premises": "Mount Waverley Secondary College - Senior Campus" }, "geometry": { "type": "Point", "coordinates": [ 145.133862599999986, -37.86834476 ] } },
{ "type": "Feature", "properties": { "name": "Mount Waverley South", "premises": "Mount Waverley Primary School" }, "geometry": { "type": "Point", "coordinates": [ 145.1222443, -37.88135617 ] } },
{ "type": "Feature", "properties": { "name": "Mountain Gate", "premises": "Mountain Gate Primary School" }, "geometry": { "type": "Point", "coordinates": [ 145.269207200000011, -37.88589866 ] } },
{ "type": "Feature", "properties": { "name": "Moyhu", "premises": "Moyhu Memorial Hall" }, "geometry": { "type": "Point", "coordinates": [ 146.375565099999989, -36.5779078 ] } },
{ "type": "Feature", "properties": { "name": "Moyston", "premises": "Moyston Hall" }, "geometry": { "type": "Point", "coordinates": [ 142.7661171, -37.30242955 ] } },
{ "type": "Feature", "properties": { "name": "Mt Beauty", "premises": "Mount Beauty Community Centre" }, "geometry": { "type": "Point", "coordinates": [ 147.170726300000013, -36.74291075 ] } },
{ "type": "Feature", "properties": { "name": "Mt Eliza", "premises": "Mount Eliza Secondary College" }, "geometry": { "type": "Point", "coordinates": [ 145.0932521, -38.18895556 ] } },
{ "type": "Feature", "properties": { "name": "Mt Eliza Central", "premises": "Toorak College" }, "geometry": { "type": "Point", "coordinates": [ 145.09432, -38.17276 ] } },
{ "type": "Feature", "properties": { "name": "Mt Eliza North", "premises": "Mt Eliza North Primary School" }, "geometry": { "type": "Point", "coordinates": [ 145.10084, -38.18838 ] } },
{ "type": "Feature", "properties": { "name": "Mt Eliza South", "premises": "Mount Eliza Primary School" }, "geometry": { "type": "Point", "coordinates": [ 145.0916808, -38.19517326 ] } },
{ "type": "Feature", "properties": { "name": "Mt Erin", "premises": "Mount Erin College" }, "geometry": { "type": "Point", "coordinates": [ 145.1462077, -38.17439507 ] } },
{ "type": "Feature", "properties": { "name": "Mt Evelyn South", "premises": "Mount Evelyn Primary School" }, "geometry": { "type": "Point", "coordinates": [ 145.388677300000012, -37.7907012 ] } },
{ "type": "Feature", "properties": { "name": "Mt Martha", "premises": "Mt Martha Primary School" }, "geometry": { "type": "Point", "coordinates": [ 145.013339300000013, -38.2754004 ] } },
{ "type": "Feature", "properties": { "name": "Mudgegonga", "premises": "Mudgegonga Hall" }, "geometry": { "type": "Point", "coordinates": [ 146.829698900000011, -36.49321802 ] } },
{ "type": "Feature", "properties": { "name": "Mulgrave", "premises": "Wellington Reserve Community Centre" }, "geometry": { "type": "Point", "coordinates": [ 145.1621117, -37.92610127 ] } },
{ "type": "Feature", "properties": { "name": "Murchison", "premises": "Murchison Community Centre" }, "geometry": { "type": "Point", "coordinates": [ 145.2160035, -36.61827434 ] } },
{ "type": "Feature", "properties": { "name": "Murrabit", "premises": "Murrabit Public Hall" }, "geometry": { "type": "Point", "coordinates": [ 143.9562114, -35.52656939 ] } },
{ "type": "Feature", "properties": { "name": "Murray", "premises": "Newlands Senior Citizens Club" }, "geometry": { "type": "Point", "coordinates": [ 144.981116, -37.73604119 ] } },
{ "type": "Feature", "properties": { "name": "Murray", "premises": "Newlands Senior Citizens Club" }, "geometry": { "type": "Point", "coordinates": [ 144.981116, -37.73604119 ] } },
{ "type": "Feature", "properties": { "name": "Murrayville", "premises": "Mallee Track Health and Community Service" }, "geometry": { "type": "Point", "coordinates": [ 141.1806817, -35.26262745 ] } },
{ "type": "Feature", "properties": { "name": "Murrumbeena", "premises": "Murrumbeena Primary School" }, "geometry": { "type": "Point", "coordinates": [ 145.0701654, -37.88693556 ] } },
{ "type": "Feature", "properties": { "name": "Murrumbeena South", "premises": "Duncan Mackinnon Reserve Pavillion" }, "geometry": { "type": "Point", "coordinates": [ 145.0637175, -37.90593578 ] } },
{ "type": "Feature", "properties": { "name": "Murtoa", "premises": "Murtoa Uniting Church Education Centre" }, "geometry": { "type": "Point", "coordinates": [ 142.470371, -36.62076463 ] } },
{ "type": "Feature", "properties": { "name": "Myrniong", "premises": "Myrniong Primary School" }, "geometry": { "type": "Point", "coordinates": [ 144.346383, -37.61982145 ] } },
{ "type": "Feature", "properties": { "name": "Myrtleford", "premises": "Myrtleford Uniting Church Hall" }, "geometry": { "type": "Point", "coordinates": [ 146.7274439, -36.56281676 ] } },
{ "type": "Feature", "properties": { "name": "Nagambie", "premises": "Nagambie Senior Citizens Hall" }, "geometry": { "type": "Point", "coordinates": [ 145.155019, -36.78173227 ] } },
{ "type": "Feature", "properties": { "name": "Nambrok", "premises": "Nambrok-Denison Primary School" }, "geometry": { "type": "Point", "coordinates": [ 146.8741975, -38.05470272 ] } },
{ "type": "Feature", "properties": { "name": "Nandaly", "premises": "Nandaly Hall" }, "geometry": { "type": "Point", "coordinates": [ 142.6992062, -35.3084286 ] } },
{ "type": "Feature", "properties": { "name": "Nangiloc", "premises": "Nangiloc-Colignan Primary School" }, "geometry": { "type": "Point", "coordinates": [ 142.3579021, -34.47354152 ] } },
{ "type": "Feature", "properties": { "name": "Nanneella", "premises": "Nanneella Estate Primary School" }, "geometry": { "type": "Point", "coordinates": [ 144.777998, -36.3127521 ] } },
{ "type": "Feature", "properties": { "name": "Napoleons", "premises": "Napoleons Primary School" }, "geometry": { "type": "Point", "coordinates": [ 143.8273716, -37.67909211 ] } },
{ "type": "Feature", "properties": { "name": "Nar Nar Goon", "premises": "Nar Nar Goon Community Centre" }, "geometry": { "type": "Point", "coordinates": [ 145.5742689, -38.082994 ] } },
{ "type": "Feature", "properties": { "name": "Nar Nar Goon North", "premises": "Nar Nar Goon North Public Hall" }, "geometry": { "type": "Point", "coordinates": [ 145.555574, -38.01859972 ] } },
{ "type": "Feature", "properties": { "name": "Narbethong", "premises": "Narbethong Community Hall" }, "geometry": { "type": "Point", "coordinates": [ 145.65963, -37.55106 ] } },
{ "type": "Feature", "properties": { "name": "Naringal", "premises": "Naringal Public Hall" }, "geometry": { "type": "Point", "coordinates": [ 142.6930538, -38.39617929 ] } },
{ "type": "Feature", "properties": { "name": "Narracan", "premises": "Narracan Public Hall" }, "geometry": { "type": "Point", "coordinates": [ 146.227472, -38.25950988 ] } },
{ "type": "Feature", "properties": { "name": "Narrawong", "premises": "Narrawong Mechanics Institute" }, "geometry": { "type": "Point", "coordinates": [ 141.7100519, -38.25320191 ] } },
{ "type": "Feature", "properties": { "name": "Narre Warren", "premises": "Narre Warren Mechanics Institute Hall" }, "geometry": { "type": "Point", "coordinates": [ 145.305951099999987, -38.02400566 ] } },
{ "type": "Feature", "properties": { "name": "Narre Warren North", "premises": "Narre Warren North Primary School" }, "geometry": { "type": "Point", "coordinates": [ 145.3168249, -37.97850035 ] } },
{ "type": "Feature", "properties": { "name": "Narre Warren South", "premises": "Narre Warren South P-12 College" }, "geometry": { "type": "Point", "coordinates": [ 145.2857487, -38.05036958 ] } },
{ "type": "Feature", "properties": { "name": "Nathalia", "premises": "Nathalia Uniting Church Hall" }, "geometry": { "type": "Point", "coordinates": [ 145.2073615, -36.05691602 ] } },
{ "type": "Feature", "properties": { "name": "Natimuk", "premises": "Natimuk Soldiers Memorial Hall" }, "geometry": { "type": "Point", "coordinates": [ 141.9401225, -36.74267606 ] } },
{ "type": "Feature", "properties": { "name": "Neerim Junction", "premises": "Neerim Junction Public Hall" }, "geometry": { "type": "Point", "coordinates": [ 145.9613395, -37.92820491 ] } },
{ "type": "Feature", "properties": { "name": "Neerim South", "premises": "Neerim South Primary School" }, "geometry": { "type": "Point", "coordinates": [ 145.9552608, -38.01562367 ] } },
{ "type": "Feature", "properties": { "name": "Nelson", "premises": "Nelson Community Centre" }, "geometry": { "type": "Point", "coordinates": [ 141.0064513, -38.04778972 ] } },
{ "type": "Feature", "properties": { "name": "Nerrena", "premises": "Nerrena Public Hall" }, "geometry": { "type": "Point", "coordinates": [ 145.9973022, -38.50929876 ] } },
{ "type": "Feature", "properties": { "name": "Netherby", "premises": "Netherby Hall" }, "geometry": { "type": "Point", "coordinates": [ 141.651601699999986, -36.10861309 ] } },
{ "type": "Feature", "properties": { "name": "New Gisborne", "premises": "New Gisborne Primary School" }, "geometry": { "type": "Point", "coordinates": [ 144.5948093, -37.46289389 ] } },
{ "type": "Feature", "properties": { "name": "Newborough", "premises": "Newborough Public Hall" }, "geometry": { "type": "Point", "coordinates": [ 146.2918363, -38.18669593 ] } },
{ "type": "Feature", "properties": { "name": "Newborough East", "premises": "Newborough East Primary School" }, "geometry": { "type": "Point", "coordinates": [ 146.2939687, -38.17913048 ] } },
{ "type": "Feature", "properties": { "name": "Newbridge", "premises": "Newbridge Public Hall" }, "geometry": { "type": "Point", "coordinates": [ 143.9002348, -36.74048792 ] } },
{ "type": "Feature", "properties": { "name": "Newcomb", "premises": "Newcomb Park Primary School" }, "geometry": { "type": "Point", "coordinates": [ 144.3949005, -38.16535002 ] } },
{ "type": "Feature", "properties": { "name": "Newcomb South", "premises": "Newcomb Secondary College" }, "geometry": { "type": "Point", "coordinates": [ 144.3936069, -38.17102148 ] } },
{ "type": "Feature", "properties": { "name": "Newham", "premises": "Newham Primary School" }, "geometry": { "type": "Point", "coordinates": [ 144.594432, -37.31191834 ] } },
{ "type": "Feature", "properties": { "name": "Newhaven", "premises": "Newhaven Community Hall" }, "geometry": { "type": "Point", "coordinates": [ 145.3582513, -38.51344982 ] } },
{ "type": "Feature", "properties": { "name": "Newlands", "premises": "Newlands Primary School" }, "geometry": { "type": "Point", "coordinates": [ 144.985785600000014, -37.73032819 ] } },
{ "type": "Feature", "properties": { "name": "Newlands", "premises": "Newlands Primary School" }, "geometry": { "type": "Point", "coordinates": [ 144.985785600000014, -37.73032819 ] } },
{ "type": "Feature", "properties": { "name": "Newlands Arm", "premises": "Newlands Arm Community Centre" }, "geometry": { "type": "Point", "coordinates": [ 147.6927617, -37.92808327 ] } },
{ "type": "Feature", "properties": { "name": "Newlyn", "premises": "Newlyn Primary School" }, "geometry": { "type": "Point", "coordinates": [ 143.9842009, -37.4120285 ] } },
{ "type": "Feature", "properties": { "name": "Newmarket", "premises": "Wingate Avenue Community Centre" }, "geometry": { "type": "Point", "coordinates": [ 144.9196492, -37.77917267 ] } },
{ "type": "Feature", "properties": { "name": "Newmerella", "premises": "Newmerella Primary School" }, "geometry": { "type": "Point", "coordinates": [ 148.433591, -37.7352294 ] } },
{ "type": "Feature", "properties": { "name": "Newport", "premises": "Newport Lakes Primary School" }, "geometry": { "type": "Point", "coordinates": [ 144.878393100000011, -37.83796137 ] } },
{ "type": "Feature", "properties": { "name": "Newport East", "premises": "Home Road Kindergarten" }, "geometry": { "type": "Point", "coordinates": [ 144.8876869, -37.84116702 ] } },
{ "type": "Feature", "properties": { "name": "Newport West", "premises": "Bayside Secondary College - Paisley Campus" }, "geometry": { "type": "Point", "coordinates": [ 144.863747, -37.84344126 ] } },
{ "type": "Feature", "properties": { "name": "Newry", "premises": "Upper Maffra Mechanics Institute" }, "geometry": { "type": "Point", "coordinates": [ 146.895988499999987, -37.91652213 ] } },
{ "type": "Feature", "properties": { "name": "Newstead", "premises": "Newstead Community Centre" }, "geometry": { "type": "Point", "coordinates": [ 144.0604946, -37.1070809 ] } },
{ "type": "Feature", "properties": { "name": "Nhill", "premises": "Nhill Uniting Church Hall" }, "geometry": { "type": "Point", "coordinates": [ 141.648472, -36.33516061 ] } },
{ "type": "Feature", "properties": { "name": "Nichols Point", "premises": "Nichols Point Primary School" }, "geometry": { "type": "Point", "coordinates": [ 142.204285, -34.20790189 ] } },
{ "type": "Feature", "properties": { "name": "Nicholson", "premises": "Nicholson Recreation Rooms" }, "geometry": { "type": "Point", "coordinates": [ 147.748296900000014, -37.81568335 ] } },
{ "type": "Feature", "properties": { "name": "Niddrie", "premises": "Airport West Uniting Church" }, "geometry": { "type": "Point", "coordinates": [ 144.874373600000013, -37.72543865 ] } },
{ "type": "Feature", "properties": { "name": "Niddrie Central", "premises": "Rosehill Secondary College" }, "geometry": { "type": "Point", "coordinates": [ 144.8848539, -37.74675296 ] } },
{ "type": "Feature", "properties": { "name": "Nilma", "premises": "Nilma Primary School" }, "geometry": { "type": "Point", "coordinates": [ 145.9742556, -38.16566 ] } },
{ "type": "Feature", "properties": { "name": "Noble Park", "premises": "Noble Park Primary School" }, "geometry": { "type": "Point", "coordinates": [ 145.1736692, -37.9709372 ] } },
{ "type": "Feature", "properties": { "name": "Noble Park", "premises": "Noble Park Primary School" }, "geometry": { "type": "Point", "coordinates": [ 145.1736692, -37.9709372 ] } },
{ "type": "Feature", "properties": { "name": "Noble Park North", "premises": "Noble Park Community Centre" }, "geometry": { "type": "Point", "coordinates": [ 145.1729331, -37.96169122 ] } },
{ "type": "Feature", "properties": { "name": "Noble Park South", "premises": "Keysborough College - Acacia Campus" }, "geometry": { "type": "Point", "coordinates": [ 145.1825981, -37.98446762 ] } },
{ "type": "Feature", "properties": { "name": "Noojee", "premises": "Noojee Community Hall" }, "geometry": { "type": "Point", "coordinates": [ 145.99821270000001, -37.89265289 ] } },
{ "type": "Feature", "properties": { "name": "Noorat", "premises": "Noorat Primary School" }, "geometry": { "type": "Point", "coordinates": [ 142.9285782, -38.19095653 ] } },
{ "type": "Feature", "properties": { "name": "Norlane", "premises": "Cloverdale Community Centre" }, "geometry": { "type": "Point", "coordinates": [ 144.3438505, -38.07281621 ] } },
{ "type": "Feature", "properties": { "name": "Norlane West", "premises": "Northern Bay College - Peacock Campus" }, "geometry": { "type": "Point", "coordinates": [ 144.3428257, -38.08899869 ] } },
{ "type": "Feature", "properties": { "name": "Norris Bank", "premises": "Norris Bank Primary School" }, "geometry": { "type": "Point", "coordinates": [ 145.0439259, -37.69356066 ] } },
{ "type": "Feature", "properties": { "name": "North Melbourne", "premises": "North Melbourne Primary School" }, "geometry": { "type": "Point", "coordinates": [ 144.951145700000012, -37.79813734 ] } },
{ "type": "Feature", "properties": { "name": "North Melbourne East", "premises": "St Joseph's Flexible Learning Centre" }, "geometry": { "type": "Point", "coordinates": [ 144.9550429, -37.80378508 ] } },
{ "type": "Feature", "properties": { "name": "North Shore", "premises": "Northern Bay P-12 College - Tallis Campus" }, "geometry": { "type": "Point", "coordinates": [ 144.3650663, -38.08961171 ] } },
{ "type": "Feature", "properties": { "name": "North Warrandyte", "premises": "North Warrandyte Family Centre" }, "geometry": { "type": "Point", "coordinates": [ 145.2149219, -37.72922284 ] } },
{ "type": "Feature", "properties": { "name": "Northcote", "premises": "Santa Maria College" }, "geometry": { "type": "Point", "coordinates": [ 145.0036503, -37.76996883 ] } },
{ "type": "Feature", "properties": { "name": "Northcote North", "premises": "Northcote Baptist Church Hall" }, "geometry": { "type": "Point", "coordinates": [ 144.9998804, -37.76370955 ] } },
{ "type": "Feature", "properties": { "name": "Northcote South", "premises": "Westgarth Primary School" }, "geometry": { "type": "Point", "coordinates": [ 145.006398600000011, -37.77758453 ] } },
{ "type": "Feature", "properties": { "name": "Northvale", "premises": "Albany Rise Primary School" }, "geometry": { "type": "Point", "coordinates": [ 145.1728215, -37.92853401 ] } },
{ "type": "Feature", "properties": { "name": "Norwood", "premises": "Norwood Secondary College" }, "geometry": { "type": "Point", "coordinates": [ 145.237651199999988, -37.80020525 ] } },
{ "type": "Feature", "properties": { "name": "Norwood", "premises": "Norwood Secondary College" }, "geometry": { "type": "Point", "coordinates": [ 145.237651199999988, -37.80020525 ] } },
{ "type": "Feature", "properties": { "name": "Nowa Nowa", "premises": "Nowa Nowa Community Health Centre" }, "geometry": { "type": "Point", "coordinates": [ 148.092588400000011, -37.7305121 ] } },
{ "type": "Feature", "properties": { "name": "Nullawarre", "premises": "Nullawarre Public Hall" }, "geometry": { "type": "Point", "coordinates": [ 142.7545383, -38.46978522 ] } },
{ "type": "Feature", "properties": { "name": "Numurkah", "premises": "Numurkah Town Hall" }, "geometry": { "type": "Point", "coordinates": [ 145.442866900000013, -36.09225791 ] } },
{ "type": "Feature", "properties": { "name": "Nunawading", "premises": "1st Nunawading Scout Hall" }, "geometry": { "type": "Point", "coordinates": [ 145.1736283, -37.8145469 ] } },
{ "type": "Feature", "properties": { "name": "Nunawading East", "premises": "Mullauna Secondary College" }, "geometry": { "type": "Point", "coordinates": [ 145.19021, -37.80684892 ] } },
{ "type": "Feature", "properties": { "name": "Nunawading South", "premises": "Mt Pleasant Road Primary School" }, "geometry": { "type": "Point", "coordinates": [ 145.1801908, -37.82853253 ] } },
{ "type": "Feature", "properties": { "name": "Nunawading South", "premises": "Mt Pleasant Road Primary School" }, "geometry": { "type": "Point", "coordinates": [ 145.1801908, -37.82853253 ] } },
{ "type": "Feature", "properties": { "name": "Nungurner", "premises": "Nungurner Primary School" }, "geometry": { "type": "Point", "coordinates": [ 147.8887693, -37.86550395 ] } },
{ "type": "Feature", "properties": { "name": "Nyah", "premises": "Nyah Memorial Hall" }, "geometry": { "type": "Point", "coordinates": [ 143.3771406, -35.17323388 ] } },
{ "type": "Feature", "properties": { "name": "Nyah West", "premises": "Nyah District Primary School" }, "geometry": { "type": "Point", "coordinates": [ 143.3430622, -35.18576116 ] } },
{ "type": "Feature", "properties": { "name": "Nyora", "premises": "Nyora Primary School" }, "geometry": { "type": "Point", "coordinates": [ 145.6746143, -38.33623297 ] } },
{ "type": "Feature", "properties": { "name": "Oak Park", "premises": "Oak Park Primary School" }, "geometry": { "type": "Point", "coordinates": [ 144.9147011, -37.71549933 ] } },
{ "type": "Feature", "properties": { "name": "Oakgrove", "premises": "Oakgrove Community Centre" }, "geometry": { "type": "Point", "coordinates": [ 145.2983001, -38.05717548 ] } },
{ "type": "Feature", "properties": { "name": "Oakleigh Central", "premises": "Emmanuel Anglican Church Hall" }, "geometry": { "type": "Point", "coordinates": [ 145.08995920000001, -37.90654158 ] } },
{ "type": "Feature", "properties": { "name": "Oakleigh East", "premises": "Amsleigh Park Primary School" }, "geometry": { "type": "Point", "coordinates": [ 145.109298, -37.9004356 ] } },
{ "type": "Feature", "properties": { "name": "Oakleigh North", "premises": "Christ Our Holy Redeemer Primary School" }, "geometry": { "type": "Point", "coordinates": [ 145.1049486, -37.8967344 ] } },
{ "type": "Feature", "properties": { "name": "Oakleigh South", "premises": "Oakleigh South Primary School" }, "geometry": { "type": "Point", "coordinates": [ 145.0945198, -37.92265763 ] } },
{ "type": "Feature", "properties": { "name": "Oatlands", "premises": "Oatlands Primary School" }, "geometry": { "type": "Point", "coordinates": [ 145.3163324, -38.00642887 ] } },
{ "type": "Feature", "properties": { "name": "Oberon", "premises": "Oberon Primary School" }, "geometry": { "type": "Point", "coordinates": [ 144.342027300000012, -38.17893191 ] } },
{ "type": "Feature", "properties": { "name": "Ocean Grove", "premises": "Ocean Grove Primary School" }, "geometry": { "type": "Point", "coordinates": [ 144.5224428, -38.26418055 ] } },
{ "type": "Feature", "properties": { "name": "Officer", "premises": "Officer Primary School" }, "geometry": { "type": "Point", "coordinates": [ 145.4102938, -38.05823954 ] } },
{ "type": "Feature", "properties": { "name": "Officer East", "premises": "St Francis Xavier College Officer Campus" }, "geometry": { "type": "Point", "coordinates": [ 145.4364883, -38.06085765 ] } },
{ "type": "Feature", "properties": { "name": "Officer South East", "premises": "Bridgewood Primary School" }, "geometry": { "type": "Point", "coordinates": [ 145.419622299999986, -38.07187279 ] } },
{ "type": "Feature", "properties": { "name": "Olinda", "premises": "Olinda Primary School" }, "geometry": { "type": "Point", "coordinates": [ 145.3660978, -37.8547606 ] } },
{ "type": "Feature", "properties": { "name": "Olympic Village", "premises": "Olympic Village Primary School" }, "geometry": { "type": "Point", "coordinates": [ 145.0409971, -37.7405231 ] } },
{ "type": "Feature", "properties": { "name": "Omeo", "premises": "Soldiers Memorial Hall" }, "geometry": { "type": "Point", "coordinates": [ 147.5915249, -37.10066659 ] } },
{ "type": "Feature", "properties": { "name": "Orbost", "premises": "St James Anglican Parish Hall" }, "geometry": { "type": "Point", "coordinates": [ 148.456403200000011, -37.70819824 ] } },
{ "type": "Feature", "properties": { "name": "Orford", "premises": "Orford Memorial Hall" }, "geometry": { "type": "Point", "coordinates": [ 142.099320299999988, -38.20372163 ] } },
{ "type": "Feature", "properties": { "name": "Ormond", "premises": "Kilvington Grammar School" }, "geometry": { "type": "Point", "coordinates": [ 145.0419402, -37.89944641 ] } },
{ "type": "Feature", "properties": { "name": "Ormond West", "premises": "Ormond Primary School" }, "geometry": { "type": "Point", "coordinates": [ 145.0335551, -37.90704321 ] } },
{ "type": "Feature", "properties": { "name": "Orrong", "premises": "Our Lady of Lourdes School" }, "geometry": { "type": "Point", "coordinates": [ 145.009416499999986, -37.8525392 ] } },
{ "type": "Feature", "properties": { "name": "Orrvale", "premises": "Orrvale Primary School" }, "geometry": { "type": "Point", "coordinates": [ 145.4405736, -36.40971528 ] } },
{ "type": "Feature", "properties": { "name": "Osborne", "premises": "Osborne Primary School" }, "geometry": { "type": "Point", "coordinates": [ 145.040194, -38.25687518 ] } },
{ "type": "Feature", "properties": { "name": "Ouyen", "premises": "Ouyen and District Senior Citizens Clubrooms" }, "geometry": { "type": "Point", "coordinates": [ 142.315711599999986, -35.0685367 ] } },
{ "type": "Feature", "properties": { "name": "Oxley", "premises": "Oxley Shire Hall" }, "geometry": { "type": "Point", "coordinates": [ 146.383472, -36.44349619 ] } },
{ "type": "Feature", "properties": { "name": "Pakenham", "premises": "Pakenham Secondary College" }, "geometry": { "type": "Point", "coordinates": [ 145.4720134, -38.07229663 ] } },
{ "type": "Feature", "properties": { "name": "Pakenham Central", "premises": "Pakenham Uniting Church Hall" }, "geometry": { "type": "Point", "coordinates": [ 145.482355, -38.07661355 ] } },
{ "type": "Feature", "properties": { "name": "Pakenham Hills", "premises": "Pakenham Hills Primary School" }, "geometry": { "type": "Point", "coordinates": [ 145.4964449, -38.0615805 ] } },
{ "type": "Feature", "properties": { "name": "Pakenham Lakeside", "premises": "Pakenham Lakeside Primary School" }, "geometry": { "type": "Point", "coordinates": [ 145.438963699999988, -38.06849544 ] } },
{ "type": "Feature", "properties": { "name": "Pakenham Springs", "premises": "Pakenham Springs Primary School" }, "geometry": { "type": "Point", "coordinates": [ 145.4703797, -38.08578614 ] } },
{ "type": "Feature", "properties": { "name": "Pakenham Upper", "premises": "Pakenham Upper Public Hall" }, "geometry": { "type": "Point", "coordinates": [ 145.5108127, -38.01018969 ] } },
{ "type": "Feature", "properties": { "name": "Panmure", "premises": "Panmure Mechanics Institute" }, "geometry": { "type": "Point", "coordinates": [ 142.7293314, -38.33505042 ] } },
{ "type": "Feature", "properties": { "name": "Panton Hill", "premises": "Panton Hill Primary School" }, "geometry": { "type": "Point", "coordinates": [ 145.2397077, -37.64181469 ] } },
{ "type": "Feature", "properties": { "name": "Park Orchards", "premises": "Park Orchards Community Centre" }, "geometry": { "type": "Point", "coordinates": [ 145.2152523, -37.77842208 ] } },
{ "type": "Feature", "properties": { "name": "Park Ridge", "premises": "Park Ridge Primary School" }, "geometry": { "type": "Point", "coordinates": [ 145.2625826, -37.91879873 ] } },
{ "type": "Feature", "properties": { "name": "Parkdale", "premises": "St David's Parkdale Uniting Church" }, "geometry": { "type": "Point", "coordinates": [ 145.0789771, -37.9923618 ] } },
{ "type": "Feature", "properties": { "name": "Parkdale Central", "premises": "Parkdale Primary School" }, "geometry": { "type": "Point", "coordinates": [ 145.085087, -37.99265281 ] } },
{ "type": "Feature", "properties": { "name": "Parkdale East", "premises": "Parkdale Secondary College" }, "geometry": { "type": "Point", "coordinates": [ 145.0934009, -37.98991993 ] } },
{ "type": "Feature", "properties": { "name": "Parkmore", "premises": "Parkmore Primary School" }, "geometry": { "type": "Point", "coordinates": [ 145.1765853, -37.84364375 ] } },
{ "type": "Feature", "properties": { "name": "Parkville", "premises": "University High School - Performance Centre" }, "geometry": { "type": "Point", "coordinates": [ 144.9557768, -37.79691184 ] } },
{ "type": "Feature", "properties": { "name": "Parkwood Green", "premises": "Parkwood Green Primary School" }, "geometry": { "type": "Point", "coordinates": [ 144.7441658, -37.69922824 ] } },
{ "type": "Feature", "properties": { "name": "Pascoe Vale", "premises": "Pascoe Vale Girl Guides Hall" }, "geometry": { "type": "Point", "coordinates": [ 144.9443267, -37.72858187 ] } },
{ "type": "Feature", "properties": { "name": "Pascoe Vale Central", "premises": "Antonine College - St Joseph Campus" }, "geometry": { "type": "Point", "coordinates": [ 144.9422545, -37.74092708 ] } },
{ "type": "Feature", "properties": { "name": "Pascoe Vale North", "premises": "Pascoe Vale North Primary School" }, "geometry": { "type": "Point", "coordinates": [ 144.9476152, -37.72148008 ] } },
{ "type": "Feature", "properties": { "name": "Pascoe Vale South", "premises": "Pascoe Vale South Primary School" }, "geometry": { "type": "Point", "coordinates": [ 144.93563, -37.7454959 ] } },
{ "type": "Feature", "properties": { "name": "Patterson Lakes", "premises": "Patterson Lakes Community Centre" }, "geometry": { "type": "Point", "coordinates": [ 145.143311899999986, -38.06894602 ] } },
{ "type": "Feature", "properties": { "name": "Patterson Park", "premises": "Patterson Park Hall" }, "geometry": { "type": "Point", "coordinates": [ 142.025754400000011, -37.73213365 ] } },
{ "type": "Feature", "properties": { "name": "Paynesville", "premises": "Paynesville Community Centre" }, "geometry": { "type": "Point", "coordinates": [ 147.7231214, -37.91973 ] } },
{ "type": "Feature", "properties": { "name": "Pearcedale", "premises": "Pearcedale Primary School" }, "geometry": { "type": "Point", "coordinates": [ 145.2302995, -38.20249787 ] } },
{ "type": "Feature", "properties": { "name": "Penshurst", "premises": "Penshurst Memorial Hall" }, "geometry": { "type": "Point", "coordinates": [ 142.2900668, -37.87637142 ] } },
{ "type": "Feature", "properties": { "name": "Peterborough", "premises": "Peterborough Hall" }, "geometry": { "type": "Point", "coordinates": [ 142.876998, -38.60708017 ] } },
{ "type": "Feature", "properties": { "name": "Piangil", "premises": "Piangil Community Centre" }, "geometry": { "type": "Point", "coordinates": [ 143.3132225, -35.05526267 ] } },
{ "type": "Feature", "properties": { "name": "Picola", "premises": "Picola Public Hall" }, "geometry": { "type": "Point", "coordinates": [ 145.10875630000001, -35.99912628 ] } },
{ "type": "Feature", "properties": { "name": "Pinewood", "premises": "Pinewood Primary School" }, "geometry": { "type": "Point", "coordinates": [ 145.1423246, -37.89009412 ] } },
{ "type": "Feature", "properties": { "name": "Piries-Goughs Bay", "premises": "Goughs Bay Boat Club" }, "geometry": { "type": "Point", "coordinates": [ 146.0681301, -37.19051028 ] } },
{ "type": "Feature", "properties": { "name": "Plenty", "premises": "Plenty Community Hall" }, "geometry": { "type": "Point", "coordinates": [ 145.122739599999989, -37.67059997 ] } },
{ "type": "Feature", "properties": { "name": "Plumpton", "premises": "Springside West Secondary College" }, "geometry": { "type": "Point", "coordinates": [ 144.7278602, -37.71574941 ] } },
{ "type": "Feature", "properties": { "name": "Point Cook East", "premises": "Saltwater P-9 College" }, "geometry": { "type": "Point", "coordinates": [ 144.7683077, -37.90986507 ] } },
{ "type": "Feature", "properties": { "name": "Point Cook North", "premises": "Point Cook College" }, "geometry": { "type": "Point", "coordinates": [ 144.7261258, -37.89325948 ] } },
{ "type": "Feature", "properties": { "name": "Point Lonsdale", "premises": "Point Lonsdale Primary School" }, "geometry": { "type": "Point", "coordinates": [ 144.6213449, -38.27386256 ] } },
{ "type": "Feature", "properties": { "name": "Pomonal", "premises": "Pomonal Hall" }, "geometry": { "type": "Point", "coordinates": [ 142.609148299999987, -37.19527864 ] } },
{ "type": "Feature", "properties": { "name": "Poowong", "premises": "Poowong Consolidated School" }, "geometry": { "type": "Point", "coordinates": [ 145.767899699999987, -38.34322647 ] } },
{ "type": "Feature", "properties": { "name": "Porepunkah", "premises": "Porepunkah Primary School" }, "geometry": { "type": "Point", "coordinates": [ 146.911785400000014, -36.69898812 ] } },
{ "type": "Feature", "properties": { "name": "Port Albert", "premises": "Port Albert Mechanics Institute" }, "geometry": { "type": "Point", "coordinates": [ 146.6922836, -38.6724363 ] } },
{ "type": "Feature", "properties": { "name": "Port Campbell", "premises": "Port Campbell Baptist Church" }, "geometry": { "type": "Point", "coordinates": [ 142.995560399999988, -38.61932429 ] } },
{ "type": "Feature", "properties": { "name": "Port Fairy", "premises": "St Patrick's Parish Primary School" }, "geometry": { "type": "Point", "coordinates": [ 142.231423, -38.38622505 ] } },
{ "type": "Feature", "properties": { "name": "Port Franklin", "premises": "Port Franklin Public Hall" }, "geometry": { "type": "Point", "coordinates": [ 146.2775605, -38.68341316 ] } },
{ "type": "Feature", "properties": { "name": "Port Melbourne", "premises": "Port Melbourne Primary School" }, "geometry": { "type": "Point", "coordinates": [ 144.9332726, -37.83579575 ] } },
{ "type": "Feature", "properties": { "name": "Port Melbourne East", "premises": "Sol Green Community Centre" }, "geometry": { "type": "Point", "coordinates": [ 144.952057200000013, -37.83384393 ] } },
{ "type": "Feature", "properties": { "name": "Port Melbourne West", "premises": "Albert Park Secondary College" }, "geometry": { "type": "Point", "coordinates": [ 144.9476803, -37.84442678 ] } },
{ "type": "Feature", "properties": { "name": "Portarlington", "premises": "Portarlington Parks Hall" }, "geometry": { "type": "Point", "coordinates": [ 144.6551316, -38.11514235 ] } },
{ "type": "Feature", "properties": { "name": "Portland", "premises": "Drill Hall" }, "geometry": { "type": "Point", "coordinates": [ 141.6062962, -38.35207016 ] } },
{ "type": "Feature", "properties": { "name": "Portland South", "premises": "South Portland Hall" }, "geometry": { "type": "Point", "coordinates": [ 141.6135662, -38.36663193 ] } },
{ "type": "Feature", "properties": { "name": "Portland South West", "premises": "Portland Scout Hall" }, "geometry": { "type": "Point", "coordinates": [ 141.6036982, -38.33505101 ] } },
{ "type": "Feature", "properties": { "name": "Portsea", "premises": "Watson's Pavilion" }, "geometry": { "type": "Point", "coordinates": [ 144.711016699999988, -38.32547564 ] } },
{ "type": "Feature", "properties": { "name": "Prahran", "premises": "Grattan Gardens Community Centre" }, "geometry": { "type": "Point", "coordinates": [ 144.991453299999989, -37.84707076 ] } },
{ "type": "Feature", "properties": { "name": "Prahran East", "premises": "Prahran RSL Memorial Hall" }, "geometry": { "type": "Point", "coordinates": [ 144.9980952, -37.85239812 ] } },
{ "type": "Feature", "properties": { "name": "Preston", "premises": "Sacred Heart School" }, "geometry": { "type": "Point", "coordinates": [ 145.0040985, -37.74473606 ] } },
{ "type": "Feature", "properties": { "name": "Preston", "premises": "Sacred Heart School" }, "geometry": { "type": "Point", "coordinates": [ 145.0040985, -37.74473606 ] } },
{ "type": "Feature", "properties": { "name": "Preston East", "premises": "The Pavilion School - East Preston Campus" }, "geometry": { "type": "Point", "coordinates": [ 145.0181757, -37.73776458 ] } },
{ "type": "Feature", "properties": { "name": "Preston North East", "premises": "Preston North East Primary School" }, "geometry": { "type": "Point", "coordinates": [ 145.0301695, -37.73374745 ] } },
{ "type": "Feature", "properties": { "name": "Preston South", "premises": "HLT Oulton Reserve - T MacNamara Pavilion" }, "geometry": { "type": "Point", "coordinates": [ 145.0214402, -37.74844373 ] } },
{ "type": "Feature", "properties": { "name": "Preston South", "premises": "HLT Oulton Reserve - T MacNamara Pavilion" }, "geometry": { "type": "Point", "coordinates": [ 145.0214402, -37.74844373 ] } },
{ "type": "Feature", "properties": { "name": "Preston West", "premises": "Preston West Primary School" }, "geometry": { "type": "Point", "coordinates": [ 144.995093700000012, -37.73757894 ] } },
{ "type": "Feature", "properties": { "name": "Puckapunyal", "premises": "Puckapunyal Primary School" }, "geometry": { "type": "Point", "coordinates": [ 145.034988, -37.00218426 ] } },
{ "type": "Feature", "properties": { "name": "Purnim", "premises": "Purnim Mechanics Hall" }, "geometry": { "type": "Point", "coordinates": [ 142.6178888, -38.28102176 ] } },
{ "type": "Feature", "properties": { "name": "Pyalong", "premises": "Pyalong Primary School" }, "geometry": { "type": "Point", "coordinates": [ 144.8569822, -37.11715912 ] } },
{ "type": "Feature", "properties": { "name": "Pyramid Hill", "premises": "Pyramid Hill Memorial Hall" }, "geometry": { "type": "Point", "coordinates": [ 144.11487, -36.05380939 ] } },
{ "type": "Feature", "properties": { "name": "Quambatook", "premises": "Quambatook Memorial Hall" }, "geometry": { "type": "Point", "coordinates": [ 143.5208925, -35.84944157 ] } },
{ "type": "Feature", "properties": { "name": "Quarry Hill", "premises": "Quarry Hill Primary School" }, "geometry": { "type": "Point", "coordinates": [ 144.2802036, -36.7753988 ] } },
{ "type": "Feature", "properties": { "name": "Queen Victoria", "premises": "Drill Hall" }, "geometry": { "type": "Point", "coordinates": [ 144.9604803, -37.80649291 ] } },
{ "type": "Feature", "properties": { "name": "Queenscliff", "premises": "Queenscliff Primary School" }, "geometry": { "type": "Point", "coordinates": [ 144.6562174, -38.2673603 ] } },
{ "type": "Feature", "properties": { "name": "Rainbow", "premises": "Rainbow Civic Centre" }, "geometry": { "type": "Point", "coordinates": [ 141.994426800000014, -35.89786845 ] } },
{ "type": "Feature", "properties": { "name": "Ramlegh Park", "premises": "Ramlegh Park Primary School" }, "geometry": { "type": "Point", "coordinates": [ 145.337986199999989, -38.11541636 ] } },
{ "type": "Feature", "properties": { "name": "Ramlegh Park", "premises": "Ramlegh Park Primary School" }, "geometry": { "type": "Point", "coordinates": [ 145.337986199999989, -38.11541636 ] } },
{ "type": "Feature", "properties": { "name": "Rangebank", "premises": "Rangebank Primary School" }, "geometry": { "type": "Point", "coordinates": [ 145.2761711, -38.08727915 ] } },
{ "type": "Feature", "properties": { "name": "Rawson", "premises": "Rawson Primary School" }, "geometry": { "type": "Point", "coordinates": [ 146.3989019, -37.95798813 ] } },
{ "type": "Feature", "properties": { "name": "Raywood", "premises": "Raywood Public Hall" }, "geometry": { "type": "Point", "coordinates": [ 144.2073976, -36.53564478 ] } },
{ "type": "Feature", "properties": { "name": "Red Cliffs", "premises": "St Joseph's School Red Cliffs" }, "geometry": { "type": "Point", "coordinates": [ 142.187975, -34.30260952 ] } },
{ "type": "Feature", "properties": { "name": "Red Hill", "premises": "Red Hill Consolidated School" }, "geometry": { "type": "Point", "coordinates": [ 144.994897, -38.3663862 ] } },
{ "type": "Feature", "properties": { "name": "Redan", "premises": "Phoenix P-12 Community College - Redan Campus" }, "geometry": { "type": "Point", "coordinates": [ 143.8323303, -37.58823436 ] } },
{ "type": "Feature", "properties": { "name": "Redan Central", "premises": "Betty Day Centre" }, "geometry": { "type": "Point", "coordinates": [ 144.987137100000012, -37.86283894 ] } },
{ "type": "Feature", "properties": { "name": "Redesdale", "premises": "Redesdale Public Hall" }, "geometry": { "type": "Point", "coordinates": [ 144.5315402, -37.0229194 ] } },
{ "type": "Feature", "properties": { "name": "Regent", "premises": "Preston Primary School" }, "geometry": { "type": "Point", "coordinates": [ 145.010501, -37.73066122 ] } },
{ "type": "Feature", "properties": { "name": "Research", "premises": "Research Primary School" }, "geometry": { "type": "Point", "coordinates": [ 145.1841651, -37.70250947 ] } },
{ "type": "Feature", "properties": { "name": "Reservoir", "premises": "Reservoir Primary School" }, "geometry": { "type": "Point", "coordinates": [ 145.006666599999988, -37.71087499 ] } },
{ "type": "Feature", "properties": { "name": "Reservoir Central", "premises": "Reservoir Senior Citizens Centre" }, "geometry": { "type": "Point", "coordinates": [ 145.0004155, -37.72035289 ] } },
{ "type": "Feature", "properties": { "name": "Reservoir East", "premises": "Holy Name Primary School Hall" }, "geometry": { "type": "Point", "coordinates": [ 145.018005100000011, -37.73071281 ] } },
{ "type": "Feature", "properties": { "name": "Reservoir North", "premises": "Reservoir Views Primary School" }, "geometry": { "type": "Point", "coordinates": [ 145.0222273, -37.7052934 ] } },
{ "type": "Feature", "properties": { "name": "Reservoir North East", "premises": "East Reservoir Senior Citizens Centre" }, "geometry": { "type": "Point", "coordinates": [ 145.01896210000001, -37.7158417 ] } },
{ "type": "Feature", "properties": { "name": "Reservoir South", "premises": "St Mark's Hall" }, "geometry": { "type": "Point", "coordinates": [ 144.9935461, -37.72646817 ] } },
{ "type": "Feature", "properties": { "name": "Reservoir West", "premises": "Reservoir West Primary School" }, "geometry": { "type": "Point", "coordinates": [ 144.9910035, -37.72203773 ] } },
{ "type": "Feature", "properties": { "name": "Rhyll", "premises": "Rhyll Mechanics Hall" }, "geometry": { "type": "Point", "coordinates": [ 145.303010699999987, -38.46327799 ] } },
{ "type": "Feature", "properties": { "name": "Richmond", "premises": "St Ignatius Church Hall" }, "geometry": { "type": "Point", "coordinates": [ 144.9977006, -37.82166277 ] } },
{ "type": "Feature", "properties": { "name": "Richmond Central", "premises": "Yarra Primary School Hall" }, "geometry": { "type": "Point", "coordinates": [ 145.0070748, -37.81518382 ] } },
{ "type": "Feature", "properties": { "name": "Richmond North 106", "premises": "Community Hall 106" }, "geometry": { "type": "Point", "coordinates": [ 144.9957466, -37.81221632 ] } },
{ "type": "Feature", "properties": { "name": "Richmond North 110", "premises": "Community Hall 110" }, "geometry": { "type": "Point", "coordinates": [ 144.9987904, -37.811855 ] } },
{ "type": "Feature", "properties": { "name": "Richmond South", "premises": "Richmond Primary School" }, "geometry": { "type": "Point", "coordinates": [ 145.0003327, -37.82988415 ] } },
{ "type": "Feature", "properties": { "name": "Riddell", "premises": "Riddells Creek Primary School" }, "geometry": { "type": "Point", "coordinates": [ 144.679886, -37.46058666 ] } },
{ "type": "Feature", "properties": { "name": "Ringwood", "premises": "St Paul's Anglican Church Hall" }, "geometry": { "type": "Point", "coordinates": [ 145.2307576, -37.80970754 ] } },
{ "type": "Feature", "properties": { "name": "Ringwood East", "premises": "4th Ringwood Scout Hall" }, "geometry": { "type": "Point", "coordinates": [ 145.2446046, -37.80842605 ] } },
{ "type": "Feature", "properties": { "name": "Ringwood Heights", "premises": "Ringwood Heights Primary School" }, "geometry": { "type": "Point", "coordinates": [ 145.2174397, -37.80380958 ] } },
{ "type": "Feature", "properties": { "name": "Ringwood North", "premises": "Ringwood North Primary School" }, "geometry": { "type": "Point", "coordinates": [ 145.230663099999987, -37.79316277 ] } },
{ "type": "Feature", "properties": { "name": "Ringwood South", "premises": "Maroondah Federation Estate" }, "geometry": { "type": "Point", "coordinates": [ 145.2301487, -37.81963408 ] } },
{ "type": "Feature", "properties": { "name": "Ripponlea East", "premises": "Ripponlea Primary School" }, "geometry": { "type": "Point", "coordinates": [ 145.003833500000013, -37.87434998 ] } },
{ "type": "Feature", "properties": { "name": "Riverbend", "premises": "Riverbend Primary School" }, "geometry": { "type": "Point", "coordinates": [ 144.62594, -37.87517 ] } },
{ "type": "Feature", "properties": { "name": "Riverwalk", "premises": "Riverwalk Primary School" }, "geometry": { "type": "Point", "coordinates": [ 144.639463400000011, -37.92170906 ] } },
{ "type": "Feature", "properties": { "name": "Robinvale", "premises": "Robinvale Community Arts Centre" }, "geometry": { "type": "Point", "coordinates": [ 142.7721033, -34.57873017 ] } },
{ "type": "Feature", "properties": { "name": "Rochester", "premises": "Rochester Uniting Church" }, "geometry": { "type": "Point", "coordinates": [ 144.7018539, -36.35853131 ] } },
{ "type": "Feature", "properties": { "name": "Rockbank", "premises": "Rockbank Primary School" }, "geometry": { "type": "Point", "coordinates": [ 144.6617482, -37.73171972 ] } },
{ "type": "Feature", "properties": { "name": "Rockbank North", "premises": "Aintree Primary School" }, "geometry": { "type": "Point", "coordinates": [ 144.666979, -37.72405926 ] } },
{ "type": "Feature", "properties": { "name": "Rokeby", "premises": "Rokeby Public Hall" }, "geometry": { "type": "Point", "coordinates": [ 145.926763599999987, -38.07094162 ] } },
{ "type": "Feature", "properties": { "name": "Rokewood", "premises": "Rokewood Primary School" }, "geometry": { "type": "Point", "coordinates": [ 143.7228886, -37.9034345 ] } },
{ "type": "Feature", "properties": { "name": "Rolling Hills", "premises": "Rolling Hills Primary School" }, "geometry": { "type": "Point", "coordinates": [ 145.3266428, -37.76637637 ] } },
{ "type": "Feature", "properties": { "name": "Rollins", "premises": "Rollins Primary School" }, "geometry": { "type": "Point", "coordinates": [ 144.32684, -38.10056612 ] } },
{ "type": "Feature", "properties": { "name": "Romsey", "premises": "Romsey Primary School" }, "geometry": { "type": "Point", "coordinates": [ 144.7446291, -37.35397593 ] } },
{ "type": "Feature", "properties": { "name": "Rosanna", "premises": "Rosanna Primary School" }, "geometry": { "type": "Point", "coordinates": [ 145.0626777, -37.73521971 ] } },
{ "type": "Feature", "properties": { "name": "Rosebud", "premises": "Rosebud Memorial Hall" }, "geometry": { "type": "Point", "coordinates": [ 144.9007277, -38.35650902 ] } },
{ "type": "Feature", "properties": { "name": "Rosebud East", "premises": "Rosebud Primary School" }, "geometry": { "type": "Point", "coordinates": [ 144.9083063, -38.35494719 ] } },
{ "type": "Feature", "properties": { "name": "Rosebud South", "premises": "Genu" }, "geometry": { "type": "Point", "coordinates": [ 144.9130375, -38.36158729 ] } },
{ "type": "Feature", "properties": { "name": "Rosebud West", "premises": "Rosebud Secondary College" }, "geometry": { "type": "Point", "coordinates": [ 144.889201, -38.36869396 ] } },
{ "type": "Feature", "properties": { "name": "Rosedale", "premises": "Rosedale Sports Complex" }, "geometry": { "type": "Point", "coordinates": [ 146.7734781, -38.15428319 ] } },
{ "type": "Feature", "properties": { "name": "Rosewood Downs", "premises": "Rosewood Downs Primary School" }, "geometry": { "type": "Point", "coordinates": [ 145.2143525, -37.94430472 ] } },
{ "type": "Feature", "properties": { "name": "Ross Creek", "premises": "Ross Creek Hall" }, "geometry": { "type": "Point", "coordinates": [ 143.757679599999989, -37.63339858 ] } },
{ "type": "Feature", "properties": { "name": "Rowellyn Park", "premises": "Rowellyn Park Primary School" }, "geometry": { "type": "Point", "coordinates": [ 145.1913169, -38.10376069 ] } },
{ "type": "Feature", "properties": { "name": "Rowville", "premises": "Rowville Primary School" }, "geometry": { "type": "Point", "coordinates": [ 145.236836399999987, -37.92363326 ] } },
{ "type": "Feature", "properties": { "name": "Rowville East", "premises": "1st Rowville Scout Hall" }, "geometry": { "type": "Point", "coordinates": [ 145.243408499999987, -37.92425782 ] } },
{ "type": "Feature", "properties": { "name": "Roxburgh Homestead", "premises": "Roxburgh Homestead Primary School" }, "geometry": { "type": "Point", "coordinates": [ 144.9177022, -37.63269429 ] } },
{ "type": "Feature", "properties": { "name": "Roxburgh Park", "premises": "Roxburgh Park Primary School" }, "geometry": { "type": "Point", "coordinates": [ 144.9320035, -37.63330986 ] } },
{ "type": "Feature", "properties": { "name": "Roxburgh Rise", "premises": "Roxburgh Rise Primary School" }, "geometry": { "type": "Point", "coordinates": [ 144.9234978, -37.61627864 ] } },
{ "type": "Feature", "properties": { "name": "Ruffy", "premises": "Ruffy Public Hall" }, "geometry": { "type": "Point", "coordinates": [ 145.501892700000013, -36.9744747 ] } },
{ "type": "Feature", "properties": { "name": "Running Creek", "premises": "St Albans Parish Hall" }, "geometry": { "type": "Point", "coordinates": [ 147.059176900000011, -36.54680778 ] } },
{ "type": "Feature", "properties": { "name": "Rupanyup", "premises": "Rupanyup Senior Citizens Hall" }, "geometry": { "type": "Point", "coordinates": [ 142.6292885, -36.63192489 ] } },
{ "type": "Feature", "properties": { "name": "Rushworth", "premises": "Rushworth P-12 College" }, "geometry": { "type": "Point", "coordinates": [ 145.0137913, -36.58302481 ] } },
{ "type": "Feature", "properties": { "name": "Rutherglen", "premises": "Rutherglen Primary School" }, "geometry": { "type": "Point", "coordinates": [ 146.4609264, -36.0559881 ] } },
{ "type": "Feature", "properties": { "name": "Ruthven", "premises": "St Joseph the Worker Primary School" }, "geometry": { "type": "Point", "coordinates": [ 144.993402300000014, -37.70177226 ] } },
{ "type": "Feature", "properties": { "name": "Rye", "premises": "Rye Civic Hall" }, "geometry": { "type": "Point", "coordinates": [ 144.821667600000012, -38.37174346 ] } },
{ "type": "Feature", "properties": { "name": "Sailors Gully", "premises": "Sailors Gully Lions Community Hall" }, "geometry": { "type": "Point", "coordinates": [ 144.2465368, -36.70813039 ] } },
{ "type": "Feature", "properties": { "name": "Sale", "premises": "Sale Memorial Hall" }, "geometry": { "type": "Point", "coordinates": [ 147.0673282, -38.10948665 ] } },
{ "type": "Feature", "properties": { "name": "Sale East", "premises": "Araluen Primary School" }, "geometry": { "type": "Point", "coordinates": [ 147.08927460000001, -38.10741019 ] } },
{ "type": "Feature", "properties": { "name": "Sale North", "premises": "Sale College Gymnasium Guthridge Campus" }, "geometry": { "type": "Point", "coordinates": [ 147.0839872, -38.09761263 ] } },
{ "type": "Feature", "properties": { "name": "San Remo", "premises": "San Remo Recreation Centre" }, "geometry": { "type": "Point", "coordinates": [ 145.370827100000014, -38.52401239 ] } },
{ "type": "Feature", "properties": { "name": "Sandhurst", "premises": "Catherine McAuley College - Marion Centre Theatre" }, "geometry": { "type": "Point", "coordinates": [ 144.2736622, -36.75198112 ] } },
{ "type": "Feature", "properties": { "name": "Sandridge", "premises": "Fishermens Bend Community Hall" }, "geometry": { "type": "Point", "coordinates": [ 144.9204636, -37.83681409 ] } },
{ "type": "Feature", "properties": { "name": "Sandringham", "premises": "Sacred Heart Parish School" }, "geometry": { "type": "Point", "coordinates": [ 145.00892, -37.95096076 ] } },
{ "type": "Feature", "properties": { "name": "Sandringham North", "premises": "Sandringham Primary School" }, "geometry": { "type": "Point", "coordinates": [ 145.009554400000013, -37.94705341 ] } },
{ "type": "Feature", "properties": { "name": "Sandy Point", "premises": "T.P. Taylor Community Centre" }, "geometry": { "type": "Point", "coordinates": [ 146.125494300000014, -38.82981284 ] } },
{ "type": "Feature", "properties": { "name": "Sassafras", "premises": "Sassafras Primary School" }, "geometry": { "type": "Point", "coordinates": [ 145.354773, -37.86144495 ] } },
{ "type": "Feature", "properties": { "name": "Scarsdale", "premises": "Scarsdale Town Hall" }, "geometry": { "type": "Point", "coordinates": [ 143.654622499999988, -37.6708663 ] } },
{ "type": "Feature", "properties": { "name": "Scoresby", "premises": "St Jude's Parish Centre" }, "geometry": { "type": "Point", "coordinates": [ 145.226438800000011, -37.88912242 ] } },
{ "type": "Feature", "properties": { "name": "Scotts Creek", "premises": "Scotts Creek Public Hall" }, "geometry": { "type": "Point", "coordinates": [ 143.0496662, -38.44990135 ] } },
{ "type": "Feature", "properties": { "name": "Sea Lake", "premises": "Uniting Church Hall - Sea Lake" }, "geometry": { "type": "Point", "coordinates": [ 142.8534804, -35.50457269 ] } },
{ "type": "Feature", "properties": { "name": "Seabrook", "premises": "Seabrook Primary School" }, "geometry": { "type": "Point", "coordinates": [ 144.7579651, -37.87880805 ] } },
{ "type": "Feature", "properties": { "name": "Seabrook Central", "premises": "Seabrook Community Centre" }, "geometry": { "type": "Point", "coordinates": [ 144.75893210000001, -37.88619858 ] } },
{ "type": "Feature", "properties": { "name": "Seaford", "premises": "Seaford Primary School" }, "geometry": { "type": "Point", "coordinates": [ 145.1310526, -38.10374916 ] } },
{ "type": "Feature", "properties": { "name": "Seaford North", "premises": "Seaford North Primary School" }, "geometry": { "type": "Point", "coordinates": [ 145.1344966, -38.09038843 ] } },
{ "type": "Feature", "properties": { "name": "Seaholme", "premises": "Seaholme Primary School" }, "geometry": { "type": "Point", "coordinates": [ 144.8409162, -37.86551184 ] } },
{ "type": "Feature", "properties": { "name": "Seaspray", "premises": "Seaspray Public Hall" }, "geometry": { "type": "Point", "coordinates": [ 147.1895274, -38.3753915 ] } },
{ "type": "Feature", "properties": { "name": "Sebastopol", "premises": "Sebastopol RSL" }, "geometry": { "type": "Point", "coordinates": [ 143.839942400000012, -37.59751697 ] } },
{ "type": "Feature", "properties": { "name": "Seddon", "premises": "Seddon Uniting Church Hall" }, "geometry": { "type": "Point", "coordinates": [ 144.890007700000012, -37.80954923 ] } },
{ "type": "Feature", "properties": { "name": "Sedgwick", "premises": "Sedgwick Public Hall" }, "geometry": { "type": "Point", "coordinates": [ 144.31567050000001, -36.87136377 ] } },
{ "type": "Feature", "properties": { "name": "Selby", "premises": "Selby Primary School" }, "geometry": { "type": "Point", "coordinates": [ 145.36754, -37.91151285 ] } },
{ "type": "Feature", "properties": { "name": "Serpell", "premises": "Serpell Primary School" }, "geometry": { "type": "Point", "coordinates": [ 145.1538327, -37.7697868 ] } },
{ "type": "Feature", "properties": { "name": "Serpentine", "premises": "Loddon Shire Council Offices" }, "geometry": { "type": "Point", "coordinates": [ 143.974272899999988, -36.40974536 ] } },
{ "type": "Feature", "properties": { "name": "Seville", "premises": "Seville Primary School" }, "geometry": { "type": "Point", "coordinates": [ 145.4644912, -37.77395511 ] } },
{ "type": "Feature", "properties": { "name": "Seymour", "premises": "Anglican Parish Hall" }, "geometry": { "type": "Point", "coordinates": [ 145.1365453, -37.02601415 ] } },
{ "type": "Feature", "properties": { "name": "Seymour East", "premises": "Seymour College" }, "geometry": { "type": "Point", "coordinates": [ 145.143349300000011, -37.03017208 ] } },
{ "type": "Feature", "properties": { "name": "Shannon", "premises": "Newtown Primary School" }, "geometry": { "type": "Point", "coordinates": [ 144.336967499999986, -38.1456305 ] } },
{ "type": "Feature", "properties": { "name": "Shepparton East", "premises": "Shepparton East Primary School" }, "geometry": { "type": "Point", "coordinates": [ 145.479852, -36.40050439 ] } },
{ "type": "Feature", "properties": { "name": "Sherbourne", "premises": "Sherbourne Primary School" }, "geometry": { "type": "Point", "coordinates": [ 145.129893399999986, -37.7090488 ] } },
{ "type": "Feature", "properties": { "name": "Shoreham", "premises": "Shoreham Hall" }, "geometry": { "type": "Point", "coordinates": [ 145.0453197, -38.42742483 ] } },
{ "type": "Feature", "properties": { "name": "Silvan", "premises": "Silvan Primary School" }, "geometry": { "type": "Point", "coordinates": [ 145.4210123, -37.8244646 ] } },
{ "type": "Feature", "properties": { "name": "Silverton", "premises": "St Elizabeth's Parish School" }, "geometry": { "type": "Point", "coordinates": [ 145.1978349, -37.94627458 ] } },
{ "type": "Feature", "properties": { "name": "Simpson", "premises": "Simpson Primary School Early Childhood Centre" }, "geometry": { "type": "Point", "coordinates": [ 143.208499, -38.49840141 ] } },
{ "type": "Feature", "properties": { "name": "Skipton", "premises": "Skipton Mechanics Institute" }, "geometry": { "type": "Point", "coordinates": [ 143.364634, -37.68688238 ] } },
{ "type": "Feature", "properties": { "name": "Skipton Street", "premises": "Skipton Street Uniting Church" }, "geometry": { "type": "Point", "coordinates": [ 143.845477, -37.57591851 ] } },
{ "type": "Feature", "properties": { "name": "Skye", "premises": "Discover Church" }, "geometry": { "type": "Point", "coordinates": [ 145.1942448, -38.11650818 ] } },
{ "type": "Feature", "properties": { "name": "Smeaton", "premises": "Smeaton Community Centre" }, "geometry": { "type": "Point", "coordinates": [ 143.9483303, -37.3331349 ] } },
{ "type": "Feature", "properties": { "name": "Smythesdale", "premises": "Smythesdale Recreation Facility" }, "geometry": { "type": "Point", "coordinates": [ 143.6826776, -37.6423164 ] } },
{ "type": "Feature", "properties": { "name": "Snake Valley", "premises": "Snake Valley Hall" }, "geometry": { "type": "Point", "coordinates": [ 143.5843939, -37.61238292 ] } },
{ "type": "Feature", "properties": { "name": "Somers", "premises": "RW Stone Pavilion" }, "geometry": { "type": "Point", "coordinates": [ 145.164325100000013, -38.38990838 ] } },
{ "type": "Feature", "properties": { "name": "Somerton", "premises": "Good Samaritan Catholic School" }, "geometry": { "type": "Point", "coordinates": [ 144.9339007, -37.62383002 ] } },
{ "type": "Feature", "properties": { "name": "Somerville", "premises": "Somerville Primary School" }, "geometry": { "type": "Point", "coordinates": [ 145.1787506, -38.22475189 ] } },
{ "type": "Feature", "properties": { "name": "Somerville West", "premises": "Somerville Rise Primary School" }, "geometry": { "type": "Point", "coordinates": [ 145.1683798, -38.23021331 ] } },
{ "type": "Feature", "properties": { "name": "Sorrento", "premises": "Sorrento Community Centre" }, "geometry": { "type": "Point", "coordinates": [ 144.7358463, -38.33863332 ] } },
{ "type": "Feature", "properties": { "name": "South Kensington", "premises": "Holy Rosary School" }, "geometry": { "type": "Point", "coordinates": [ 144.9288205, -37.79525859 ] } },
{ "type": "Feature", "properties": { "name": "South Melbourne", "premises": "South Melbourne Community Centre" }, "geometry": { "type": "Point", "coordinates": [ 144.9576695, -37.8368414 ] } },
{ "type": "Feature", "properties": { "name": "South Melbourne Park", "premises": "South Melbourne Park Primary School" }, "geometry": { "type": "Point", "coordinates": [ 144.9630972, -37.84112949 ] } },
{ "type": "Feature", "properties": { "name": "South Yarra", "premises": "Melbourne Girls Grammar Junior School" }, "geometry": { "type": "Point", "coordinates": [ 144.9887655, -37.83554823 ] } },
{ "type": "Feature", "properties": { "name": "Southbank", "premises": "Victorian College of the Arts Secondary School" }, "geometry": { "type": "Point", "coordinates": [ 144.9649379, -37.82820448 ] } },
{ "type": "Feature", "properties": { "name": "Southbank", "premises": "Victorian College of the Arts Secondary School" }, "geometry": { "type": "Point", "coordinates": [ 144.9649379, -37.82820448 ] } },
{ "type": "Feature", "properties": { "name": "Southmoor", "premises": "Southmoor Primary School" }, "geometry": { "type": "Point", "coordinates": [ 145.0559998, -37.94134495 ] } },
{ "type": "Feature", "properties": { "name": "Southvale", "premises": "Keysborough College - Banksia Campus" }, "geometry": { "type": "Point", "coordinates": [ 145.16082080000001, -37.96832951 ] } },
{ "type": "Feature", "properties": { "name": "Southwood", "premises": "Great Ryrie Primary School" }, "geometry": { "type": "Point", "coordinates": [ 145.2374992, -37.82425778 ] } },
{ "type": "Feature", "properties": { "name": "Sparrowhawk", "premises": "Long Gully Neighbourhood Centre" }, "geometry": { "type": "Point", "coordinates": [ 144.253495, -36.74945566 ] } },
{ "type": "Feature", "properties": { "name": "Specimen Hill", "premises": "Specimen Hill Primary School" }, "geometry": { "type": "Point", "coordinates": [ 144.248397, -36.76230279 ] } },
{ "type": "Feature", "properties": { "name": "Speed", "premises": "Speed Recreation Centre (Golf Club)" }, "geometry": { "type": "Point", "coordinates": [ 142.439539700000012, -35.39852938 ] } },
{ "type": "Feature", "properties": { "name": "Spotswood", "premises": "Spotswood Primary School" }, "geometry": { "type": "Point", "coordinates": [ 144.882286599999986, -37.83021228 ] } },
{ "type": "Feature", "properties": { "name": "Spotswood West", "premises": "South Kingsville Community Centre" }, "geometry": { "type": "Point", "coordinates": [ 144.8700308, -37.82888041 ] } },
{ "type": "Feature", "properties": { "name": "Spring Gully", "premises": "Spring Gully Tennis Club" }, "geometry": { "type": "Point", "coordinates": [ 144.2849697, -36.79168242 ] } },
{ "type": "Feature", "properties": { "name": "Spring Valley", "premises": "Spring Parks Primary School - Valley Campus" }, "geometry": { "type": "Point", "coordinates": [ 145.1390036, -37.96379256 ] } },
{ "type": "Feature", "properties": { "name": "Springhurst", "premises": "Springhurst Primary School" }, "geometry": { "type": "Point", "coordinates": [ 146.4682551, -36.18478257 ] } },
{ "type": "Feature", "properties": { "name": "Springside", "premises": "Springside P-9 College" }, "geometry": { "type": "Point", "coordinates": [ 144.738881, -37.71132893 ] } },
{ "type": "Feature", "properties": { "name": "Springvale", "premises": "Springvale Rise Primary School - Springvale Campus" }, "geometry": { "type": "Point", "coordinates": [ 145.152551499999987, -37.95176141 ] } },
{ "type": "Feature", "properties": { "name": "Springvale Central", "premises": "St Joseph's Catholic Primary School" }, "geometry": { "type": "Point", "coordinates": [ 145.150594, -37.95352446 ] } },
{ "type": "Feature", "properties": { "name": "Springvale Heights", "premises": "Springvale Rise Primary School - Springvale Heights Campus" }, "geometry": { "type": "Point", "coordinates": [ 145.1583852, -37.93948041 ] } },
{ "type": "Feature", "properties": { "name": "Springvale North", "premises": "Whitworth Avenue Pre-School" }, "geometry": { "type": "Point", "coordinates": [ 145.1462, -37.93978277 ] } },
{ "type": "Feature", "properties": { "name": "Springvale South", "premises": "Athol Road Primary School (West Campus)" }, "geometry": { "type": "Point", "coordinates": [ 145.150699, -37.97118709 ] } },
{ "type": "Feature", "properties": { "name": "Springvale West", "premises": "Spring Parks Primary School - West Campus" }, "geometry": { "type": "Point", "coordinates": [ 145.1395685, -37.95832242 ] } },
{ "type": "Feature", "properties": { "name": "Springvale West", "premises": "Spring Parks Primary School - West Campus" }, "geometry": { "type": "Point", "coordinates": [ 145.1395685, -37.95832242 ] } },
{ "type": "Feature", "properties": { "name": "St Albans", "premises": "St Albans Heights Primary School" }, "geometry": { "type": "Point", "coordinates": [ 144.809602, -37.74844761 ] } },
{ "type": "Feature", "properties": { "name": "St Albans East", "premises": "Biggs Street Meeting Room" }, "geometry": { "type": "Point", "coordinates": [ 144.8139349, -37.73831221 ] } },
{ "type": "Feature", "properties": { "name": "St Albans North", "premises": "St Albans North Primary School" }, "geometry": { "type": "Point", "coordinates": [ 144.8026082, -37.73233428 ] } },
{ "type": "Feature", "properties": { "name": "St Albans Park", "premises": "St Albans Uniting Church Hall" }, "geometry": { "type": "Point", "coordinates": [ 144.3888744, -38.18405323 ] } },
{ "type": "Feature", "properties": { "name": "St Albans South", "premises": "University Park Primary School" }, "geometry": { "type": "Point", "coordinates": [ 144.8030298, -37.75505276 ] } },
{ "type": "Feature", "properties": { "name": "St Albans South East", "premises": "Jackson School" }, "geometry": { "type": "Point", "coordinates": [ 144.814386899999988, -37.75581751 ] } },
{ "type": "Feature", "properties": { "name": "St Albans West", "premises": "Stevensville Primary School" }, "geometry": { "type": "Point", "coordinates": [ 144.7820154, -37.73632135 ] } },
{ "type": "Feature", "properties": { "name": "St Andrews", "premises": "St Andrews Primary School" }, "geometry": { "type": "Point", "coordinates": [ 145.26986, -37.60233 ] } },
{ "type": "Feature", "properties": { "name": "St Andrews Beach", "premises": "St Andrews Recreation Hall" }, "geometry": { "type": "Point", "coordinates": [ 144.8374134, -38.42266766 ] } },
{ "type": "Feature", "properties": { "name": "St Arnaud", "premises": "St Arnaud Senior Citizens Clubrooms" }, "geometry": { "type": "Point", "coordinates": [ 143.25879230000001, -36.61574935 ] } },
{ "type": "Feature", "properties": { "name": "St Georges Road", "premises": "St Georges Road Primary School" }, "geometry": { "type": "Point", "coordinates": [ 145.4052456, -36.3906726 ] } },
{ "type": "Feature", "properties": { "name": "St Gregory's", "premises": "St Gregory's the Great Primary School" }, "geometry": { "type": "Point", "coordinates": [ 145.123206, -37.7802853 ] } },
{ "type": "Feature", "properties": { "name": "St Helens", "premises": "Geelong West Oval St Helens Pavilion" }, "geometry": { "type": "Point", "coordinates": [ 144.3452734, -38.12900713 ] } },
{ "type": "Feature", "properties": { "name": "St Helens", "premises": "Geelong West Oval St Helens Pavilion" }, "geometry": { "type": "Point", "coordinates": [ 144.3452734, -38.12900713 ] } },
{ "type": "Feature", "properties": { "name": "St James", "premises": "St James Town Hall" }, "geometry": { "type": "Point", "coordinates": [ 145.8957782, -36.26970854 ] } },
{ "type": "Feature", "properties": { "name": "St Kilda", "premises": "St Kilda Town Hall" }, "geometry": { "type": "Point", "coordinates": [ 144.9882989, -37.86852261 ] } },
{ "type": "Feature", "properties": { "name": "St Kilda", "premises": "St Kilda Town Hall" }, "geometry": { "type": "Point", "coordinates": [ 144.9882989, -37.86852261 ] } },
{ "type": "Feature", "properties": { "name": "St Kilda", "premises": "St Kilda Town Hall" }, "geometry": { "type": "Point", "coordinates": [ 144.9882989, -37.86852261 ] } },
{ "type": "Feature", "properties": { "name": "St Kilda East", "premises": "St Michael's Grammar School" }, "geometry": { "type": "Point", "coordinates": [ 144.990378600000014, -37.85988152 ] } },
{ "type": "Feature", "properties": { "name": "St Kilda Park", "premises": "St Kilda Park Primary School" }, "geometry": { "type": "Point", "coordinates": [ 144.9780407, -37.85810805 ] } },
{ "type": "Feature", "properties": { "name": "St Kilda South", "premises": "Christ Church Mission Community Centre" }, "geometry": { "type": "Point", "coordinates": [ 144.9755041, -37.86386057 ] } },
{ "type": "Feature", "properties": { "name": "St Leonards", "premises": "St Leonards Memorial Hall" }, "geometry": { "type": "Point", "coordinates": [ 144.7149384, -38.17227278 ] } },
{ "type": "Feature", "properties": { "name": "Staceys Bridge", "premises": "Staceys Bridge Public Hall" }, "geometry": { "type": "Point", "coordinates": [ 146.5303514, -38.55506073 ] } },
{ "type": "Feature", "properties": { "name": "Stanhope", "premises": "Stanhope Public Hall" }, "geometry": { "type": "Point", "coordinates": [ 144.984263199999987, -36.44664374 ] } },
{ "type": "Feature", "properties": { "name": "Stanley", "premises": "Stanley Safer Place" }, "geometry": { "type": "Point", "coordinates": [ 146.754611399999987, -36.4031078 ] } },
{ "type": "Feature", "properties": { "name": "Starling", "premises": "St Scholastica's Catholic Primary School" }, "geometry": { "type": "Point", "coordinates": [ 145.1263068, -37.85195874 ] } },
{ "type": "Feature", "properties": { "name": "Starling", "premises": "St Scholastica's Catholic Primary School" }, "geometry": { "type": "Point", "coordinates": [ 145.1263068, -37.85195874 ] } },
{ "type": "Feature", "properties": { "name": "Stawell", "premises": "Stawell Senior Citizens Club Rooms" }, "geometry": { "type": "Point", "coordinates": [ 142.7771442, -37.0582313 ] } },
{ "type": "Feature", "properties": { "name": "Stawell West", "premises": "Stawell West Primary School" }, "geometry": { "type": "Point", "coordinates": [ 142.770105, -37.0657463 ] } },
{ "type": "Feature", "properties": { "name": "Stevensville", "premises": "Movelle Primary School" }, "geometry": { "type": "Point", "coordinates": [ 144.7759222, -37.73743663 ] } },
{ "type": "Feature", "properties": { "name": "Stevensville", "premises": "Movelle Primary School" }, "geometry": { "type": "Point", "coordinates": [ 144.7759222, -37.73743663 ] } },
{ "type": "Feature", "properties": { "name": "Storey", "premises": "Bourchier Street Primary School" }, "geometry": { "type": "Point", "coordinates": [ 145.41346870000001, -36.36810022 ] } },
{ "type": "Feature", "properties": { "name": "Stratford", "premises": "Stratford Mechanics Hall" }, "geometry": { "type": "Point", "coordinates": [ 147.0811785, -37.96607901 ] } },
{ "type": "Feature", "properties": { "name": "Strath Hill", "premises": "Kennington Primary School" }, "geometry": { "type": "Point", "coordinates": [ 144.308365, -36.76862078 ] } },
{ "type": "Feature", "properties": { "name": "Strathaird", "premises": "Strathaird Family and Community Centre" }, "geometry": { "type": "Point", "coordinates": [ 145.2880714, -38.06083072 ] } },
{ "type": "Feature", "properties": { "name": "Strathbogie", "premises": "Strathbogie Memorial Hall" }, "geometry": { "type": "Point", "coordinates": [ 145.736341, -36.85712545 ] } },
{ "type": "Feature", "properties": { "name": "Strathdale", "premises": "Strathdale Community Centre" }, "geometry": { "type": "Point", "coordinates": [ 144.3137389, -36.76090505 ] } },
{ "type": "Feature", "properties": { "name": "Strathfieldsaye", "premises": "Strathfieldsaye Uniting Church Hall" }, "geometry": { "type": "Point", "coordinates": [ 144.3549635, -36.80634156 ] } },
{ "type": "Feature", "properties": { "name": "Strathmerton", "premises": "Strathmerton Memorial Hall" }, "geometry": { "type": "Point", "coordinates": [ 145.47775, -35.92583 ] } },
{ "type": "Feature", "properties": { "name": "Strathmore", "premises": "Strathmore Secondary College" }, "geometry": { "type": "Point", "coordinates": [ 144.9263014, -37.73674226 ] } },
{ "type": "Feature", "properties": { "name": "Strathmore North", "premises": "1st Strathmore Scout Hall" }, "geometry": { "type": "Point", "coordinates": [ 144.9101482, -37.72471355 ] } },
{ "type": "Feature", "properties": { "name": "Strathmore North", "premises": "1st Strathmore Scout Hall" }, "geometry": { "type": "Point", "coordinates": [ 144.9101482, -37.72471355 ] } },
{ "type": "Feature", "properties": { "name": "Strathmore North", "premises": "1st Strathmore Scout Hall" }, "geometry": { "type": "Point", "coordinates": [ 144.9101482, -37.72471355 ] } },
{ "type": "Feature", "properties": { "name": "Strathtulloh", "premises": "Strathtulloh Primary School" }, "geometry": { "type": "Point", "coordinates": [ 144.5895856, -37.71640416 ] } },
{ "type": "Feature", "properties": { "name": "Streatham", "premises": "Streatham Public Hall" }, "geometry": { "type": "Point", "coordinates": [ 143.0623407, -37.67924188 ] } },
{ "type": "Feature", "properties": { "name": "Streeton", "premises": "Streeton Primary School" }, "geometry": { "type": "Point", "coordinates": [ 145.1012009, -37.72141417 ] } },
{ "type": "Feature", "properties": { "name": "Streeton", "premises": "Streeton Primary School" }, "geometry": { "type": "Point", "coordinates": [ 145.1012009, -37.72141417 ] } },
{ "type": "Feature", "properties": { "name": "Studfield East", "premises": "Knox Central Primary School" }, "geometry": { "type": "Point", "coordinates": [ 145.2551008, -37.86109587 ] } },
{ "type": "Feature", "properties": { "name": "Studley Park", "premises": "Burke Hall (Xavier Prep School)" }, "geometry": { "type": "Point", "coordinates": [ 145.0139737, -37.80515976 ] } },
{ "type": "Feature", "properties": { "name": "Sunbury", "premises": "Sunbury College" }, "geometry": { "type": "Point", "coordinates": [ 144.7291912, -37.57339893 ] } },
{ "type": "Feature", "properties": { "name": "Sunbury Central", "premises": "Sunbury Memorial Hall" }, "geometry": { "type": "Point", "coordinates": [ 144.732746600000013, -37.57956868 ] } },
{ "type": "Feature", "properties": { "name": "Sunbury Heights", "premises": "Sunbury Heights Primary School" }, "geometry": { "type": "Point", "coordinates": [ 144.7062731, -37.58086764 ] } },
{ "type": "Feature", "properties": { "name": "Sunbury North", "premises": "Kismet Park Primary School" }, "geometry": { "type": "Point", "coordinates": [ 144.72867930000001, -37.56541474 ] } },
{ "type": "Feature", "properties": { "name": "Sunbury North West", "premises": "Killara Primary School" }, "geometry": { "type": "Point", "coordinates": [ 144.7054837, -37.56416796 ] } },
{ "type": "Feature", "properties": { "name": "Sunbury West", "premises": "Our Lady of Mt Carmel Parish Hall" }, "geometry": { "type": "Point", "coordinates": [ 144.7197689, -37.56820345 ] } },
{ "type": "Feature", "properties": { "name": "Sunnycliffs", "premises": "Irymple South Primary School" }, "geometry": { "type": "Point", "coordinates": [ 142.1899493, -34.25236262 ] } },
{ "type": "Feature", "properties": { "name": "Sunshine North", "premises": "St Bernadette's Catholic Primary School" }, "geometry": { "type": "Point", "coordinates": [ 144.834930899999989, -37.7710767 ] } },
{ "type": "Feature", "properties": { "name": "Sunvale", "premises": "Sunshine Harvester School" }, "geometry": { "type": "Point", "coordinates": [ 144.846048700000011, -37.78284277 ] } },
{ "type": "Feature", "properties": { "name": "Sunvale", "premises": "Sunshine Harvester School" }, "geometry": { "type": "Point", "coordinates": [ 144.846048700000011, -37.78284277 ] } },
{ "type": "Feature", "properties": { "name": "Surfside", "premises": "Surfside Primary School" }, "geometry": { "type": "Point", "coordinates": [ 144.5416535, -38.26160027 ] } },
{ "type": "Feature", "properties": { "name": "Surrey Hills", "premises": "Surrey Hills Uniting Church Hall" }, "geometry": { "type": "Point", "coordinates": [ 145.1018732, -37.82604453 ] } },
{ "type": "Feature", "properties": { "name": "Surrey Hills", "premises": "Surrey Hills Uniting Church Hall" }, "geometry": { "type": "Point", "coordinates": [ 145.1018732, -37.82604453 ] } },
{ "type": "Feature", "properties": { "name": "Surrey Hills North", "premises": "Holy Trinity Surrey Hills Church Hall" }, "geometry": { "type": "Point", "coordinates": [ 145.098006, -37.82243033 ] } },
{ "type": "Feature", "properties": { "name": "Surrey Hills North", "premises": "Holy Trinity Surrey Hills Church Hall" }, "geometry": { "type": "Point", "coordinates": [ 145.098006, -37.82243033 ] } },
{ "type": "Feature", "properties": { "name": "Surrey Hills North", "premises": "Holy Trinity Surrey Hills Church Hall" }, "geometry": { "type": "Point", "coordinates": [ 145.098006, -37.82243033 ] } },
{ "type": "Feature", "properties": { "name": "Sussex Heights", "premises": "Mount Waverley Heights Primary School" }, "geometry": { "type": "Point", "coordinates": [ 145.1118668, -37.88918401 ] } },
{ "type": "Feature", "properties": { "name": "Swan Hill", "premises": "Swan Hill Anglican Function Centre" }, "geometry": { "type": "Point", "coordinates": [ 143.556702300000012, -35.33972228 ] } },
{ "type": "Feature", "properties": { "name": "Swan Hill North", "premises": "Swan Hill North Primary School" }, "geometry": { "type": "Point", "coordinates": [ 143.54644110000001, -35.33222076 ] } },
{ "type": "Feature", "properties": { "name": "Swan Hill South", "premises": "Swan Hill College Longhurst Hall - FLO Campus" }, "geometry": { "type": "Point", "coordinates": [ 143.562488800000011, -35.3563297 ] } },
{ "type": "Feature", "properties": { "name": "Swan Hill West", "premises": "Swan Hill Primary School" }, "geometry": { "type": "Point", "coordinates": [ 143.5437033, -35.34643535 ] } },
{ "type": "Feature", "properties": { "name": "Swanpool", "premises": "Albert Heaney Recreation Reserve Clubrooms" }, "geometry": { "type": "Point", "coordinates": [ 146.00169120000001, -36.74953483 ] } },
{ "type": "Feature", "properties": { "name": "Swifts Creek", "premises": "Swifts Creek Hall" }, "geometry": { "type": "Point", "coordinates": [ 147.721987, -37.26421824 ] } },
{ "type": "Feature", "properties": { "name": "Sydenham", "premises": "Sydenham-Hillside Primary School - Sydenham Campus" }, "geometry": { "type": "Point", "coordinates": [ 144.7628537, -37.70186791 ] } },
{ "type": "Feature", "properties": { "name": "Sydenham East", "premises": "Catholic Regional College Sydenham" }, "geometry": { "type": "Point", "coordinates": [ 144.7721555, -37.69915515 ] } },
{ "type": "Feature", "properties": { "name": "Sydenham West", "premises": "Brimbank City Salvation Army Church" }, "geometry": { "type": "Point", "coordinates": [ 144.778618200000011, -37.70835595 ] } },
{ "type": "Feature", "properties": { "name": "Syndal North", "premises": "Mount Waverley North Primary School" }, "geometry": { "type": "Point", "coordinates": [ 145.1405964, -37.86744556 ] } },
{ "type": "Feature", "properties": { "name": "Syndal South", "premises": "Syndal South Primary School" }, "geometry": { "type": "Point", "coordinates": [ 145.1424294, -37.87950231 ] } },
{ "type": "Feature", "properties": { "name": "Taggerty", "premises": "Taggerty Hall" }, "geometry": { "type": "Point", "coordinates": [ 145.712272399999989, -37.32127497 ] } },
{ "type": "Feature", "properties": { "name": "Talbot", "premises": "Talbot Primary School" }, "geometry": { "type": "Point", "coordinates": [ 143.70401480000001, -37.16865631 ] } },
{ "type": "Feature", "properties": { "name": "Tallangatta", "premises": "Tallangatta Memorial Hall" }, "geometry": { "type": "Point", "coordinates": [ 147.177676600000012, -36.21599975 ] } },
{ "type": "Feature", "properties": { "name": "Tallangatta Valley", "premises": "Tallangatta Valley Public Hall" }, "geometry": { "type": "Point", "coordinates": [ 147.3915528, -36.28772722 ] } },
{ "type": "Feature", "properties": { "name": "Tallarook", "premises": "Tallarook Primary School" }, "geometry": { "type": "Point", "coordinates": [ 145.1010746, -37.09718413 ] } },
{ "type": "Feature", "properties": { "name": "Tally Ho", "premises": "East Burwood Hall" }, "geometry": { "type": "Point", "coordinates": [ 145.1617455, -37.85415787 ] } },
{ "type": "Feature", "properties": { "name": "Tallygaroopna", "premises": "Tallygaroopna Primary School" }, "geometry": { "type": "Point", "coordinates": [ 145.436588300000011, -36.23875717 ] } },
{ "type": "Feature", "properties": { "name": "Tangambalanga", "premises": "Tangambalanga Community Centre" }, "geometry": { "type": "Point", "coordinates": [ 147.028759400000013, -36.2520185 ] } },
{ "type": "Feature", "properties": { "name": "Tanjil South", "premises": "Tanjil South Primary School" }, "geometry": { "type": "Point", "coordinates": [ 146.2527475, -38.11911116 ] } },
{ "type": "Feature", "properties": { "name": "Tanti Park", "premises": "Mornington Park Primary School" }, "geometry": { "type": "Point", "coordinates": [ 145.0587242, -38.22589382 ] } },
{ "type": "Feature", "properties": { "name": "Taradale", "premises": "Taradale Primary School" }, "geometry": { "type": "Point", "coordinates": [ 144.3515578, -37.14116151 ] } },
{ "type": "Feature", "properties": { "name": "Tarnagulla", "premises": "Victoria Theatre/Tarnagulla Hall" }, "geometry": { "type": "Point", "coordinates": [ 143.8328684, -36.77032517 ] } },
{ "type": "Feature", "properties": { "name": "Tarneit", "premises": "Baden Powell P-9 College - Tarneit Campus" }, "geometry": { "type": "Point", "coordinates": [ 144.694192500000014, -37.84150998 ] } },
{ "type": "Feature", "properties": { "name": "Tarneit East", "premises": "Thomas Carr College" }, "geometry": { "type": "Point", "coordinates": [ 144.7021743, -37.84838669 ] } },
{ "type": "Feature", "properties": { "name": "Tarneit North", "premises": "Tarneit P-9 College" }, "geometry": { "type": "Point", "coordinates": [ 144.6804324, -37.8374256 ] } },
{ "type": "Feature", "properties": { "name": "Tarneit Rise", "premises": "Tarneit Rise Primary School" }, "geometry": { "type": "Point", "coordinates": [ 144.665564, -37.83729633 ] } },
{ "type": "Feature", "properties": { "name": "Tarneit West", "premises": "Good News Lutheran College" }, "geometry": { "type": "Point", "coordinates": [ 144.665393599999987, -37.85459425 ] } },
{ "type": "Feature", "properties": { "name": "Tarrawingee", "premises": "Tarrawingee Hall" }, "geometry": { "type": "Point", "coordinates": [ 146.44581980000001, -36.39105043 ] } },
{ "type": "Feature", "properties": { "name": "Tarrington", "premises": "Tarrington Church Hall" }, "geometry": { "type": "Point", "coordinates": [ 142.0947543, -37.76692487 ] } },
{ "type": "Feature", "properties": { "name": "Tarwin Lower", "premises": "Tarwin Lower Mechanics Institute" }, "geometry": { "type": "Point", "coordinates": [ 145.8671173, -38.69912381 ] } },
{ "type": "Feature", "properties": { "name": "Tatong", "premises": "Tatong Memorial Hall" }, "geometry": { "type": "Point", "coordinates": [ 146.1090347, -36.73064131 ] } },
{ "type": "Feature", "properties": { "name": "Tatura", "premises": "Tatura Primary School" }, "geometry": { "type": "Point", "coordinates": [ 145.229211600000014, -36.44372383 ] } },
{ "type": "Feature", "properties": { "name": "Tatyoon", "premises": "Tatyoon Public Hall" }, "geometry": { "type": "Point", "coordinates": [ 142.9438144, -37.5231786 ] } },
{ "type": "Feature", "properties": { "name": "Tawonga", "premises": "Tawonga Primary School" }, "geometry": { "type": "Point", "coordinates": [ 147.143464599999987, -36.69124984 ] } },
{ "type": "Feature", "properties": { "name": "Taylors Hill", "premises": "Taylors Hill Primary School" }, "geometry": { "type": "Point", "coordinates": [ 144.7591351, -37.71630077 ] } },
{ "type": "Feature", "properties": { "name": "Taylors Lakes", "premises": "Taylors Lakes Primary School" }, "geometry": { "type": "Point", "coordinates": [ 144.792468, -37.70996692 ] } },
{ "type": "Feature", "properties": { "name": "Taylors Lakes Central", "premises": "Taylors Lakes Secondary College" }, "geometry": { "type": "Point", "coordinates": [ 144.7942842, -37.70839301 ] } },
{ "type": "Feature", "properties": { "name": "Taylors Lakes North", "premises": "Overnewton Anglican Community College - Canowindra Campus" }, "geometry": { "type": "Point", "coordinates": [ 144.7746861, -37.68990309 ] } },
{ "type": "Feature", "properties": { "name": "Tecoma", "premises": "Tecoma Primary School" }, "geometry": { "type": "Point", "coordinates": [ 145.3446176, -37.90682153 ] } },
{ "type": "Feature", "properties": { "name": "Teesdale", "premises": "Teesdale Community Hall" }, "geometry": { "type": "Point", "coordinates": [ 144.0466772, -38.02886983 ] } },
{ "type": "Feature", "properties": { "name": "Templestowe", "premises": "Manningham Templestowe Leisure Centre" }, "geometry": { "type": "Point", "coordinates": [ 145.12993130000001, -37.75849223 ] } },
{ "type": "Feature", "properties": { "name": "Templestowe Heights", "premises": "Templestowe Heights Primary School" }, "geometry": { "type": "Point", "coordinates": [ 145.119897, -37.76614868 ] } },
{ "type": "Feature", "properties": { "name": "Templestowe Park", "premises": "Templestowe Park Primary School" }, "geometry": { "type": "Point", "coordinates": [ 145.1433404, -37.75634116 ] } },
{ "type": "Feature", "properties": { "name": "Templestowe Valley", "premises": "Templestowe Valley Primary School" }, "geometry": { "type": "Point", "coordinates": [ 145.111000499999989, -37.75988049 ] } },
{ "type": "Feature", "properties": { "name": "Templeton", "premises": "Templeton Primary School" }, "geometry": { "type": "Point", "coordinates": [ 145.2323164, -37.86088071 ] } },
{ "type": "Feature", "properties": { "name": "Terang", "premises": "Terang Civic Hall" }, "geometry": { "type": "Point", "coordinates": [ 142.915052800000012, -38.24118226 ] } },
{ "type": "Feature", "properties": { "name": "Tetoora Road", "premises": "Tetoora Road Community Centre" }, "geometry": { "type": "Point", "coordinates": [ 145.893063899999987, -38.27108885 ] } },
{ "type": "Feature", "properties": { "name": "The Basin", "premises": "St Bernadette's Catholic Primary School" }, "geometry": { "type": "Point", "coordinates": [ 145.3117378, -37.85304412 ] } },
{ "type": "Feature", "properties": { "name": "The Glen", "premises": "Glen Waverley Secondary College" }, "geometry": { "type": "Point", "coordinates": [ 145.1631697, -37.8782528 ] } },
{ "type": "Feature", "properties": { "name": "The Grange", "premises": "The Grange P-12 College - Deloraine Campus" }, "geometry": { "type": "Point", "coordinates": [ 144.674275, -37.85788308 ] } },
{ "type": "Feature", "properties": { "name": "The Lakes", "premises": "The Lakes South Morang College - Early Years Campus" }, "geometry": { "type": "Point", "coordinates": [ 145.0781878, -37.62954398 ] } },
{ "type": "Feature", "properties": { "name": "The Patch", "premises": "The Patch Primary School" }, "geometry": { "type": "Point", "coordinates": [ 145.3934836, -37.89297052 ] } },
{ "type": "Feature", "properties": { "name": "The Pines", "premises": "Deep Creek Anglican Church Hall" }, "geometry": { "type": "Point", "coordinates": [ 145.166204, -37.76640727 ] } },
{ "type": "Feature", "properties": { "name": "The Pines", "premises": "Deep Creek Anglican Church Hall" }, "geometry": { "type": "Point", "coordinates": [ 145.166204, -37.76640727 ] } },
{ "type": "Feature", "properties": { "name": "The Stables", "premises": "Mill Park Secondary College - Middle Years Campus" }, "geometry": { "type": "Point", "coordinates": [ 145.063262, -37.66386052 ] } },
{ "type": "Feature", "properties": { "name": "The Stables", "premises": "Mill Park Secondary College - Middle Years Campus" }, "geometry": { "type": "Point", "coordinates": [ 145.063262, -37.66386052 ] } },
{ "type": "Feature", "properties": { "name": "The Stockade", "premises": "St Alipius Primary School" }, "geometry": { "type": "Point", "coordinates": [ 143.8738205, -37.56163078 ] } },
{ "type": "Feature", "properties": { "name": "Thomas Chirnside", "premises": "Thomas Chirnside Primary School" }, "geometry": { "type": "Point", "coordinates": [ 144.6388459, -37.90296119 ] } },
{ "type": "Feature", "properties": { "name": "Thomastown", "premises": "Thomastown Primary School" }, "geometry": { "type": "Point", "coordinates": [ 145.011989199999988, -37.68252671 ] } },
{ "type": "Feature", "properties": { "name": "Thomastown East", "premises": "Thomastown East Primary School" }, "geometry": { "type": "Point", "coordinates": [ 145.024881099999988, -37.68051118 ] } },
{ "type": "Feature", "properties": { "name": "Thomastown Meadows", "premises": "Thomastown Meadows Primary School" }, "geometry": { "type": "Point", "coordinates": [ 144.9920273, -37.68181452 ] } },
{ "type": "Feature", "properties": { "name": "Thomastown West", "premises": "Thomastown Secondary College" }, "geometry": { "type": "Point", "coordinates": [ 145.00202250000001, -37.67896207 ] } },
{ "type": "Feature", "properties": { "name": "Thomson", "premises": "East Geelong Senior Citizens Club" }, "geometry": { "type": "Point", "coordinates": [ 144.377591599999988, -38.16534442 ] } },
{ "type": "Feature", "properties": { "name": "Thoona", "premises": "Thoona Memorial Hall" }, "geometry": { "type": "Point", "coordinates": [ 146.0769711, -36.33980754 ] } },
{ "type": "Feature", "properties": { "name": "Thornbury", "premises": "Thornbury Primary School" }, "geometry": { "type": "Point", "coordinates": [ 144.9962172, -37.75547034 ] } },
{ "type": "Feature", "properties": { "name": "Thornbury East", "premises": "Penders Grove Primary School" }, "geometry": { "type": "Point", "coordinates": [ 145.0140644, -37.75448853 ] } },
{ "type": "Feature", "properties": { "name": "Thornbury South", "premises": "Wales Street Primary School" }, "geometry": { "type": "Point", "coordinates": [ 145.0081921, -37.76212073 ] } },
{ "type": "Feature", "properties": { "name": "Thornton", "premises": "Thornton Memorial Hall" }, "geometry": { "type": "Point", "coordinates": [ 145.7974348, -37.25748846 ] } },
{ "type": "Feature", "properties": { "name": "Thorpdale", "premises": "Thorpdale Public Hall" }, "geometry": { "type": "Point", "coordinates": [ 146.1774073, -38.28766648 ] } },
{ "type": "Feature", "properties": { "name": "Timbarra", "premises": "Timbarra P-9 College" }, "geometry": { "type": "Point", "coordinates": [ 145.3185316, -38.01655776 ] } },
{ "type": "Feature", "properties": { "name": "Timbarra", "premises": "Timbarra P-9 College" }, "geometry": { "type": "Point", "coordinates": [ 145.3185316, -38.01655776 ] } },
{ "type": "Feature", "properties": { "name": "Timboon", "premises": "Timboon and District Hall" }, "geometry": { "type": "Point", "coordinates": [ 142.973024400000014, -38.48422949 ] } },
{ "type": "Feature", "properties": { "name": "Tinamba", "premises": "Tinamba Community Meeting Room" }, "geometry": { "type": "Point", "coordinates": [ 146.8918196, -37.96339173 ] } },
{ "type": "Feature", "properties": { "name": "Tinternvale", "premises": "Tinternvale Primary School" }, "geometry": { "type": "Point", "coordinates": [ 145.2653923, -37.81846169 ] } },
{ "type": "Feature", "properties": { "name": "Tinternvale", "premises": "Tinternvale Primary School" }, "geometry": { "type": "Point", "coordinates": [ 145.2653923, -37.81846169 ] } },
{ "type": "Feature", "properties": { "name": "Tolmie", "premises": "Tolmie Mechanics Institute Hall" }, "geometry": { "type": "Point", "coordinates": [ 146.2386971, -36.93592091 ] } },
{ "type": "Feature", "properties": { "name": "Tongala", "premises": "Tongala Shire Hall" }, "geometry": { "type": "Point", "coordinates": [ 144.950038, -36.25038758 ] } },
{ "type": "Feature", "properties": { "name": "Tooborac", "premises": "Tooborac Mechanics Hall" }, "geometry": { "type": "Point", "coordinates": [ 144.7985268, -37.03898048 ] } },
{ "type": "Feature", "properties": { "name": "Toolamba", "premises": "Toolamba Primary School" }, "geometry": { "type": "Point", "coordinates": [ 145.344301, -36.49032046 ] } },
{ "type": "Feature", "properties": { "name": "Toolangi", "premises": "Toolangi Memorial Hall" }, "geometry": { "type": "Point", "coordinates": [ 145.4738532, -37.5379177 ] } },
{ "type": "Feature", "properties": { "name": "Toolern", "premises": "Toolern Vale Primary School" }, "geometry": { "type": "Point", "coordinates": [ 144.5939653, -37.60661196 ] } },
{ "type": "Feature", "properties": { "name": "Toolern", "premises": "Toolern Vale Primary School" }, "geometry": { "type": "Point", "coordinates": [ 144.5939653, -37.60661196 ] } },
{ "type": "Feature", "properties": { "name": "Toolleen", "premises": "Toolleen Uniting Church Hall" }, "geometry": { "type": "Point", "coordinates": [ 144.685117100000014, -36.71962919 ] } },
{ "type": "Feature", "properties": { "name": "Toolondo", "premises": "Toolondo Recreation Reserve" }, "geometry": { "type": "Point", "coordinates": [ 141.9350397, -36.99043846 ] } },
{ "type": "Feature", "properties": { "name": "Toomuc Valley", "premises": "Toomuc Valley Public Hall" }, "geometry": { "type": "Point", "coordinates": [ 145.4621843, -38.0319009 ] } },
{ "type": "Feature", "properties": { "name": "Toongabbie", "premises": "Toongabbie Primary School" }, "geometry": { "type": "Point", "coordinates": [ 146.6253087, -38.0568184 ] } },
{ "type": "Feature", "properties": { "name": "Toora", "premises": "Toora Community Hall" }, "geometry": { "type": "Point", "coordinates": [ 146.325673, -38.66406909 ] } },
{ "type": "Feature", "properties": { "name": "Tooradin", "premises": "Tooradin Primary School" }, "geometry": { "type": "Point", "coordinates": [ 145.3783714, -38.20736106 ] } },
{ "type": "Feature", "properties": { "name": "Toorak", "premises": "St Catherine's School" }, "geometry": { "type": "Point", "coordinates": [ 145.021739, -37.83859188 ] } },
{ "type": "Feature", "properties": { "name": "Toorak Central", "premises": "Toorak Primary School" }, "geometry": { "type": "Point", "coordinates": [ 145.009993400000013, -37.84476409 ] } },
{ "type": "Feature", "properties": { "name": "Toorak Central", "premises": "Toorak Primary School" }, "geometry": { "type": "Point", "coordinates": [ 145.009993400000013, -37.84476409 ] } },
{ "type": "Feature", "properties": { "name": "Toorak West", "premises": "Geelong Grammar School - Toorak Campus" }, "geometry": { "type": "Point", "coordinates": [ 145.009022, -37.83926423 ] } },
{ "type": "Feature", "properties": { "name": "Toorak West", "premises": "Geelong Grammar School - Toorak Campus" }, "geometry": { "type": "Point", "coordinates": [ 145.009022, -37.83926423 ] } },
{ "type": "Feature", "properties": { "name": "Toorloo Arm", "premises": "Toorloo Arm Primary School" }, "geometry": { "type": "Point", "coordinates": [ 148.051012899999989, -37.85235123 ] } },
{ "type": "Feature", "properties": { "name": "Tootgarook", "premises": "Tootgarook Primary School" }, "geometry": { "type": "Point", "coordinates": [ 144.8571605, -38.36967649 ] } },
{ "type": "Feature", "properties": { "name": "Torquay", "premises": "Wurdi Baierr Stadium" }, "geometry": { "type": "Point", "coordinates": [ 144.322093599999988, -38.30390488 ] } },
{ "type": "Feature", "properties": { "name": "Torquay North", "premises": "St Therese Primary School" }, "geometry": { "type": "Point", "coordinates": [ 144.3128083, -38.3214931 ] } },
{ "type": "Feature", "properties": { "name": "Torrumbarry", "premises": "Torrumbarry Public Hall" }, "geometry": { "type": "Point", "coordinates": [ 144.5145838, -36.0285117 ] } },
{ "type": "Feature", "properties": { "name": "Tottenham North", "premises": "Western English Language School - Tottenham" }, "geometry": { "type": "Point", "coordinates": [ 144.8540744, -37.79153092 ] } },
{ "type": "Feature", "properties": { "name": "Trafalgar", "premises": "Trafalgar Primary School" }, "geometry": { "type": "Point", "coordinates": [ 146.1597099, -38.21478549 ] } },
{ "type": "Feature", "properties": { "name": "Traralgon", "premises": "Grey Street Primary School" }, "geometry": { "type": "Point", "coordinates": [ 146.537367, -38.19309744 ] } },
{ "type": "Feature", "properties": { "name": "Traralgon East", "premises": "Liddiard Road Primary School" }, "geometry": { "type": "Point", "coordinates": [ 146.5527984, -38.20216434 ] } },
{ "type": "Feature", "properties": { "name": "Traralgon North", "premises": "Lavalla Catholic College - St Paul's Campus" }, "geometry": { "type": "Point", "coordinates": [ 146.5154762, -38.18957002 ] } },
{ "type": "Feature", "properties": { "name": "Traralgon North East", "premises": "Traralgon Uniting Church Hall" }, "geometry": { "type": "Point", "coordinates": [ 146.5525031, -38.18864818 ] } },
{ "type": "Feature", "properties": { "name": "Traralgon South", "premises": "Traralgon South Community Hall" }, "geometry": { "type": "Point", "coordinates": [ 146.5393736, -38.29644208 ] } },
{ "type": "Feature", "properties": { "name": "Traralgon West", "premises": "Connecting2Australia" }, "geometry": { "type": "Point", "coordinates": [ 146.533798100000013, -38.20700573 ] } },
{ "type": "Feature", "properties": { "name": "Trentham", "premises": "Trentham Primary School" }, "geometry": { "type": "Point", "coordinates": [ 144.328641, -37.38818961 ] } },
{ "type": "Feature", "properties": { "name": "Truganina", "premises": "St Clare's Catholic Primary School" }, "geometry": { "type": "Point", "coordinates": [ 144.7281681, -37.84361826 ] } },
{ "type": "Feature", "properties": { "name": "Truganina North", "premises": "Garrang Wilam Primary School" }, "geometry": { "type": "Point", "coordinates": [ 144.725382200000013, -37.82786906 ] } },
{ "type": "Feature", "properties": { "name": "Truganina South", "premises": "Truganina South Primary School" }, "geometry": { "type": "Point", "coordinates": [ 144.725851299999988, -37.86366494 ] } },
{ "type": "Feature", "properties": { "name": "Tullamarine", "premises": "Tullamarine Primary School" }, "geometry": { "type": "Point", "coordinates": [ 144.8783719, -37.7025178 ] } },
{ "type": "Feature", "properties": { "name": "Tulliallan", "premises": "Tulliallan Primary School" }, "geometry": { "type": "Point", "coordinates": [ 145.3273428, -38.08157264 ] } },
{ "type": "Feature", "properties": { "name": "Tulliallan", "premises": "Tulliallan Primary School" }, "geometry": { "type": "Point", "coordinates": [ 145.3273428, -38.08157264 ] } },
{ "type": "Feature", "properties": { "name": "Tungamah", "premises": "Tungamah Primary School" }, "geometry": { "type": "Point", "coordinates": [ 145.8796575, -36.16139735 ] } },
{ "type": "Feature", "properties": { "name": "Tunstall", "premises": "Donvale Primary School" }, "geometry": { "type": "Point", "coordinates": [ 145.1736358, -37.79991253 ] } },
{ "type": "Feature", "properties": { "name": "Tyabb", "premises": "Tyabb Rail Primary School" }, "geometry": { "type": "Point", "coordinates": [ 145.1920308, -38.26179279 ] } },
{ "type": "Feature", "properties": { "name": "Tyers", "premises": "Tyers Primary School" }, "geometry": { "type": "Point", "coordinates": [ 146.478250300000013, -38.14899975 ] } },
{ "type": "Feature", "properties": { "name": "Tylden", "premises": "Tylden Primary School" }, "geometry": { "type": "Point", "coordinates": [ 144.4087303, -37.32508527 ] } },
{ "type": "Feature", "properties": { "name": "Tyne", "premises": "11th Box Hill Scout Hall" }, "geometry": { "type": "Point", "coordinates": [ 145.1277878, -37.8107914 ] } },
{ "type": "Feature", "properties": { "name": "Tynong", "premises": "Tynong Public Hall" }, "geometry": { "type": "Point", "coordinates": [ 145.625825099999986, -38.08447563 ] } },
{ "type": "Feature", "properties": { "name": "Ultima", "premises": "Ultima Community Hall" }, "geometry": { "type": "Point", "coordinates": [ 143.2677627, -35.47056487 ] } },
{ "type": "Feature", "properties": { "name": "Undera", "premises": "Undera Primary School" }, "geometry": { "type": "Point", "coordinates": [ 145.2192846, -36.27623382 ] } },
{ "type": "Feature", "properties": { "name": "Underbool", "premises": "Underbool Early Learning Centre" }, "geometry": { "type": "Point", "coordinates": [ 141.8110704, -35.1700676 ] } },
{ "type": "Feature", "properties": { "name": "Upfield", "premises": "Dallas Brooks Community Primary School" }, "geometry": { "type": "Point", "coordinates": [ 144.9425929, -37.66961438 ] } },
{ "type": "Feature", "properties": { "name": "Upwey", "premises": "Upwey Primary School" }, "geometry": { "type": "Point", "coordinates": [ 145.3327266, -37.90288813 ] } },
{ "type": "Feature", "properties": { "name": "Valencia Creek", "premises": "Valencia Creek Soldiers Memorial Hall" }, "geometry": { "type": "Point", "coordinates": [ 146.9897892, -37.82548567 ] } },
{ "type": "Feature", "properties": { "name": "Vermont North", "premises": "1st Vermont Scout Group" }, "geometry": { "type": "Point", "coordinates": [ 145.1960746, -37.83574024 ] } },
{ "type": "Feature", "properties": { "name": "Vermont North", "premises": "1st Vermont Scout Group" }, "geometry": { "type": "Point", "coordinates": [ 145.1960746, -37.83574024 ] } },
{ "type": "Feature", "properties": { "name": "Victory", "premises": "Victory Lutheran Primary School" }, "geometry": { "type": "Point", "coordinates": [ 146.845298899999989, -36.11670033 ] } },
{ "type": "Feature", "properties": { "name": "Viewbank", "premises": "Viewbank Primary School" }, "geometry": { "type": "Point", "coordinates": [ 145.089864799999987, -37.73391578 ] } },
{ "type": "Feature", "properties": { "name": "Violet Town", "premises": "Violet Town Community Complex" }, "geometry": { "type": "Point", "coordinates": [ 145.717428500000011, -36.63700164 ] } },
{ "type": "Feature", "properties": { "name": "Waaia", "premises": "Waaia/Yalca South Primary School" }, "geometry": { "type": "Point", "coordinates": [ 145.3289892, -36.05108857 ] } },
{ "type": "Feature", "properties": { "name": "Wahgunyah", "premises": "Wahgunyah School of Arts Hall" }, "geometry": { "type": "Point", "coordinates": [ 146.3936507, -36.01072087 ] } },
{ "type": "Feature", "properties": { "name": "Waiora", "premises": "Rosanna Baptist Church" }, "geometry": { "type": "Point", "coordinates": [ 145.0578839, -37.74644379 ] } },
{ "type": "Feature", "properties": { "name": "Wakefield", "premises": "Whitehorse Primary School" }, "geometry": { "type": "Point", "coordinates": [ 145.167719, -37.8083535 ] } },
{ "type": "Feature", "properties": { "name": "Wallan", "premises": "Wallan Primary School" }, "geometry": { "type": "Point", "coordinates": [ 144.9744899, -37.41243548 ] } },
{ "type": "Feature", "properties": { "name": "Wallan South", "premises": "Wallan Secondary College" }, "geometry": { "type": "Point", "coordinates": [ 144.9797735, -37.41964641 ] } },
{ "type": "Feature", "properties": { "name": "Wallarano", "premises": "Wallarano Primary School" }, "geometry": { "type": "Point", "coordinates": [ 145.1710405, -37.97956598 ] } },
{ "type": "Feature", "properties": { "name": "Wallington", "premises": "Wallington Primary School" }, "geometry": { "type": "Point", "coordinates": [ 144.5060138, -38.21936777 ] } },
{ "type": "Feature", "properties": { "name": "Walwa", "premises": "Walwa Servicemen's Memorial Hall" }, "geometry": { "type": "Point", "coordinates": [ 147.7371307, -35.96398611 ] } },
{ "type": "Feature", "properties": { "name": "Wandiligong", "premises": "Wandiligong Primary School" }, "geometry": { "type": "Point", "coordinates": [ 146.982683400000013, -36.76887117 ] } },
{ "type": "Feature", "properties": { "name": "Wandin East", "premises": "Wandin East Public Hall" }, "geometry": { "type": "Point", "coordinates": [ 145.4583876, -37.816071 ] } },
{ "type": "Feature", "properties": { "name": "Wandin Yallock", "premises": "Wandin Yallock Primary School" }, "geometry": { "type": "Point", "coordinates": [ 145.4366488, -37.79027985 ] } },
{ "type": "Feature", "properties": { "name": "Wandong", "premises": "Wandong Primary School" }, "geometry": { "type": "Point", "coordinates": [ 145.0279343, -37.36045789 ] } },
{ "type": "Feature", "properties": { "name": "Wanganui", "premises": "Visy Community Centre" }, "geometry": { "type": "Point", "coordinates": [ 145.3914719, -36.35763415 ] } },
{ "type": "Feature", "properties": { "name": "Wangaratta West", "premises": "Wangaratta West Primary School" }, "geometry": { "type": "Point", "coordinates": [ 146.30498, -36.35354138 ] } },
{ "type": "Feature", "properties": { "name": "Wangoom", "premises": "Wangoom Memorial Hall" }, "geometry": { "type": "Point", "coordinates": [ 142.579079400000012, -38.32961773 ] } },
{ "type": "Feature", "properties": { "name": "Wantirna", "premises": "Wantirna Primary School" }, "geometry": { "type": "Point", "coordinates": [ 145.216399200000012, -37.85615306 ] } },
{ "type": "Feature", "properties": { "name": "Wantirna North", "premises": "Wantirna College" }, "geometry": { "type": "Point", "coordinates": [ 145.2291123, -37.85679407 ] } },
{ "type": "Feature", "properties": { "name": "Wantirna South", "premises": "Wantirna South Primary School" }, "geometry": { "type": "Point", "coordinates": [ 145.2374796, -37.87239825 ] } },
{ "type": "Feature", "properties": { "name": "Wantirna West", "premises": "St Luke's Primary School" }, "geometry": { "type": "Point", "coordinates": [ 145.234959800000013, -37.85305845 ] } },
{ "type": "Feature", "properties": { "name": "Warburton", "premises": "Warburton Primary School" }, "geometry": { "type": "Point", "coordinates": [ 145.7015519, -37.7560884 ] } },
{ "type": "Feature", "properties": { "name": "Warburton East", "premises": "Millwarra Primary School - Warburton East Campus" }, "geometry": { "type": "Point", "coordinates": [ 145.7357308, -37.74244998 ] } },
{ "type": "Feature", "properties": { "name": "Warracknabeal", "premises": "Warracknabeal Scout and Band Hall" }, "geometry": { "type": "Point", "coordinates": [ 142.396643399999988, -36.25021211 ] } },
{ "type": "Feature", "properties": { "name": "Warragul", "premises": "Warragul Primary School - Senior Campus" }, "geometry": { "type": "Point", "coordinates": [ 145.927624900000012, -38.15741159 ] } },
{ "type": "Feature", "properties": { "name": "Warragul East", "premises": "Warragul Uniting Church" }, "geometry": { "type": "Point", "coordinates": [ 145.944037400000013, -38.15368073 ] } },
{ "type": "Feature", "properties": { "name": "Warragul North", "premises": "Warragul North Primary School" }, "geometry": { "type": "Point", "coordinates": [ 145.9401016, -38.14752361 ] } },
{ "type": "Feature", "properties": { "name": "Warrandyte", "premises": "Warrandyte Primary School" }, "geometry": { "type": "Point", "coordinates": [ 145.21383560000001, -37.7425756 ] } },
{ "type": "Feature", "properties": { "name": "Warrandyte South", "premises": "Warrandyte South Hall" }, "geometry": { "type": "Point", "coordinates": [ 145.2343002, -37.76871954 ] } },
{ "type": "Feature", "properties": { "name": "Warranwood", "premises": "Warranwood Primary School" }, "geometry": { "type": "Point", "coordinates": [ 145.247125899999986, -37.77424956 ] } },
{ "type": "Feature", "properties": { "name": "Warrawong", "premises": "Blackburn English Language School - Whitehorse Campus" }, "geometry": { "type": "Point", "coordinates": [ 145.1481111, -37.84863538 ] } },
{ "type": "Feature", "properties": { "name": "Warrenheip", "premises": "Warrenheip Primary School" }, "geometry": { "type": "Point", "coordinates": [ 143.9273911, -37.57409424 ] } },
{ "type": "Feature", "properties": { "name": "Warrion", "premises": "Warrion Public Hall" }, "geometry": { "type": "Point", "coordinates": [ 143.5721263, -38.2221758 ] } },
{ "type": "Feature", "properties": { "name": "Warrnambool", "premises": "Warrnambool Temperance Hall" }, "geometry": { "type": "Point", "coordinates": [ 142.4808624, -38.38250752 ] } },
{ "type": "Feature", "properties": { "name": "Warrnambool - Tower Square", "premises": "Our Lady Help of Christians Primary School" }, "geometry": { "type": "Point", "coordinates": [ 142.521273799999989, -38.38534103 ] } },
{ "type": "Feature", "properties": { "name": "Warrnambool Central", "premises": "Uniting Church Hall" }, "geometry": { "type": "Point", "coordinates": [ 142.4844391, -38.38470077 ] } },
{ "type": "Feature", "properties": { "name": "Warrnambool East", "premises": "Warrnambool East Primary School" }, "geometry": { "type": "Point", "coordinates": [ 142.4975048, -38.38944491 ] } },
{ "type": "Feature", "properties": { "name": "Warrnambool Education Centre", "premises": "Warrnambool College - Wave Campus" }, "geometry": { "type": "Point", "coordinates": [ 142.4725831, -38.3748465 ] } },
{ "type": "Feature", "properties": { "name": "Warrnambool North", "premises": "St Joseph's Primary School" }, "geometry": { "type": "Point", "coordinates": [ 142.4857887, -38.37293708 ] } },
{ "type": "Feature", "properties": { "name": "Warrnambool South West", "premises": "Harris Street Reserve Pavilion" }, "geometry": { "type": "Point", "coordinates": [ 142.470456500000012, -38.38468416 ] } },
{ "type": "Feature", "properties": { "name": "Warrnambool West", "premises": "Brauer College" }, "geometry": { "type": "Point", "coordinates": [ 142.460160699999989, -38.35960399 ] } },
{ "type": "Feature", "properties": { "name": "Waterfall Gully", "premises": "Bayview Church" }, "geometry": { "type": "Point", "coordinates": [ 144.907844399999988, -38.3735401 ] } },
{ "type": "Feature", "properties": { "name": "Watsonia", "premises": "Greensborough College" }, "geometry": { "type": "Point", "coordinates": [ 145.0902944, -37.71053703 ] } },
{ "type": "Feature", "properties": { "name": "Watsonia Central", "premises": "Watsonia Primary School" }, "geometry": { "type": "Point", "coordinates": [ 145.0862195, -37.70763153 ] } },
{ "type": "Feature", "properties": { "name": "Watsonia Heights", "premises": "Watsonia Heights Primary School" }, "geometry": { "type": "Point", "coordinates": [ 145.10089880000001, -37.71597482 ] } },
{ "type": "Feature", "properties": { "name": "Watsonia North", "premises": "Watsonia North Primary School" }, "geometry": { "type": "Point", "coordinates": [ 145.0804229, -37.70018577 ] } },
{ "type": "Feature", "properties": { "name": "Watsonia South", "premises": "Watsonia Community Centre" }, "geometry": { "type": "Point", "coordinates": [ 145.0788064, -37.71201419 ] } },
{ "type": "Feature", "properties": { "name": "Wattle Glen", "premises": "Wattle Glen Primary School" }, "geometry": { "type": "Point", "coordinates": [ 145.18309210000001, -37.66879512 ] } },
{ "type": "Feature", "properties": { "name": "Wattle Park", "premises": "9th Box Hill Scout Hall" }, "geometry": { "type": "Point", "coordinates": [ 145.119990800000011, -37.83889624 ] } },
{ "type": "Feature", "properties": { "name": "Waubra", "premises": "Waubra Primary School" }, "geometry": { "type": "Point", "coordinates": [ 143.6342572, -37.3539417 ] } },
{ "type": "Feature", "properties": { "name": "Waurn Ponds", "premises": "Christian College Geelong" }, "geometry": { "type": "Point", "coordinates": [ 144.310410100000013, -38.18584085 ] } },
{ "type": "Feature", "properties": { "name": "Waverley Meadows", "premises": "Waverley Meadows Primary School" }, "geometry": { "type": "Point", "coordinates": [ 145.1844261, -37.91454893 ] } },
{ "type": "Feature", "properties": { "name": "Waverley Park", "premises": "Carwatha College" }, "geometry": { "type": "Point", "coordinates": [ 145.1885648, -37.94307828 ] } },
{ "type": "Feature", "properties": { "name": "Wedderburn", "premises": "Wedderburn Senior Citizens Centre" }, "geometry": { "type": "Point", "coordinates": [ 143.614665300000013, -36.41980568 ] } },
{ "type": "Feature", "properties": { "name": "Weeden Heights", "premises": "Holy Saviour Primary School" }, "geometry": { "type": "Point", "coordinates": [ 145.175579699999986, -37.86106875 ] } },
{ "type": "Feature", "properties": { "name": "Weeroona", "premises": "Weeroona College" }, "geometry": { "type": "Point", "coordinates": [ 144.2965302, -36.73905773 ] } },
{ "type": "Feature", "properties": { "name": "Welshpool", "premises": "Welshpool Memorial Hall" }, "geometry": { "type": "Point", "coordinates": [ 146.440197, -38.66483008 ] } },
{ "type": "Feature", "properties": { "name": "Wemen", "premises": "Wemen Public Hall" }, "geometry": { "type": "Point", "coordinates": [ 142.6437233, -34.7771953 ] } },
{ "type": "Feature", "properties": { "name": "Wendouree", "premises": "Ballarat and Queens Grammar" }, "geometry": { "type": "Point", "coordinates": [ 143.8315585, -37.53791597 ] } },
{ "type": "Feature", "properties": { "name": "Wendouree East", "premises": "Selkirk Stadium" }, "geometry": { "type": "Point", "coordinates": [ 143.843277199999989, -37.53537978 ] } },
{ "type": "Feature", "properties": { "name": "Wendouree North", "premises": "Mount Rowan Secondary College" }, "geometry": { "type": "Point", "coordinates": [ 143.835215799999986, -37.51921226 ] } },
{ "type": "Feature", "properties": { "name": "Wendouree West", "premises": "Yuille Park Community College" }, "geometry": { "type": "Point", "coordinates": [ 143.819331, -37.52791211 ] } },
{ "type": "Feature", "properties": { "name": "Werribee", "premises": "Werribee Secondary College" }, "geometry": { "type": "Point", "coordinates": [ 144.6694391, -37.90577071 ] } },
{ "type": "Feature", "properties": { "name": "Werribee Central", "premises": "Werribee Primary School" }, "geometry": { "type": "Point", "coordinates": [ 144.6594481, -37.90650637 ] } },
{ "type": "Feature", "properties": { "name": "Werribee South", "premises": "Diggers Road Soldiers Memorial Hall" }, "geometry": { "type": "Point", "coordinates": [ 144.688287, -37.95221707 ] } },
{ "type": "Feature", "properties": { "name": "Wesburn", "premises": "Wesburn Primary School" }, "geometry": { "type": "Point", "coordinates": [ 145.6466273, -37.76894185 ] } },
{ "type": "Feature", "properties": { "name": "West End", "premises": "Wangaratta High School" }, "geometry": { "type": "Point", "coordinates": [ 146.309799, -36.34383926 ] } },
{ "type": "Feature", "properties": { "name": "West Footscray", "premises": "Footscray West Primary School" }, "geometry": { "type": "Point", "coordinates": [ 144.8752575, -37.79459484 ] } },
{ "type": "Feature", "properties": { "name": "Westall", "premises": "Westall Secondary College" }, "geometry": { "type": "Point", "coordinates": [ 145.1358285, -37.94005229 ] } },
{ "type": "Feature", "properties": { "name": "Westgarth", "premises": "All Saints Parish Hall" }, "geometry": { "type": "Point", "coordinates": [ 144.9965611, -37.78348783 ] } },
{ "type": "Feature", "properties": { "name": "Westgrove", "premises": "Westgrove Primary School" }, "geometry": { "type": "Point", "coordinates": [ 144.659571, -37.8784767 ] } },
{ "type": "Feature", "properties": { "name": "Westgrove", "premises": "Westgrove Primary School" }, "geometry": { "type": "Point", "coordinates": [ 144.659571, -37.8784767 ] } },
{ "type": "Feature", "properties": { "name": "Westmeadows", "premises": "Westmeadows Primary School" }, "geometry": { "type": "Point", "coordinates": [ 144.895489199999986, -37.67574711 ] } },
{ "type": "Feature", "properties": { "name": "Westmeadows", "premises": "Westmeadows Primary School" }, "geometry": { "type": "Point", "coordinates": [ 144.895489199999986, -37.67574711 ] } },
{ "type": "Feature", "properties": { "name": "Westmeadows", "premises": "Westmeadows Primary School" }, "geometry": { "type": "Point", "coordinates": [ 144.895489199999986, -37.67574711 ] } },
{ "type": "Feature", "properties": { "name": "Westpark", "premises": "Wallaroo Primary School" }, "geometry": { "type": "Point", "coordinates": [ 145.1737733, -38.29808534 ] } },
{ "type": "Feature", "properties": { "name": "Wheelers Hill", "premises": "Wheelers Hill Primary School" }, "geometry": { "type": "Point", "coordinates": [ 145.1775537, -37.90009033 ] } },
{ "type": "Feature", "properties": { "name": "Wheelers Hill South", "premises": "St Justin's Primary School" }, "geometry": { "type": "Point", "coordinates": [ 145.189555500000012, -37.9174368 ] } },
{ "type": "Feature", "properties": { "name": "White Hills", "premises": "Holy Rosary Parish Centre (Ted Harte Centre)" }, "geometry": { "type": "Point", "coordinates": [ 144.3097859, -36.72635689 ] } },
{ "type": "Feature", "properties": { "name": "Whitfield", "premises": "Whitfield Primary School" }, "geometry": { "type": "Point", "coordinates": [ 146.4127494, -36.76538594 ] } },
{ "type": "Feature", "properties": { "name": "Whittington", "premises": "Bellarine Living and Learning Centre" }, "geometry": { "type": "Point", "coordinates": [ 144.3946408, -38.17841301 ] } },
{ "type": "Feature", "properties": { "name": "Whittington South", "premises": "St Paul's Anglican Church Hall" }, "geometry": { "type": "Point", "coordinates": [ 144.389631900000012, -38.18073511 ] } },
{ "type": "Feature", "properties": { "name": "Whittlesea", "premises": "Whittlesea Secondary College" }, "geometry": { "type": "Point", "coordinates": [ 145.12108090000001, -37.5149655 ] } },
{ "type": "Feature", "properties": { "name": "Whorouly", "premises": "Whorouly Primary School" }, "geometry": { "type": "Point", "coordinates": [ 146.586279499999989, -36.50580348 ] } },
{ "type": "Feature", "properties": { "name": "Willaura", "premises": "Willaura Memorial Hall" }, "geometry": { "type": "Point", "coordinates": [ 142.74241760000001, -37.54466091 ] } },
{ "type": "Feature", "properties": { "name": "Williamstown", "premises": "Williamstown Town Hall" }, "geometry": { "type": "Point", "coordinates": [ 144.8958523, -37.85853635 ] } },
{ "type": "Feature", "properties": { "name": "Williamstown South", "premises": "Williamstown Primary School" }, "geometry": { "type": "Point", "coordinates": [ 144.8994983, -37.86432297 ] } },
{ "type": "Feature", "properties": { "name": "Williamstown West", "premises": "Bayside Secondary College - Williamstown Campus" }, "geometry": { "type": "Point", "coordinates": [ 144.8844164, -37.85752502 ] } },
{ "type": "Feature", "properties": { "name": "Willison", "premises": "St Dunstan's Anglican Church Hall" }, "geometry": { "type": "Point", "coordinates": [ 145.079816, -37.84245124 ] } },
{ "type": "Feature", "properties": { "name": "Willow Grove", "premises": "Willow Grove Community Centre" }, "geometry": { "type": "Point", "coordinates": [ 146.179424, -38.07310535 ] } },
{ "type": "Feature", "properties": { "name": "Wilmot Road", "premises": "Wilmot Road Primary School" }, "geometry": { "type": "Point", "coordinates": [ 145.406167399999987, -36.39833723 ] } },
{ "type": "Feature", "properties": { "name": "Winchelsea", "premises": "Winchelsea Senior Citizens Centre" }, "geometry": { "type": "Point", "coordinates": [ 143.9926927, -38.24086358 ] } },
{ "type": "Feature", "properties": { "name": "Winchelsea South", "premises": "Wurdale Hall" }, "geometry": { "type": "Point", "coordinates": [ 144.01223, -38.31444 ] } },
{ "type": "Feature", "properties": { "name": "Windsor", "premises": "St Mary's Parish Hall" }, "geometry": { "type": "Point", "coordinates": [ 144.9971926, -37.85891156 ] } },
{ "type": "Feature", "properties": { "name": "Winters Flat", "premises": "Winters Flat Primary School" }, "geometry": { "type": "Point", "coordinates": [ 144.2079494, -37.07011914 ] } },
{ "type": "Feature", "properties": { "name": "Wiridjil", "premises": "Wiridjil Hall" }, "geometry": { "type": "Point", "coordinates": [ 143.15176360000001, -38.62209199 ] } },
{ "type": "Feature", "properties": { "name": "Wodonga", "premises": "Saint Augustine's Catholic Primary School" }, "geometry": { "type": "Point", "coordinates": [ 146.8889734, -36.11700161 ] } },
{ "type": "Feature", "properties": { "name": "Wodonga Birallee", "premises": "Melrose Primary School" }, "geometry": { "type": "Point", "coordinates": [ 146.8605327, -36.13114939 ] } },
{ "type": "Feature", "properties": { "name": "Wodonga Central", "premises": "Wodonga Senior Secondary College" }, "geometry": { "type": "Point", "coordinates": [ 146.8810201, -36.12701772 ] } },
{ "type": "Feature", "properties": { "name": "Wodonga South", "premises": "Wodonga Middle Years College - Huon Campus" }, "geometry": { "type": "Point", "coordinates": [ 146.8903968, -36.130798 ] } },
{ "type": "Feature", "properties": { "name": "Wollert South West", "premises": "Edgars Creek Primary School" }, "geometry": { "type": "Point", "coordinates": [ 145.0039519, -37.60931137 ] } },
{ "type": "Feature", "properties": { "name": "Won Wron", "premises": "Won Wron Public Hall" }, "geometry": { "type": "Point", "coordinates": [ 146.717776500000014, -38.4732152 ] } },
{ "type": "Feature", "properties": { "name": "Wonga Park", "premises": "Wonga Park Primary School" }, "geometry": { "type": "Point", "coordinates": [ 145.2740914, -37.73064929 ] } },
{ "type": "Feature", "properties": { "name": "Wonthaggi", "premises": "Bass Coast College - McKenzie Campus" }, "geometry": { "type": "Point", "coordinates": [ 145.5978786, -38.61086591 ] } },
{ "type": "Feature", "properties": { "name": "Wonthaggi North", "premises": "Wonthaggi North Primary School" }, "geometry": { "type": "Point", "coordinates": [ 145.5999653, -38.59802008 ] } },
{ "type": "Feature", "properties": { "name": "Woodend", "premises": "Buffalo Sports Stadium" }, "geometry": { "type": "Point", "coordinates": [ 144.5208154, -37.35363102 ] } },
{ "type": "Feature", "properties": { "name": "Woodford", "premises": "Woodford Primary School" }, "geometry": { "type": "Point", "coordinates": [ 142.4845397, -38.31683737 ] } },
{ "type": "Feature", "properties": { "name": "Woodlands", "premises": "Woodlands Primary School" }, "geometry": { "type": "Point", "coordinates": [ 145.2031024, -38.13576808 ] } },
{ "type": "Feature", "properties": { "name": "Woodside", "premises": "Woodside Public Hall" }, "geometry": { "type": "Point", "coordinates": [ 146.8768344, -38.52730394 ] } },
{ "type": "Feature", "properties": { "name": "Woodvale", "premises": "Woodvale Hall" }, "geometry": { "type": "Point", "coordinates": [ 144.212449600000014, -36.65508814 ] } },
{ "type": "Feature", "properties": { "name": "Woodville", "premises": "Warringa Park School - Warringa Crescent Campus" }, "geometry": { "type": "Point", "coordinates": [ 144.6876636, -37.8838445 ] } },
{ "type": "Feature", "properties": { "name": "Woodville", "premises": "Warringa Park School - Warringa Crescent Campus" }, "geometry": { "type": "Point", "coordinates": [ 144.6876636, -37.8838445 ] } },
{ "type": "Feature", "properties": { "name": "Woolsthorpe", "premises": "Woolsthorpe Primary School" }, "geometry": { "type": "Point", "coordinates": [ 142.4314865, -38.18725055 ] } },
{ "type": "Feature", "properties": { "name": "Woomelang", "premises": "Woomelang Memorial Hall" }, "geometry": { "type": "Point", "coordinates": [ 142.665808700000014, -35.68079223 ] } },
{ "type": "Feature", "properties": { "name": "Wooragee", "premises": "Wooragee Centenary Hall" }, "geometry": { "type": "Point", "coordinates": [ 146.729889, -36.2906737 ] } },
{ "type": "Feature", "properties": { "name": "Wooranna Park", "premises": "Wooranna Park Primary School" }, "geometry": { "type": "Point", "coordinates": [ 145.2179435, -37.95959923 ] } },
{ "type": "Feature", "properties": { "name": "Woori Yallock", "premises": "Woori Yallock Primary School" }, "geometry": { "type": "Point", "coordinates": [ 145.53275, -37.77731 ] } },
{ "type": "Feature", "properties": { "name": "Woorinen", "premises": "Woorinen District Primary School" }, "geometry": { "type": "Point", "coordinates": [ 143.4539368, -35.29036955 ] } },
{ "type": "Feature", "properties": { "name": "Wunghnu", "premises": "Wunghnu Primary School" }, "geometry": { "type": "Point", "coordinates": [ 145.430998100000011, -36.1503864 ] } },
{ "type": "Feature", "properties": { "name": "Wurruk", "premises": "Wurruk Primary School" }, "geometry": { "type": "Point", "coordinates": [ 147.039931, -38.10684634 ] } },
{ "type": "Feature", "properties": { "name": "Wycheproof", "premises": "Wycheproof Shire Hall" }, "geometry": { "type": "Point", "coordinates": [ 143.2249665, -36.07521212 ] } },
{ "type": "Feature", "properties": { "name": "Wyuna", "premises": "Wyuna Memorial Hall" }, "geometry": { "type": "Point", "coordinates": [ 145.060729, -36.1973675 ] } },
{ "type": "Feature", "properties": { "name": "Yackandandah", "premises": "Yackandandah Senior Citizens Centre" }, "geometry": { "type": "Point", "coordinates": [ 146.837991499999987, -36.31366253 ] } },
{ "type": "Feature", "properties": { "name": "Yallourn North", "premises": "Yallourn North Primary School" }, "geometry": { "type": "Point", "coordinates": [ 146.3621383, -38.16313835 ] } },
{ "type": "Feature", "properties": { "name": "Yambuk", "premises": "Yambuk Public Hall" }, "geometry": { "type": "Point", "coordinates": [ 142.067304799999988, -38.31636199 ] } },
{ "type": "Feature", "properties": { "name": "Yanakie", "premises": "Yanakie Public Hall" }, "geometry": { "type": "Point", "coordinates": [ 146.205204900000012, -38.81152645 ] } },
{ "type": "Feature", "properties": { "name": "Yandoit", "premises": "Yandoit Primary School" }, "geometry": { "type": "Point", "coordinates": [ 144.088629700000013, -37.21411804 ] } },
{ "type": "Feature", "properties": { "name": "Yarck", "premises": "Yarck Community Hall" }, "geometry": { "type": "Point", "coordinates": [ 145.6162717, -37.10215904 ] } },
{ "type": "Feature", "properties": { "name": "Yarra Glen", "premises": "Yarra Glen Primary School" }, "geometry": { "type": "Point", "coordinates": [ 145.372583100000014, -37.64987274 ] } },
{ "type": "Feature", "properties": { "name": "Yarra Junction", "premises": "Yarraburn Centre" }, "geometry": { "type": "Point", "coordinates": [ 145.613499600000011, -37.78083289 ] } },
{ "type": "Feature", "properties": { "name": "Yarra Road", "premises": "Yarra Road Primary School" }, "geometry": { "type": "Point", "coordinates": [ 145.2722114, -37.76635763 ] } },
{ "type": "Feature", "properties": { "name": "Yarragon", "premises": "Yarragon Public Hall" }, "geometry": { "type": "Point", "coordinates": [ 146.0641156, -38.20513121 ] } },
{ "type": "Feature", "properties": { "name": "Yarram", "premises": "Yarram Guide and Scout Hall" }, "geometry": { "type": "Point", "coordinates": [ 146.6773728, -38.55616925 ] } },
{ "type": "Feature", "properties": { "name": "Yarraman Oaks", "premises": "Yarraman Oaks Primary School" }, "geometry": { "type": "Point", "coordinates": [ 145.1913678, -37.97046303 ] } },
{ "type": "Feature", "properties": { "name": "Yarrambat", "premises": "Yarrambat Primary School" }, "geometry": { "type": "Point", "coordinates": [ 145.1334048, -37.6396208 ] } },
{ "type": "Feature", "properties": { "name": "Yarraville", "premises": "Yarraville Community Centre" }, "geometry": { "type": "Point", "coordinates": [ 144.892999800000013, -37.82154465 ] } },
{ "type": "Feature", "properties": { "name": "Yarraville", "premises": "Yarraville Community Centre" }, "geometry": { "type": "Point", "coordinates": [ 144.892999800000013, -37.82154465 ] } },
{ "type": "Feature", "properties": { "name": "Yarraville Central", "premises": "Yarraville Senior Citizens Centre" }, "geometry": { "type": "Point", "coordinates": [ 144.8872192, -37.81696609 ] } },
{ "type": "Feature", "properties": { "name": "Yarrawonga", "premises": "Yarrawonga Secondary College - ECA Centre" }, "geometry": { "type": "Point", "coordinates": [ 146.007804, -36.02195712 ] } },
{ "type": "Feature", "properties": { "name": "Yarrawonga Central", "premises": "Sacred Heart College" }, "geometry": { "type": "Point", "coordinates": [ 146.0098092, -36.01018562 ] } },
{ "type": "Feature", "properties": { "name": "Yarroweyah", "premises": "Yarroweyah Public Hall" }, "geometry": { "type": "Point", "coordinates": [ 145.5606651, -35.92534806 ] } },
{ "type": "Feature", "properties": { "name": "Yarrunga", "premises": "Our Lady's Primary School" }, "geometry": { "type": "Point", "coordinates": [ 146.3202569, -36.37199164 ] } },
{ "type": "Feature", "properties": { "name": "Yea", "premises": "Yea Shire Hall" }, "geometry": { "type": "Point", "coordinates": [ 145.4258371, -37.21135221 ] } },
{ "type": "Feature", "properties": { "name": "Yinnar", "premises": "Yinnar RSL Hall" }, "geometry": { "type": "Point", "coordinates": [ 146.329665799999987, -38.32043162 ] } },
{ "type": "Feature", "properties": { "name": "Yulong Park", "premises": "Concord Playgroup" }, "geometry": { "type": "Point", "coordinates": [ 145.062692199999987, -37.69787294 ] } }
]
}
